Country;"Sub ID 2";"Sub ID 4";"Sub ID 5";"Offer ID";Offer;OS;Clicks;"UC (campaign)";Conv.;Sales;Revenue
India;;;;363;"WWL Smartlink";GNU/Linux;6;6;0;0;0
India;;;;363;"WWL Smartlink";"OS X";2;2;0;0;0
India;;;;363;"WWL Smartlink";Windows;4;4;0;0;0
India;120234674416420622;967963594272118;"IN_58 [CrazyTime]";11085;"IN | Crorebet | Cricket Road | CPA | 10 USD | 300 INR | total | 40 | Android | ALL |  |  | KPI Yes | MbManada | Falcons";Android;5;0;1;0;0
India;120236861000780680;1080688293328849;"🇮🇳 IN_83 [TowerRush]";12832;"IN | LineBet | RegForm (Slot) | CPA | 25 USD | 95 INR | total | 50 | Android | ALL |  |  | KPI Yes | MbManada | Falcons";Android;2;1;0;0;0
India;120236991556250253;2818005378422035;IN_56_[CrazyTime];10507;"IN | LuckyStart | Reg Form | CPA | 18 USD | 300 INR | total | 50 | Android | ALL |  |  | KPI No | MbManada | | mbMadness";Android;2;0;0;0;0
India;120238005464440437;994546068364567;"IN_58 [CrazyTime]";10370;"IN | LuckyStart | Reg Form (Live) | CPA | 25 USD | 300 INR | total | 200 | Android | ALL |  |  | KPI No | All | All";Android;1;0;0;0;0
India;120238189309300687;4118817255055494;"🇸🇬 SG_4 [Olympus] [https://play-city-app.site]";12803;"IN | Kazmit | RegForm (fortune games) | CPA | 20 USD | 300 INR | total | 50 | Android | ALL |  |  | KPI Yes | MbManada | Falcons";Android;3;1;0;0;0
India;120238454771000093;1647776592516269;IN_58_[CrazyTime];10476;"IN | LuckyStart | Reg Form | CPA | 20 USD | 300 INR | total | 200 | Android | ALL |  |  | KPI No | MbManada | Falcons";Android;1;0;0;0;0
India;120238454771060093;1647776592516269;"IN_56 [CrazyTime]";12241;"IN | tez888 | RegForm | CPA | 30 USD | 500 INR | Android | ALL |  |  | KPI Yes | MbManada | Falcons";Android;1;1;0;0;0
India;120238523456760093;1647776592516269;"IN_56 [CrazyTime]";10476;"IN | LuckyStart | Reg Form | CPA | 20 USD | 300 INR | total | 200 | Android | ALL |  |  | KPI No | MbManada | Falcons";Android;2;0;0;0;0
India;120238616927130093;1647776592516269;IN_58_[CrazyTime];10497;"IN | LuckyStart | Reg Form | CPA | 15 USD | 300 INR | total | 100 | Android | ALL |  |  | KPI No | MbManada | Falcons";Android;1;0;0;0;0
India;120238616927360093;1647776592516269;IN_56_[CrazyTime];10476;"IN | LuckyStart | Reg Form | CPA | 20 USD | 300 INR | total | 200 | Android | ALL |  |  | KPI No | MbManada | Falcons";Android;1;0;1;0;0
India;120238616927820093;1647776592516269;"IN_58 [CrazyTime]";10476;"IN | LuckyStart | Reg Form | CPA | 20 USD | 300 INR | total | 200 | Android | ALL |  |  | KPI No | MbManada | Falcons";Android;1;1;0;0;0
India;120238708635260093;1647776592516269;IN_58_[CrazyTime];10501;"IN | LuckyStart | Reg Form | CPA | 17 USD | 300 INR | total | 100 | Android | ALL |  |  | KPI No | MbManada | | MbBulka";Android;1;0;0;0;0
India;120238708635600093;1647776592516269;"IN_57 [CrazyTime]";10501;"IN | LuckyStart | Reg Form | CPA | 17 USD | 300 INR | total | 100 | Android | ALL |  |  | KPI No | MbManada | | MbBulka";Android;6;1;0;0;0
India;120238708635740093;1647776592516269;"IN_57 [CrazyTime]";10501;"IN | LuckyStart | Reg Form | CPA | 17 USD | 300 INR | total | 100 | Android | ALL |  |  | KPI No | MbManada | | MbBulka";Android;5;1;0;0;0
India;120238708656470093;1647776592516269;IN_57_[CrazyTime];10501;"IN | LuckyStart | Reg Form | CPA | 17 USD | 300 INR | total | 100 | Android | ALL |  |  | KPI No | MbManada | | MbBulka";Android;2;1;0;0;0
India;120238708656510093;1647776592516269;"IN_56 [CrazyTime]";10500;"IN | LuckyStart | Reg Form | CPA | 17 USD | 300 INR | total | 100 | Android | ALL |  |  | KPI No | MbManada | Falcons";Android;4;2;0;0;0
India;120238708656590093;1647776592516269;"IN_57 [CrazyTime]";10500;"IN | LuckyStart | Reg Form | CPA | 17 USD | 300 INR | total | 100 | Android | ALL |  |  | KPI No | MbManada | Falcons";Android;19;3;0;0;0
India;120238708656590093;1647776592516269;IN_57_[CrazyTime];10500;"IN | LuckyStart | Reg Form | CPA | 17 USD | 300 INR | total | 100 | Android | ALL |  |  | KPI No | MbManada | Falcons";Android;3;1;0;0;0
India;120238709199490093;1647776592516269;"IN_56 [CrazyTime]";10500;"IN | LuckyStart | Reg Form | CPA | 17 USD | 300 INR | total | 100 | Android | ALL |  |  | KPI No | MbManada | Falcons";Android;2;0;0;0;0
India;120238709199490093;1647776592516269;"IN_57 [CrazyTime]";12241;"IN | tez888 | RegForm | CPA | 30 USD | 500 INR | Android | ALL |  |  | KPI Yes | MbManada | Falcons";Android;1;0;0;0;0
India;120238785149650093;1647776592516269;"IN_57 [CrazyTime]";10509;"IN | LuckyStart | Reg Form | CPA | 16 USD | 300 INR | total | 100 | Android | ALL |  |  | KPI No | MbManada | | mbShurup";Android;3;1;0;0;0
India;120238827148840093;1647776592516269;"IN_56 [CrazyTime]";12241;"IN | tez888 | RegForm | CPA | 30 USD | 500 INR | Android | ALL |  |  | KPI Yes | MbManada | Falcons";Android;1;1;0;0;0
India;120238827149680093;1647776592516269;"IN_56 [CrazyTime]";12241;"IN | tez888 | RegForm | CPA | 30 USD | 500 INR | Android | ALL |  |  | KPI Yes | MbManada | Falcons";Android;4;0;0;0;0
India;120238967877310093;1647776592516269;"IN_56 [CrazyTime]";10526;"IN | LuckyStart | Reg Form | CPA | 17 USD | 300 INR | total | 50 | Android | ALL |  |  | KPI No | MbManada";Android;4;1;0;0;0
India;120238967877670093;1647776592516269;IN_56_[CrazyTime];10497;"IN | LuckyStart | Reg Form | CPA | 15 USD | 300 INR | total | 100 | Android | ALL |  |  | KPI No | MbManada | Falcons";Android;1;0;0;0;0
India;120238969009540093;1647776592516269;IN_56_[CrazyTime];10497;"IN | LuckyStart | Reg Form | CPA | 15 USD | 300 INR | total | 100 | Android | ALL |  |  | KPI No | MbManada | Falcons";Android;1;0;0;0;0
India;120239049114280093;1647776592516269;IN_58_[CrazyTime];10523;"IN | LuckyStart | Reg Form | CPA | 17 USD | 300 INR | total | 50 | Android | ALL |  |  | KPI No | MbManada | | MbAnar";Android;1;0;0;0;0
India;120239049114500093;1647776592516269;IN_56_[CrazyTime];10533;"IN | LuckyStart | Reg Form | CPA | 15 USD | 300 INR | total | 200 | Android | ALL |  |  | KPI No | MbManada | Falcons";Android;2;1;0;0;0
India;120239049114520093;1647776592516269;IN_57_[CrazyTime];10533;"IN | LuckyStart | Reg Form | CPA | 15 USD | 300 INR | total | 200 | Android | ALL |  |  | KPI No | MbManada | Falcons";Android;2;0;0;0;0
India;120239049115140093;1647776592516269;"IN_56 [CrazyTime]";12241;"IN | tez888 | RegForm | CPA | 30 USD | 500 INR | Android | ALL |  |  | KPI Yes | MbManada | Falcons";Android;1;0;0;0;0
India;120239050258570093;1647776592516269;"IN_56 [CrazyTime]";10533;"IN | LuckyStart | Reg Form | CPA | 15 USD | 300 INR | total | 200 | Android | ALL |  |  | KPI No | MbManada | Falcons";Android;3;0;0;0;0
India;120239050258800093;1647776592516269;"IN_57 [CrazyTime]";12241;"IN | tez888 | RegForm | CPA | 30 USD | 500 INR | Android | ALL |  |  | KPI Yes | MbManada | Falcons";Android;2;0;0;0;0
India;120239122526120093;1647776592516269;"IN_57 [CrazyTime]";12241;"IN | tez888 | RegForm | CPA | 30 USD | 500 INR | Android | ALL |  |  | KPI Yes | MbManada | Falcons";Android;1;1;0;0;0
India;120239122526170093;1647776592516269;"IN_58 [CrazyTime]";10563;"IN | LuckyStart | Reg Form | CPA | 17 USD | 300 INR | total | 50 | Android | ALL |  |  | KPI No | MbManada | | Ananke666";Android;4;0;0;0;0
India;120239122904490093;1647776592516269;"IN_57 [CrazyTime]";10511;"IN | LuckyStart | Reg Form | CPA | 15 USD | 300 INR | total | 100 | Android | ALL |  |  | KPI No | MbManada | | MbChinazes";Android;1;0;0;0;0
India;120239191234630093;1647776592516269;"IN_57 [CrazyTime]";10536;"IN | LuckyStart | Reg Form | CPA | 17 USD | 300 INR | total | 100 | Android | ALL |  |  | KPI No | MbManada | | MbKarma";Android;71;4;0;0;0
India;120239191364250093;1647776592516269;"IN_56 [CrazyTime]";10563;"IN | LuckyStart | Reg Form | CPA | 17 USD | 300 INR | total | 50 | Android | ALL |  |  | KPI No | MbManada | | Ananke666";Android;1;0;0;0;0
India;120239191364420093;1647776592516269;"IN_56 [CrazyTime]";10511;"IN | LuckyStart | Reg Form | CPA | 15 USD | 300 INR | total | 100 | Android | ALL |  |  | KPI No | MbManada | | MbChinazes";Android;31;2;0;0;0
India;120239191364840093;1647776592516269;IN_57_[CrazyTime];10536;"IN | LuckyStart | Reg Form | CPA | 17 USD | 300 INR | total | 100 | Android | ALL |  |  | KPI No | MbManada | | MbKarma";Android;3;2;0;0;0
India;120239263152310093;1647776592516269;IN_58_[CrazyTime];10566;"IN | LuckyStart | Reg Form | CPA | 15 USD | 300 INR | total | 100 | Android | ALL |  |  | KPI Yes | MbManada | | Darren";Android;2;1;0;0;0
India;120239264243810093;1647776592516269;"IN_56 [CrazyTime]";10566;"IN | LuckyStart | Reg Form | CPA | 15 USD | 300 INR | total | 100 | Android | ALL |  |  | KPI Yes | MbManada | | Darren";Android;1;0;0;0;0
India;120239264243850093;1647776592516269;"IN_56 [CrazyTime]";10566;"IN | LuckyStart | Reg Form | CPA | 15 USD | 300 INR | total | 100 | Android | ALL |  |  | KPI Yes | MbManada | | Darren";Android;2;1;0;0;0
India;120239265221870093;1647776592516269;IN_56_[CrazyTime];12241;"IN | tez888 | RegForm | CPA | 30 USD | 500 INR | Android | ALL |  |  | KPI Yes | MbManada | Falcons";Android;1;1;0;0;0
India;120239265221880093;1647776592516269;IN_57_[CrazyTime];10567;"IN | LuckyStart | Reg Form | CPA | 18 USD | 300 INR | total | 50 | Android | ALL |  |  | KPI Yes | MbManada | | Zub";Android;1;0;1;0;0
India;120239304695960093;1647776592516269;IN_58_[CrazyTime];10568;"IN | LuckyStart | Reg Form | CPA | 17 USD | 300 INR | total | 50 | Android | ALL |  |  | KPI Yes | MbManada | | Ananke666";Android;1;0;0;0;0
India;120239371595250093;1647776592516269;"IN_57 [CrazyTime]";10524;"IN | LuckyStart | Reg Form | CPA | 15 USD | 300 INR | total | 200 | Android | ALL |  |  | KPI No | MbManada | | MbDark";Android;1;1;0;0;0
India;120239452279220093;1647776592516269;"IN_57 [CrazyTime]";10524;"IN | LuckyStart | Reg Form | CPA | 15 USD | 300 INR | total | 200 | Android | ALL |  |  | KPI No | MbManada | | MbDark";Android;1;1;0;0;0
India;120239452530750093;1647776592516269;"IN_57 [CrazyTime]";10524;"IN | LuckyStart | Reg Form | CPA | 15 USD | 300 INR | total | 200 | Android | ALL |  |  | KPI No | MbManada | | MbDark";Android;1;0;0;0;0
India;120239452890440093;1647776592516269;"IN_58 [CrazyTime]";10524;"IN | LuckyStart | Reg Form | CPA | 15 USD | 300 INR | total | 200 | Android | ALL |  |  | KPI No | MbManada | | MbDark";Android;2;0;0;0;0
India;120239520086030093;1647776592516269;"IN_57 [CrazyTime]";10510;"IN | LuckyStart | Reg Form | CPA | 15 USD | 300 INR | total | 100 | Android | ALL |  |  | KPI No | MbManada | | MbOyola";Android;1;0;0;0;0
India;120239797655430781;1715012282711236;"🇸🇬 SG_3 [Olympus]";10800;"SG | Longfu88 | Reg Form (slot) | CPA | 195 EUR | 15 SGD | total | 170 | Android | ALL | | | KPI Yes | MbManada | Falcons";Android;3;0;0;0;0
India;120242913263530485;1545494207005501;🇸🇬_SG_51_[WealthEastMoney];12240;"SG | Longfu88 | RegForm  (Slot) | CPA | 200 EUR | 10 EUR | daily | 50 | Android | ALL |  |  | KPI Yes | MbManada | Falcons";Android;2;1;0;0;0
India;120246208615180106;1641083631350576;🇮🇳_IN_93_[FortuneGems];12751;"IN | LuckyStar | Fortune Gems | CPA | 25 USD | 300 INR | total | 50 | Android | ALL |  |  | KPI Yes | MbManada | Falcons";Android;6;1;0;0;0
India;120246208615200106;1641083631350576;🇮🇳_IN_92_[FortuneGems];12750;"IN | LuckyStar | RegForm | CPA | 25 USD | 300 INR | total | 50 | Android | ALL |  |  | KPI Yes | MbManada | Falcons";iOS;1;1;0;0;0
India;120246208615230106;1641083631350576;🇮🇳_IN_93_[FortuneGems];12750;"IN | LuckyStar | RegForm | CPA | 25 USD | 300 INR | total | 50 | Android | ALL |  |  | KPI Yes | MbManada | Falcons";Android;6;1;1;0;0
India;120246208615240106;1641083631350576;🇮🇳_IN_92_[FortuneGems];12751;"IN | LuckyStar | Fortune Gems | CPA | 25 USD | 300 INR | total | 50 | Android | ALL |  |  | KPI Yes | MbManada | Falcons";Android;9;1;0;0;0
India;120246208615380106;1641083631350576;🇮🇳_IN_92_[FortuneGems];12750;"IN | LuckyStar | RegForm | CPA | 25 USD | 300 INR | total | 50 | Android | ALL |  |  | KPI Yes | MbManada | Falcons";Android;3;1;1;0;0
India;120246208615390106;1641083631350576;🇮🇳_IN_92_[FortuneGems];12750;"IN | LuckyStar | RegForm | CPA | 25 USD | 300 INR | total | 50 | Android | ALL |  |  | KPI Yes | MbManada | Falcons";Android;32;10;3;2;50
India;120246208615390106;1641083631350576;🇮🇳_IN_92_[FortuneGems];12751;"IN | LuckyStar | Fortune Gems | CPA | 25 USD | 300 INR | total | 50 | Android | ALL |  |  | KPI Yes | MbManada | Falcons";Android;3;1;1;1;25
India;120246208615460106;1641083631350576;🇮🇳_IN_92_[FortuneGems];12750;"IN | LuckyStar | RegForm | CPA | 25 USD | 300 INR | total | 50 | Android | ALL |  |  | KPI Yes | MbManada | Falcons";Android;35;2;1;1;25
India;120246232813300106;1641083631350576;🇮🇳_IN_92_[FortuneGems];12751;"IN | LuckyStar | Fortune Gems | CPA | 25 USD | 300 INR | total | 50 | Android | ALL |  |  | KPI Yes | MbManada | Falcons";Android;1;1;1;0;0
India;120246232813340106;1641083631350576;🇮🇳_IN_92_[FortuneGems];11084;"IN | Crorebet | RegForm (Teen Patti Module) | CPA | 27 USD | 300 INR | total | 40 | Android | ALL |  |  | KPI Yes | MbManada | Falcons";Android;1;0;0;0;0
India;120246232813340106;1641083631350576;🇮🇳_IN_92_[FortuneGems];12750;"IN | LuckyStar | RegForm | CPA | 25 USD | 300 INR | total | 50 | Android | ALL |  |  | KPI Yes | MbManada | Falcons";Android;2;1;0;0;0
India;120246232813340106;1641083631350576;🇮🇳_IN_92_[FortuneGems];12750;"IN | LuckyStar | RegForm | CPA | 25 USD | 300 INR | total | 50 | Android | ALL |  |  | KPI Yes | MbManada | Falcons";iOS;1;1;1;0;0
India;120246232813350106;1641083631350576;🇮🇳_IN_92_[FortuneGems];12750;"IN | LuckyStar | RegForm | CPA | 25 USD | 300 INR | total | 50 | Android | ALL |  |  | KPI Yes | MbManada | Falcons";Android;23;3;1;1;25
India;120246232813350106;1641083631350576;🇮🇳_IN_92_[FortuneGems];12751;"IN | LuckyStar | Fortune Gems | CPA | 25 USD | 300 INR | total | 50 | Android | ALL |  |  | KPI Yes | MbManada | Falcons";Android;3;1;1;0;0
India;120246232813360106;1641083631350576;🇮🇳_IN_92_[FortuneGems];12750;"IN | LuckyStar | RegForm | CPA | 25 USD | 300 INR | total | 50 | Android | ALL |  |  | KPI Yes | MbManada | Falcons";Android;13;4;1;0;0
India;120246232813360106;1641083631350576;🇮🇳_IN_92_[FortuneGems];12750;"IN | LuckyStar | RegForm | CPA | 25 USD | 300 INR | total | 50 | Android | ALL |  |  | KPI Yes | MbManada | Falcons";iOS;3;2;0;0;0
India;120246232813400106;1641083631350576;🇮🇳_IN_92_[FortuneGems];12750;"IN | LuckyStar | RegForm | CPA | 25 USD | 300 INR | total | 50 | Android | ALL |  |  | KPI Yes | MbManada | Falcons";Android;75;26;7;1;25
India;120246232813400106;1641083631350576;🇮🇳_IN_92_[FortuneGems];12750;"IN | LuckyStar | RegForm | CPA | 25 USD | 300 INR | total | 50 | Android | ALL |  |  | KPI Yes | MbManada | Falcons";iOS;2;1;1;1;25
India;120246232813400106;1641083631350576;🇮🇳_IN_92_[FortuneGems];12751;"IN | LuckyStar | Fortune Gems | CPA | 25 USD | 300 INR | total | 50 | Android | ALL |  |  | KPI Yes | MbManada | Falcons";Android;7;3;1;0;0
India;120246232813420106;1641083631350576;🇮🇳_IN_92_[FortuneGems];12750;"IN | LuckyStar | RegForm | CPA | 25 USD | 300 INR | total | 50 | Android | ALL |  |  | KPI Yes | MbManada | Falcons";iOS;3;1;1;0;0
India;120246244620160106;1641083631350576;🇮🇳_IN_92_[FortuneGems];12750;"IN | LuckyStar | RegForm | CPA | 25 USD | 300 INR | total | 50 | Android | ALL |  |  | KPI Yes | MbManada | Falcons";Android;3;3;1;0;0
India;120246244620410106;1641083631350576;🇮🇳_IN_92_[FortuneGems];12750;"IN | LuckyStar | RegForm | CPA | 25 USD | 300 INR | total | 50 | Android | ALL |  |  | KPI Yes | MbManada | Falcons";Android;4;3;0;0;0
India;120246244620670106;1641083631350576;🇮🇳_IN_92_[FortuneGems];12750;"IN | LuckyStar | RegForm | CPA | 25 USD | 300 INR | total | 50 | Android | ALL |  |  | KPI Yes | MbManada | Falcons";Android;15;3;2;0;0
India;120246244620680106;1641083631350576;🇮🇳_IN_92_[FortuneGems];12750;"IN | LuckyStar | RegForm | CPA | 25 USD | 300 INR | total | 50 | Android | ALL |  |  | KPI Yes | MbManada | Falcons";Android;26;5;1;0;0
India;120246244620690106;1641083631350576;🇮🇳_IN_92_[FortuneGems];12750;"IN | LuckyStar | RegForm | CPA | 25 USD | 300 INR | total | 50 | Android | ALL |  |  | KPI Yes | MbManada | Falcons";Android;8;2;2;0;0
India;120246244620710106;1641083631350576;🇮🇳_IN_92_[FortuneGems];12750;"IN | LuckyStar | RegForm | CPA | 25 USD | 300 INR | total | 50 | Android | ALL |  |  | KPI Yes | MbManada | Falcons";Android;2;1;0;0;0
India;120246244620720106;1641083631350576;🇮🇳_IN_92_[FortuneGems];12750;"IN | LuckyStar | RegForm | CPA | 25 USD | 300 INR | total | 50 | Android | ALL |  |  | KPI Yes | MbManada | Falcons";Android;2;1;0;0;0
India;120246244620740106;1641083631350576;🇮🇳_IN_92_[FortuneGems];12750;"IN | LuckyStar | RegForm | CPA | 25 USD | 300 INR | total | 50 | Android | ALL |  |  | KPI Yes | MbManada | Falcons";Android;8;4;1;0;0
India;120246244620760106;1641083631350576;🇮🇳_IN_92_[FortuneGems];12750;"IN | LuckyStar | RegForm | CPA | 25 USD | 300 INR | total | 50 | Android | ALL |  |  | KPI Yes | MbManada | Falcons";Android;2;1;1;0;0
India;120246244620770106;1641083631350576;🇮🇳_IN_92_[FortuneGems];12750;"IN | LuckyStar | RegForm | CPA | 25 USD | 300 INR | total | 50 | Android | ALL |  |  | KPI Yes | MbManada | Falcons";Android;2;1;0;0;0
India;120246244620780106;1641083631350576;🇮🇳_IN_92_[FortuneGems];12750;"IN | LuckyStar | RegForm | CPA | 25 USD | 300 INR | total | 50 | Android | ALL |  |  | KPI Yes | MbManada | Falcons";Android;11;4;1;0;0
India;120246244620780106;1641083631350576;🇮🇳_IN_92_[FortuneGems];12750;"IN | LuckyStar | RegForm | CPA | 25 USD | 300 INR | total | 50 | Android | ALL |  |  | KPI Yes | MbManada | Falcons";iOS;2;1;0;0;0
India;120246244620790106;1641083631350576;🇮🇳_IN_92_[FortuneGems];12750;"IN | LuckyStar | RegForm | CPA | 25 USD | 300 INR | total | 50 | Android | ALL |  |  | KPI Yes | MbManada | Falcons";Android;10;2;1;0;0
India;120246244620800106;1641083631350576;🇮🇳_IN_92_[FortuneGems];12750;"IN | LuckyStar | RegForm | CPA | 25 USD | 300 INR | total | 50 | Android | ALL |  |  | KPI Yes | MbManada | Falcons";Android;3;1;1;1;25
India;120246244620810106;1641083631350576;🇮🇳_IN_92_[FortuneGems];12750;"IN | LuckyStar | RegForm | CPA | 25 USD | 300 INR | total | 50 | Android | ALL |  |  | KPI Yes | MbManada | Falcons";Android;38;5;3;0;0
India;120246244620820106;1641083631350576;🇮🇳_IN_92_[FortuneGems];12750;"IN | LuckyStar | RegForm | CPA | 25 USD | 300 INR | total | 50 | Android | ALL |  |  | KPI Yes | MbManada | Falcons";Android;14;5;2;0;0
India;120246244620830106;1641083631350576;🇮🇳_IN_92_[FortuneGems];12750;"IN | LuckyStar | RegForm | CPA | 25 USD | 300 INR | total | 50 | Android | ALL |  |  | KPI Yes | MbManada | Falcons";Android;13;2;1;1;25
India;120246244620860106;1641083631350576;🇮🇳_IN_92_[FortuneGems];12750;"IN | LuckyStar | RegForm | CPA | 25 USD | 300 INR | total | 50 | Android | ALL |  |  | KPI Yes | MbManada | Falcons";Android;9;3;1;0;0
India;120246244620880106;1641083631350576;🇮🇳_IN_92_[FortuneGems];12750;"IN | LuckyStar | RegForm | CPA | 25 USD | 300 INR | total | 50 | Android | ALL |  |  | KPI Yes | MbManada | Falcons";Android;14;2;1;0;0
India;120246244620900106;1641083631350576;🇮🇳_IN_92_[FortuneGems];12750;"IN | LuckyStar | RegForm | CPA | 25 USD | 300 INR | total | 50 | Android | ALL |  |  | KPI Yes | MbManada | Falcons";Android;5;1;1;1;25
India;120246244620900106;1641083631350576;🇮🇳_IN_92_[FortuneGems];12751;"IN | LuckyStar | Fortune Gems | CPA | 25 USD | 300 INR | total | 50 | Android | ALL |  |  | KPI Yes | MbManada | Falcons";Android;8;1;0;0;0
India;120246244620940106;1641083631350576;🇮🇳_IN_92_[FortuneGems];12750;"IN | LuckyStar | RegForm | CPA | 25 USD | 300 INR | total | 50 | Android | ALL |  |  | KPI Yes | MbManada | Falcons";Android;6;2;2;0;0
India;120246244620960106;1641083631350576;🇮🇳_IN_92_[FortuneGems];12750;"IN | LuckyStar | RegForm | CPA | 25 USD | 300 INR | total | 50 | Android | ALL |  |  | KPI Yes | MbManada | Falcons";Android;21;4;1;0;0
India;120246244620970106;1641083631350576;🇮🇳_IN_92_[FortuneGems];12750;"IN | LuckyStar | RegForm | CPA | 25 USD | 300 INR | total | 50 | Android | ALL |  |  | KPI Yes | MbManada | Falcons";Android;8;1;1;0;0
India;120246244621050106;1641083631350576;🇮🇳_IN_92_[FortuneGems];12750;"IN | LuckyStar | RegForm | CPA | 25 USD | 300 INR | total | 50 | Android | ALL |  |  | KPI Yes | MbManada | Falcons";Android;1;1;0;0;0
India;120246244621100106;1641083631350576;🇮🇳_IN_92_[FortuneGems];12750;"IN | LuckyStar | RegForm | CPA | 25 USD | 300 INR | total | 50 | Android | ALL |  |  | KPI Yes | MbManada | Falcons";Android;5;1;0;0;0
India;120246244621110106;1641083631350576;🇮🇳_IN_92_[FortuneGems];12750;"IN | LuckyStar | RegForm | CPA | 25 USD | 300 INR | total | 50 | Android | ALL |  |  | KPI Yes | MbManada | Falcons";Android;15;3;1;0;0
India;120246244621120106;1641083631350576;🇮🇳_IN_92_[FortuneGems];12750;"IN | LuckyStar | RegForm | CPA | 25 USD | 300 INR | total | 50 | Android | ALL |  |  | KPI Yes | MbManada | Falcons";Android;14;6;2;0;0
India;120246244621140106;1641083631350576;🇮🇳_IN_92_[FortuneGems];12750;"IN | LuckyStar | RegForm | CPA | 25 USD | 300 INR | total | 50 | Android | ALL |  |  | KPI Yes | MbManada | Falcons";Android;7;4;1;0;0
India;120246244621140106;1641083631350576;🇮🇳_IN_92_[FortuneGems];12750;"IN | LuckyStar | RegForm | CPA | 25 USD | 300 INR | total | 50 | Android | ALL |  |  | KPI Yes | MbManada | Falcons";iOS;2;2;1;0;0
India;120246244621150106;1641083631350576;🇮🇳_IN_92_[FortuneGems];12750;"IN | LuckyStar | RegForm | CPA | 25 USD | 300 INR | total | 50 | Android | ALL |  |  | KPI Yes | MbManada | Falcons";Android;36;9;3;0;0
India;120246244621160106;1641083631350576;🇮🇳_IN_92_[FortuneGems];12750;"IN | LuckyStar | RegForm | CPA | 25 USD | 300 INR | total | 50 | Android | ALL |  |  | KPI Yes | MbManada | Falcons";Android;29;3;2;0;0
India;120246244670230106;1641083631350576;🇮🇳_IN_93_[FortuneGems];12750;"IN | LuckyStar | RegForm | CPA | 25 USD | 300 INR | total | 50 | Android | ALL |  |  | KPI Yes | MbManada | Falcons";Android;2;2;0;0;0
India;120246244675630106;1641083631350576;🇮🇳_IN_93_[FortuneGems];12750;"IN | LuckyStar | RegForm | CPA | 25 USD | 300 INR | total | 50 | Android | ALL |  |  | KPI Yes | MbManada | Falcons";Android;4;1;0;0;0
India;120246244675730106;1641083631350576;🇮🇳_IN_93_[FortuneGems];12750;"IN | LuckyStar | RegForm | CPA | 25 USD | 300 INR | total | 50 | Android | ALL |  |  | KPI Yes | MbManada | Falcons";Android;9;3;0;0;0
India;120246244675730106;1641083631350576;🇮🇳_IN_93_[FortuneGems];12751;"IN | LuckyStar | Fortune Gems | CPA | 25 USD | 300 INR | total | 50 | Android | ALL |  |  | KPI Yes | MbManada | Falcons";Android;4;1;0;0;0
India;120246244675800106;1641083631350576;🇮🇳_IN_93_[FortuneGems];12750;"IN | LuckyStar | RegForm | CPA | 25 USD | 300 INR | total | 50 | Android | ALL |  |  | KPI Yes | MbManada | Falcons";Android;2;1;0;0;0
India;120246244675810106;1641083631350576;🇮🇳_IN_93_[FortuneGems];12750;"IN | LuckyStar | RegForm | CPA | 25 USD | 300 INR | total | 50 | Android | ALL |  |  | KPI Yes | MbManada | Falcons";Android;3;1;1;0;0
India;120246244675830106;1641083631350576;🇮🇳_IN_93_[FortuneGems];12750;"IN | LuckyStar | RegForm | CPA | 25 USD | 300 INR | total | 50 | Android | ALL |  |  | KPI Yes | MbManada | Falcons";Android;5;1;1;0;0
India;120246260465330106;1641083631350576;🇮🇳_IN_92_[FortuneGems];12750;"IN | LuckyStar | RegForm | CPA | 25 USD | 300 INR | total | 50 | Android | ALL |  |  | KPI Yes | MbManada | Falcons";Android;5;2;0;0;0
India;120246260465340106;1641083631350576;🇮🇳_IN_92_[FortuneGems];12750;"IN | LuckyStar | RegForm | CPA | 25 USD | 300 INR | total | 50 | Android | ALL |  |  | KPI Yes | MbManada | Falcons";Android;1;1;1;1;25
India;120246260465340106;1641083631350576;🇮🇳_IN_92_[FortuneGems];12751;"IN | LuckyStar | Fortune Gems | CPA | 25 USD | 300 INR | total | 50 | Android | ALL |  |  | KPI Yes | MbManada | Falcons";iOS;2;2;1;1;25
India;120246260465350106;1641083631350576;🇮🇳_IN_92_[FortuneGems];12750;"IN | LuckyStar | RegForm | CPA | 25 USD | 300 INR | total | 50 | Android | ALL |  |  | KPI Yes | MbManada | Falcons";Android;3;2;1;0;0
India;120246260465350106;1641083631350576;🇮🇳_IN_92_[FortuneGems];12751;"IN | LuckyStar | Fortune Gems | CPA | 25 USD | 300 INR | total | 50 | Android | ALL |  |  | KPI Yes | MbManada | Falcons";Android;2;1;0;0;0
India;120246260465720106;1641083631350576;🇮🇳_IN_92_[FortuneGems];12750;"IN | LuckyStar | RegForm | CPA | 25 USD | 300 INR | total | 50 | Android | ALL |  |  | KPI Yes | MbManada | Falcons";Android;4;2;2;0;0
India;120246260465740106;1641083631350576;🇮🇳_IN_92_[FortuneGems];12750;"IN | LuckyStar | RegForm | CPA | 25 USD | 300 INR | total | 50 | Android | ALL |  |  | KPI Yes | MbManada | Falcons";Android;17;2;2;1;25
India;120246260465750106;1641083631350576;🇮🇳_IN_92_[FortuneGems];12751;"IN | LuckyStar | Fortune Gems | CPA | 25 USD | 300 INR | total | 50 | Android | ALL |  |  | KPI Yes | MbManada | Falcons";Android;1;1;0;0;0
India;120246260465760106;1641083631350576;🇮🇳_IN_92_[FortuneGems];12750;"IN | LuckyStar | RegForm | CPA | 25 USD | 300 INR | total | 50 | Android | ALL |  |  | KPI Yes | MbManada | Falcons";Android;6;1;1;0;0
India;120246260465790106;1641083631350576;🇮🇳_IN_92_[FortuneGems];12750;"IN | LuckyStar | RegForm | CPA | 25 USD | 300 INR | total | 50 | Android | ALL |  |  | KPI Yes | MbManada | Falcons";Android;14;2;2;1;25
India;120246260465990106;1641083631350576;🇮🇳_IN_92_[FortuneGems];12750;"IN | LuckyStar | RegForm | CPA | 25 USD | 300 INR | total | 50 | Android | ALL |  |  | KPI Yes | MbManada | Falcons";Android;6;2;0;0;0
India;120246260466060106;1641083631350576;🇮🇳_IN_92_[FortuneGems];12750;"IN | LuckyStar | RegForm | CPA | 25 USD | 300 INR | total | 50 | Android | ALL |  |  | KPI Yes | MbManada | Falcons";Android;10;2;1;0;0
India;120246260466070106;1641083631350576;🇮🇳_IN_92_[FortuneGems];12750;"IN | LuckyStar | RegForm | CPA | 25 USD | 300 INR | total | 50 | Android | ALL |  |  | KPI Yes | MbManada | Falcons";Android;2;1;1;0;0
India;120246276712280106;1641083631350576;🇮🇳_IN_92_[FortuneGems];12750;"IN | LuckyStar | RegForm | CPA | 25 USD | 300 INR | total | 50 | Android | ALL |  |  | KPI Yes | MbManada | Falcons";Android;12;3;2;0;0
India;120246276847160106;1641083631350576;🇮🇳_IN_94_[FortuneGems];12750;"IN | LuckyStar | RegForm | CPA | 25 USD | 300 INR | total | 50 | Android | ALL |  |  | KPI Yes | MbManada | Falcons";Android;3;2;0;0;0
India;120246276847170106;1641083631350576;🇮🇳_IN_94_[FortuneGems];12750;"IN | LuckyStar | RegForm | CPA | 25 USD | 300 INR | total | 50 | Android | ALL |  |  | KPI Yes | MbManada | Falcons";Android;25;2;1;0;0
India;120246276847310106;1641083631350576;🇮🇳_IN_94_[FortuneGems];12750;"IN | LuckyStar | RegForm | CPA | 25 USD | 300 INR | total | 50 | Android | ALL |  |  | KPI Yes | MbManada | Falcons";Android;3;2;1;0;0
India;120246276847390106;1641083631350576;🇮🇳_IN_94_[FortuneGems];12750;"IN | LuckyStar | RegForm | CPA | 25 USD | 300 INR | total | 50 | Android | ALL |  |  | KPI Yes | MbManada | Falcons";Android;25;1;1;1;25
India;120246276847390106;1641083631350576;🇮🇳_IN_94_[FortuneGems];12750;"IN | LuckyStar | RegForm | CPA | 25 USD | 300 INR | total | 50 | Android | ALL |  |  | KPI Yes | MbManada | Falcons";iOS;1;1;1;0;0
India;120246276847410106;1641083631350576;🇮🇳_IN_94_[FortuneGems];12750;"IN | LuckyStar | RegForm | CPA | 25 USD | 300 INR | total | 50 | Android | ALL |  |  | KPI Yes | MbManada | Falcons";Android;3;1;1;1;25
India;120246276847420106;1641083631350576;🇮🇳_IN_94_[FortuneGems];12750;"IN | LuckyStar | RegForm | CPA | 25 USD | 300 INR | total | 50 | Android | ALL |  |  | KPI Yes | MbManada | Falcons";Android;3;1;1;0;0
India;120246276847420106;1641083631350576;🇮🇳_IN_94_[FortuneGems];12750;"IN | LuckyStar | RegForm | CPA | 25 USD | 300 INR | total | 50 | Android | ALL |  |  | KPI Yes | MbManada | Falcons";iOS;1;1;0;0;0
India;120246277024990106;1641083631350576;🇮🇳_IN_92_[FortuneGems];12750;"IN | LuckyStar | RegForm | CPA | 25 USD | 300 INR | total | 50 | Android | ALL |  |  | KPI Yes | MbManada | Falcons";Android;45;6;4;0;0
India;120246277035760106;1641083631350576;🇮🇳_IN_92_[FortuneGems];12750;"IN | LuckyStar | RegForm | CPA | 25 USD | 300 INR | total | 50 | Android | ALL |  |  | KPI Yes | MbManada | Falcons";Android;12;2;1;0;0
India;120246277035770106;1641083631350576;🇮🇳_IN_92_[FortuneGems];12750;"IN | LuckyStar | RegForm | CPA | 25 USD | 300 INR | total | 50 | Android | ALL |  |  | KPI Yes | MbManada | Falcons";Android;39;7;1;0;0
India;120246277035780106;1641083631350576;🇮🇳_IN_92_[FortuneGems];12750;"IN | LuckyStar | RegForm | CPA | 25 USD | 300 INR | total | 50 | Android | ALL |  |  | KPI Yes | MbManada | Falcons";Android;6;1;0;0;0
India;120246277035780106;1641083631350576;🇮🇳_IN_92_[FortuneGems];12750;"IN | LuckyStar | RegForm | CPA | 25 USD | 300 INR | total | 50 | Android | ALL |  |  | KPI Yes | MbManada | Falcons";iOS;2;0;0;0;0
India;120246277036070106;1641083631350576;🇮🇳_IN_92_[FortuneGems];12750;"IN | LuckyStar | RegForm | CPA | 25 USD | 300 INR | total | 50 | Android | ALL |  |  | KPI Yes | MbManada | Falcons";Android;47;4;1;0;0
India;120246277036100106;1641083631350576;🇮🇳_IN_92_[FortuneGems];12750;"IN | LuckyStar | RegForm | CPA | 25 USD | 300 INR | total | 50 | Android | ALL |  |  | KPI Yes | MbManada | Falcons";Android;26;3;2;0;0
India;120246277036100106;1641083631350576;🇮🇳_IN_92_[FortuneGems];12750;"IN | LuckyStar | RegForm | CPA | 25 USD | 300 INR | total | 50 | Android | ALL |  |  | KPI Yes | MbManada | Falcons";iOS;3;1;1;1;25
India;120246277036160106;1641083631350576;🇮🇳_IN_92_[FortuneGems];12750;"IN | LuckyStar | RegForm | CPA | 25 USD | 300 INR | total | 50 | Android | ALL |  |  | KPI Yes | MbManada | Falcons";Android;3;2;0;0;0
India;120246277036170106;1641083631350576;🇮🇳_IN_92_[FortuneGems];12750;"IN | LuckyStar | RegForm | CPA | 25 USD | 300 INR | total | 50 | Android | ALL |  |  | KPI Yes | MbManada | Falcons";Android;15;3;2;1;25
India;120246277036180106;1641083631350576;🇮🇳_IN_92_[FortuneGems];12750;"IN | LuckyStar | RegForm | CPA | 25 USD | 300 INR | total | 50 | Android | ALL |  |  | KPI Yes | MbManada | Falcons";Android;3;2;0;0;0
India;120246277036190106;1641083631350576;🇮🇳_IN_92_[FortuneGems];12750;"IN | LuckyStar | RegForm | CPA | 25 USD | 300 INR | total | 50 | Android | ALL |  |  | KPI Yes | MbManada | Falcons";iOS;1;1;1;0;0
India;120246277036200106;1641083631350576;🇮🇳_IN_92_[FortuneGems];12750;"IN | LuckyStar | RegForm | CPA | 25 USD | 300 INR | total | 50 | Android | ALL |  |  | KPI Yes | MbManada | Falcons";Android;10;4;1;0;0
India;120246277036210106;1641083631350576;🇮🇳_IN_92_[FortuneGems];12750;"IN | LuckyStar | RegForm | CPA | 25 USD | 300 INR | total | 50 | Android | ALL |  |  | KPI Yes | MbManada | Falcons";Android;5;1;1;0;0
India;120246277036220106;1641083631350576;🇮🇳_IN_92_[FortuneGems];12750;"IN | LuckyStar | RegForm | CPA | 25 USD | 300 INR | total | 50 | Android | ALL |  |  | KPI Yes | MbManada | Falcons";Android;12;4;1;0;0
India;120246277036230106;1641083631350576;🇮🇳_IN_92_[FortuneGems];12750;"IN | LuckyStar | RegForm | CPA | 25 USD | 300 INR | total | 50 | Android | ALL |  |  | KPI Yes | MbManada | Falcons";Android;7;2;2;1;25
India;120246277036240106;1641083631350576;🇮🇳_IN_92_[FortuneGems];12750;"IN | LuckyStar | RegForm | CPA | 25 USD | 300 INR | total | 50 | Android | ALL |  |  | KPI Yes | MbManada | Falcons";Android;3;2;1;0;0
India;120246277036250106;1641083631350576;🇮🇳_IN_92_[FortuneGems];12750;"IN | LuckyStar | RegForm | CPA | 25 USD | 300 INR | total | 50 | Android | ALL |  |  | KPI Yes | MbManada | Falcons";Android;4;2;0;0;0
India;120246277036260106;1641083631350576;🇮🇳_IN_92_[FortuneGems];12750;"IN | LuckyStar | RegForm | CPA | 25 USD | 300 INR | total | 50 | Android | ALL |  |  | KPI Yes | MbManada | Falcons";Android;1;1;1;0;0
India;120246277036270106;1641083631350576;🇮🇳_IN_92_[FortuneGems];12750;"IN | LuckyStar | RegForm | CPA | 25 USD | 300 INR | total | 50 | Android | ALL |  |  | KPI Yes | MbManada | Falcons";Android;7;1;0;0;0
India;120246277036300106;1641083631350576;🇮🇳_IN_92_[FortuneGems];12750;"IN | LuckyStar | RegForm | CPA | 25 USD | 300 INR | total | 50 | Android | ALL |  |  | KPI Yes | MbManada | Falcons";Android;13;7;3;0;0
India;120246277036310106;1641083631350576;🇮🇳_IN_92_[FortuneGems];12750;"IN | LuckyStar | RegForm | CPA | 25 USD | 300 INR | total | 50 | Android | ALL |  |  | KPI Yes | MbManada | Falcons";Android;11;1;1;0;0
India;120246277036320106;1641083631350576;🇮🇳_IN_92_[FortuneGems];12750;"IN | LuckyStar | RegForm | CPA | 25 USD | 300 INR | total | 50 | Android | ALL |  |  | KPI Yes | MbManada | Falcons";Android;1;1;1;0;0
India;120246277036330106;1641083631350576;🇮🇳_IN_92_[FortuneGems];12750;"IN | LuckyStar | RegForm | CPA | 25 USD | 300 INR | total | 50 | Android | ALL |  |  | KPI Yes | MbManada | Falcons";Android;3;1;1;0;0
India;120246277036340106;1641083631350576;🇮🇳_IN_92_[FortuneGems];12750;"IN | LuckyStar | RegForm | CPA | 25 USD | 300 INR | total | 50 | Android | ALL |  |  | KPI Yes | MbManada | Falcons";Android;26;4;2;0;0
India;120246277036350106;1641083631350576;🇮🇳_IN_92_[FortuneGems];12750;"IN | LuckyStar | RegForm | CPA | 25 USD | 300 INR | total | 50 | Android | ALL |  |  | KPI Yes | MbManada | Falcons";Android;37;11;2;0;0
India;120246277036370106;1641083631350576;🇮🇳_IN_92_[FortuneGems];12750;"IN | LuckyStar | RegForm | CPA | 25 USD | 300 INR | total | 50 | Android | ALL |  |  | KPI Yes | MbManada | Falcons";Android;6;1;0;0;0
India;120246277036380106;1641083631350576;🇮🇳_IN_92_[FortuneGems];12750;"IN | LuckyStar | RegForm | CPA | 25 USD | 300 INR | total | 50 | Android | ALL |  |  | KPI Yes | MbManada | Falcons";Android;15;4;2;1;25
India;120246277036420106;1641083631350576;🇮🇳_IN_92_[FortuneGems];12750;"IN | LuckyStar | RegForm | CPA | 25 USD | 300 INR | total | 50 | Android | ALL |  |  | KPI Yes | MbManada | Falcons";Android;1;1;0;0;0
India;120246277036430106;1641083631350576;🇮🇳_IN_92_[FortuneGems];12750;"IN | LuckyStar | RegForm | CPA | 25 USD | 300 INR | total | 50 | Android | ALL |  |  | KPI Yes | MbManada | Falcons";Android;1;1;1;0;0
India;120246277036440106;1641083631350576;🇮🇳_IN_92_[FortuneGems];12750;"IN | LuckyStar | RegForm | CPA | 25 USD | 300 INR | total | 50 | Android | ALL |  |  | KPI Yes | MbManada | Falcons";Android;3;2;2;0;0
India;120246277036440106;1641083631350576;🇮🇳_IN_92_[FortuneGems];12750;"IN | LuckyStar | RegForm | CPA | 25 USD | 300 INR | total | 50 | Android | ALL |  |  | KPI Yes | MbManada | Falcons";iOS;5;4;1;0;0
India;120246277036520106;1641083631350576;🇮🇳_IN_92_[FortuneGems];12750;"IN | LuckyStar | RegForm | CPA | 25 USD | 300 INR | total | 50 | Android | ALL |  |  | KPI Yes | MbManada | Falcons";Android;2;1;0;0;0
India;120246277036630106;1641083631350576;🇮🇳_IN_92_[FortuneGems];12750;"IN | LuckyStar | RegForm | CPA | 25 USD | 300 INR | total | 50 | Android | ALL |  |  | KPI Yes | MbManada | Falcons";Android;11;1;1;1;25
India;120246277036680106;1641083631350576;🇮🇳_IN_92_[FortuneGems];12750;"IN | LuckyStar | RegForm | CPA | 25 USD | 300 INR | total | 50 | Android | ALL |  |  | KPI Yes | MbManada | Falcons";Android;22;4;3;0;0
India;120246292291890106;1641083631350576;🇮🇳_IN_94_[FortuneGems];12750;"IN | LuckyStar | RegForm | CPA | 25 USD | 300 INR | total | 50 | Android | ALL |  |  | KPI Yes | MbManada | Falcons";Android;20;4;1;0;0
India;120246292291890106;1641083631350576;🇮🇳_IN_94_[FortuneGems];12750;"IN | LuckyStar | RegForm | CPA | 25 USD | 300 INR | total | 50 | Android | ALL |  |  | KPI Yes | MbManada | Falcons";iOS;1;1;0;0;0
India;120246292361440106;1641083631350576;🇮🇳_IN_94_[FortuneGems];12750;"IN | LuckyStar | RegForm | CPA | 25 USD | 300 INR | total | 50 | Android | ALL |  |  | KPI Yes | MbManada | Falcons";Android;4;1;0;0;0
India;120246292361450106;1641083631350576;🇮🇳_IN_94_[FortuneGems];12750;"IN | LuckyStar | RegForm | CPA | 25 USD | 300 INR | total | 50 | Android | ALL |  |  | KPI Yes | MbManada | Falcons";Android;9;3;1;0;0
India;120246292361450106;1641083631350576;🇮🇳_IN_94_[FortuneGems];12750;"IN | LuckyStar | RegForm | CPA | 25 USD | 300 INR | total | 50 | Android | ALL |  |  | KPI Yes | MbManada | Falcons";iOS;2;1;1;0;0
India;120246292361740106;1641083631350576;🇮🇳_IN_94_[FortuneGems];12750;"IN | LuckyStar | RegForm | CPA | 25 USD | 300 INR | total | 50 | Android | ALL |  |  | KPI Yes | MbManada | Falcons";Android;1;1;0;0;0
India;120246292361750106;1641083631350576;🇮🇳_IN_94_[FortuneGems];12750;"IN | LuckyStar | RegForm | CPA | 25 USD | 300 INR | total | 50 | Android | ALL |  |  | KPI Yes | MbManada | Falcons";Android;17;5;2;0;0
India;120246292361760106;1641083631350576;🇮🇳_IN_94_[FortuneGems];12750;"IN | LuckyStar | RegForm | CPA | 25 USD | 300 INR | total | 50 | Android | ALL |  |  | KPI Yes | MbManada | Falcons";Android;34;3;1;0;0
India;120246292361760106;1641083631350576;🇮🇳_IN_94_[FortuneGems];12803;"IN | Kazmit | RegForm (fortune games) | CPA | 20 USD | 300 INR | total | 50 | Android | ALL |  |  | KPI Yes | MbManada | Falcons";iOS;3;2;1;0;0
India;120246292361770106;1641083631350576;🇮🇳_IN_94_[FortuneGems];12750;"IN | LuckyStar | RegForm | CPA | 25 USD | 300 INR | total | 50 | Android | ALL |  |  | KPI Yes | MbManada | Falcons";Android;2;1;0;0;0
India;120246292361770106;1641083631350576;🇮🇳_IN_94_[FortuneGems];12750;"IN | LuckyStar | RegForm | CPA | 25 USD | 300 INR | total | 50 | Android | ALL |  |  | KPI Yes | MbManada | Falcons";iOS;5;4;0;0;0
India;120246292361770106;1641083631350576;🇮🇳_IN_94_[FortuneGems];12803;"IN | Kazmit | RegForm (fortune games) | CPA | 20 USD | 300 INR | total | 50 | Android | ALL |  |  | KPI Yes | MbManada | Falcons";iOS;2;1;1;1;20
India;120246292361780106;1641083631350576;🇮🇳_IN_94_[FortuneGems];12750;"IN | LuckyStar | RegForm | CPA | 25 USD | 300 INR | total | 50 | Android | ALL |  |  | KPI Yes | MbManada | Falcons";Android;4;1;1;0;0
India;120246292361780106;1641083631350576;🇮🇳_IN_94_[FortuneGems];12803;"IN | Kazmit | RegForm (fortune games) | CPA | 20 USD | 300 INR | total | 50 | Android | ALL |  |  | KPI Yes | MbManada | Falcons";Android;1;1;0;0;0
India;120246292361790106;1641083631350576;🇮🇳_IN_94_[FortuneGems];12750;"IN | LuckyStar | RegForm | CPA | 25 USD | 300 INR | total | 50 | Android | ALL |  |  | KPI Yes | MbManada | Falcons";Android;11;1;1;0;0
India;120246292361800106;1641083631350576;🇮🇳_IN_94_[FortuneGems];12750;"IN | LuckyStar | RegForm | CPA | 25 USD | 300 INR | total | 50 | Android | ALL |  |  | KPI Yes | MbManada | Falcons";Android;2;1;0;0;0
India;120246292361810106;1641083631350576;🇮🇳_IN_94_[FortuneGems];12750;"IN | LuckyStar | RegForm | CPA | 25 USD | 300 INR | total | 50 | Android | ALL |  |  | KPI Yes | MbManada | Falcons";Android;3;1;0;0;0
India;120246292361820106;1641083631350576;🇮🇳_IN_94_[FortuneGems];12750;"IN | LuckyStar | RegForm | CPA | 25 USD | 300 INR | total | 50 | Android | ALL |  |  | KPI Yes | MbManada | Falcons";Android;19;5;3;1;25
India;120246292361820106;1641083631350576;🇮🇳_IN_94_[FortuneGems];12803;"IN | Kazmit | RegForm (fortune games) | CPA | 20 USD | 300 INR | total | 50 | Android | ALL |  |  | KPI Yes | MbManada | Falcons";Android;5;2;2;0;0
India;120246292361840106;1641083631350576;🇮🇳_IN_94_[FortuneGems];12750;"IN | LuckyStar | RegForm | CPA | 25 USD | 300 INR | total | 50 | Android | ALL |  |  | KPI Yes | MbManada | Falcons";Android;7;2;1;0;0
India;120246292361860106;1641083631350576;🇮🇳_IN_94_[FortuneGems];12750;"IN | LuckyStar | RegForm | CPA | 25 USD | 300 INR | total | 50 | Android | ALL |  |  | KPI Yes | MbManada | Falcons";Android;12;3;2;0;0
India;120246292361870106;1641083631350576;🇮🇳_IN_94_[FortuneGems];12750;"IN | LuckyStar | RegForm | CPA | 25 USD | 300 INR | total | 50 | Android | ALL |  |  | KPI Yes | MbManada | Falcons";Android;1;1;0;0;0
India;120246292361880106;1641083631350576;🇮🇳_IN_94_[FortuneGems];12750;"IN | LuckyStar | RegForm | CPA | 25 USD | 300 INR | total | 50 | Android | ALL |  |  | KPI Yes | MbManada | Falcons";Android;11;4;2;1;25
India;120246292361900106;1641083631350576;🇮🇳_IN_94_[FortuneGems];12750;"IN | LuckyStar | RegForm | CPA | 25 USD | 300 INR | total | 50 | Android | ALL |  |  | KPI Yes | MbManada | Falcons";Android;9;5;1;0;0
India;120246292361900106;1641083631350576;🇮🇳_IN_94_[FortuneGems];12750;"IN | LuckyStar | RegForm | CPA | 25 USD | 300 INR | total | 50 | Android | ALL |  |  | KPI Yes | MbManada | Falcons";iOS;2;2;0;0;0
India;120246292361900106;1641083631350576;🇮🇳_IN_94_[FortuneGems];12751;"IN | LuckyStar | Fortune Gems | CPA | 25 USD | 300 INR | total | 50 | Android | ALL |  |  | KPI Yes | MbManada | Falcons";Android;6;2;0;0;0
India;120246292361900106;1641083631350576;🇮🇳_IN_94_[FortuneGems];12803;"IN | Kazmit | RegForm (fortune games) | CPA | 20 USD | 300 INR | total | 50 | Android | ALL |  |  | KPI Yes | MbManada | Falcons";Android;6;3;0;0;0
India;120246292361930106;1641083631350576;🇮🇳_IN_94_[FortuneGems];12750;"IN | LuckyStar | RegForm | CPA | 25 USD | 300 INR | total | 50 | Android | ALL |  |  | KPI Yes | MbManada | Falcons";Android;2;1;0;0;0
India;120246292361930106;1641083631350576;🇮🇳_IN_94_[FortuneGems];12750;"IN | LuckyStar | RegForm | CPA | 25 USD | 300 INR | total | 50 | Android | ALL |  |  | KPI Yes | MbManada | Falcons";iOS;2;1;0;0;0
India;120246293063550106;1641083631350576;🇮🇳_IN_92_[FortuneGems];12751;"IN | LuckyStar | Fortune Gems | CPA | 25 USD | 300 INR | total | 50 | Android | ALL |  |  | KPI Yes | MbManada | Falcons";Android;9;1;1;0;0
India;120246293082250106;1641083631350576;🇮🇳_IN_92_[FortuneGems];12750;"IN | LuckyStar | RegForm | CPA | 25 USD | 300 INR | total | 50 | Android | ALL |  |  | KPI Yes | MbManada | Falcons";Android;10;4;1;0;0
India;120246293082540106;1641083631350576;🇮🇳_IN_92_[FortuneGems];12750;"IN | LuckyStar | RegForm | CPA | 25 USD | 300 INR | total | 50 | Android | ALL |  |  | KPI Yes | MbManada | Falcons";Android;100;16;11;2;50
India;120246293082540106;1641083631350576;🇮🇳_IN_92_[FortuneGems];12803;"IN | Kazmit | RegForm (fortune games) | CPA | 20 USD | 300 INR | total | 50 | Android | ALL |  |  | KPI Yes | MbManada | Falcons";Android;9;3;1;0;0
India;120246293082550106;1641083631350576;🇮🇳_IN_92_[FortuneGems];12750;"IN | LuckyStar | RegForm | CPA | 25 USD | 300 INR | total | 50 | Android | ALL |  |  | KPI Yes | MbManada | Falcons";Android;53;9;3;2;50
India;120246293082550106;1641083631350576;🇮🇳_IN_92_[FortuneGems];12751;"IN | LuckyStar | Fortune Gems | CPA | 25 USD | 300 INR | total | 50 | Android | ALL |  |  | KPI Yes | MbManada | Falcons";Android;1;1;0;0;0
India;120246293082560106;1641083631350576;🇮🇳_IN_92_[FortuneGems];12750;"IN | LuckyStar | RegForm | CPA | 25 USD | 300 INR | total | 50 | Android | ALL |  |  | KPI Yes | MbManada | Falcons";Android;13;3;1;0;0
India;120246293082570106;1641083631350576;🇮🇳_IN_92_[FortuneGems];12750;"IN | LuckyStar | RegForm | CPA | 25 USD | 300 INR | total | 50 | Android | ALL |  |  | KPI Yes | MbManada | Falcons";Android;14;5;2;0;0
India;120246293082580106;1641083631350576;🇮🇳_IN_92_[FortuneGems];12750;"IN | LuckyStar | RegForm | CPA | 25 USD | 300 INR | total | 50 | Android | ALL |  |  | KPI Yes | MbManada | Falcons";Android;38;10;6;0;0
India;120246293082580106;1641083631350576;🇮🇳_IN_92_[FortuneGems];12803;"IN | Kazmit | RegForm (fortune games) | CPA | 20 USD | 300 INR | total | 50 | Android | ALL |  |  | KPI Yes | MbManada | Falcons";Android;9;3;3;1;20
India;120246293082590106;1641083631350576;🇮🇳_IN_92_[FortuneGems];12750;"IN | LuckyStar | RegForm | CPA | 25 USD | 300 INR | total | 50 | Android | ALL |  |  | KPI Yes | MbManada | Falcons";Android;56;13;7;1;25
India;120246293082600106;1641083631350576;🇮🇳_IN_92_[FortuneGems];12750;"IN | LuckyStar | RegForm | CPA | 25 USD | 300 INR | total | 50 | Android | ALL |  |  | KPI Yes | MbManada | Falcons";Android;26;10;5;1;25
India;120246293082600106;1641083631350576;🇮🇳_IN_92_[FortuneGems];12750;"IN | LuckyStar | RegForm | CPA | 25 USD | 300 INR | total | 50 | Android | ALL |  |  | KPI Yes | MbManada | Falcons";iOS;1;1;0;0;0
India;120246293082600106;1641083631350576;🇮🇳_IN_92_[FortuneGems];12803;"IN | Kazmit | RegForm (fortune games) | CPA | 20 USD | 300 INR | total | 50 | Android | ALL |  |  | KPI Yes | MbManada | Falcons";Android;2;1;1;0;0
India;120246293082600106;1641083631350576;🇮🇳_IN_92_[FortuneGems];12832;"IN | LineBet | RegForm (Slot) | CPA | 25 USD | 95 INR | total | 50 | Android | ALL |  |  | KPI Yes | MbManada | Falcons";Android;6;4;1;0;0
India;120246293082610106;1641083631350576;🇮🇳_IN_92_[FortuneGems];12750;"IN | LuckyStar | RegForm | CPA | 25 USD | 300 INR | total | 50 | Android | ALL |  |  | KPI Yes | MbManada | Falcons";Android;27;8;7;1;25
India;120246293082610106;1641083631350576;🇮🇳_IN_92_[FortuneGems];12803;"IN | Kazmit | RegForm (fortune games) | CPA | 20 USD | 300 INR | total | 50 | Android | ALL |  |  | KPI Yes | MbManada | Falcons";Android;4;2;0;0;0
India;120246293082620106;1641083631350576;🇮🇳_IN_92_[FortuneGems];12750;"IN | LuckyStar | RegForm | CPA | 25 USD | 300 INR | total | 50 | Android | ALL |  |  | KPI Yes | MbManada | Falcons";Android;14;5;1;0;0
India;120246293082630106;1641083631350576;🇮🇳_IN_92_[FortuneGems];12750;"IN | LuckyStar | RegForm | CPA | 25 USD | 300 INR | total | 50 | Android | ALL |  |  | KPI Yes | MbManada | Falcons";Android;3;1;1;0;0
India;120246293082640106;1641083631350576;🇮🇳_IN_92_[FortuneGems];12750;"IN | LuckyStar | RegForm | CPA | 25 USD | 300 INR | total | 50 | Android | ALL |  |  | KPI Yes | MbManada | Falcons";Android;4;1;1;0;0
India;120246293082650106;1641083631350576;🇮🇳_IN_92_[FortuneGems];12750;"IN | LuckyStar | RegForm | CPA | 25 USD | 300 INR | total | 50 | Android | ALL |  |  | KPI Yes | MbManada | Falcons";Android;34;8;3;0;0
India;120246293082650106;1641083631350576;🇮🇳_IN_92_[FortuneGems];12751;"IN | LuckyStar | Fortune Gems | CPA | 25 USD | 300 INR | total | 50 | Android | ALL |  |  | KPI Yes | MbManada | Falcons";Android;1;1;0;0;0
India;120246293082650106;1641083631350576;🇮🇳_IN_92_[FortuneGems];12803;"IN | Kazmit | RegForm (fortune games) | CPA | 20 USD | 300 INR | total | 50 | Android | ALL |  |  | KPI Yes | MbManada | Falcons";Android;59;7;3;2;40
India;120246293082650106;1641083631350576;🇮🇳_IN_92_[FortuneGems];12832;"IN | LineBet | RegForm (Slot) | CPA | 25 USD | 95 INR | total | 50 | Android | ALL |  |  | KPI Yes | MbManada | Falcons";Android;6;5;0;0;0
India;120246293082660106;1641083631350576;🇮🇳_IN_92_[FortuneGems];12750;"IN | LuckyStar | RegForm | CPA | 25 USD | 300 INR | total | 50 | Android | ALL |  |  | KPI Yes | MbManada | Falcons";Android;7;3;0;0;0
India;120246293082660106;1641083631350576;🇮🇳_IN_92_[FortuneGems];12803;"IN | Kazmit | RegForm (fortune games) | CPA | 20 USD | 300 INR | total | 50 | Android | ALL |  |  | KPI Yes | MbManada | Falcons";Android;2;1;2;0;0
India;120246293082670106;1641083631350576;🇮🇳_IN_92_[FortuneGems];12750;"IN | LuckyStar | RegForm | CPA | 25 USD | 300 INR | total | 50 | Android | ALL |  |  | KPI Yes | MbManada | Falcons";Android;9;5;1;0;0
India;120246293082670106;1641083631350576;🇮🇳_IN_92_[FortuneGems];12803;"IN | Kazmit | RegForm (fortune games) | CPA | 20 USD | 300 INR | total | 50 | Android | ALL |  |  | KPI Yes | MbManada | Falcons";Android;4;1;1;0;0
India;120246293082680106;1641083631350576;🇮🇳_IN_92_[FortuneGems];12750;"IN | LuckyStar | RegForm | CPA | 25 USD | 300 INR | total | 50 | Android | ALL |  |  | KPI Yes | MbManada | Falcons";Android;29;8;4;0;0
India;120246310593000106;1641083631350576;🇮🇳_IN_92_[FortuneGems];12750;"IN | LuckyStar | RegForm | CPA | 25 USD | 300 INR | total | 50 | Android | ALL |  |  | KPI Yes | MbManada | Falcons";Android;1;1;0;0;0
India;120246310625370106;1641083631350576;🇮🇳_IN_94_[FortuneGems];12750;"IN | LuckyStar | RegForm | CPA | 25 USD | 300 INR | total | 50 | Android | ALL |  |  | KPI Yes | MbManada | Falcons";Android;14;4;1;0;0
India;120246310625430106;1641083631350576;🇮🇳_IN_92_[FortuneGems];12750;"IN | LuckyStar | RegForm | CPA | 25 USD | 300 INR | total | 50 | Android | ALL |  |  | KPI Yes | MbManada | Falcons";Android;24;5;3;0;0
India;120246310625450106;1641083631350576;🇮🇳_IN_94_[FortuneGems];12750;"IN | LuckyStar | RegForm | CPA | 25 USD | 300 INR | total | 50 | Android | ALL |  |  | KPI Yes | MbManada | Falcons";Android;5;4;1;0;0
India;120246310625460106;1641083631350576;🇮🇳_IN_92_[FortuneGems];12750;"IN | LuckyStar | RegForm | CPA | 25 USD | 300 INR | total | 50 | Android | ALL |  |  | KPI Yes | MbManada | Falcons";Android;66;8;4;1;25
India;120246310625460106;1641083631350576;🇮🇳_IN_92_[FortuneGems];12751;"IN | LuckyStar | Fortune Gems | CPA | 25 USD | 300 INR | total | 50 | Android | ALL |  |  | KPI Yes | MbManada | Falcons";Android;30;15;6;0;0
India;120246310625460106;1641083631350576;🇮🇳_IN_92_[FortuneGems];12803;"IN | Kazmit | RegForm (fortune games) | CPA | 20 USD | 300 INR | total | 50 | Android | ALL |  |  | KPI Yes | MbManada | Falcons";Android;3;1;1;0;0
India;120246310625470106;1641083631350576;🇮🇳_IN_92_[FortuneGems];12750;"IN | LuckyStar | RegForm | CPA | 25 USD | 300 INR | total | 50 | Android | ALL |  |  | KPI Yes | MbManada | Falcons";Android;7;3;2;0;0
India;120246310625470106;1641083631350576;🇮🇳_IN_92_[FortuneGems];12751;"IN | LuckyStar | Fortune Gems | CPA | 25 USD | 300 INR | total | 50 | Android | ALL |  |  | KPI Yes | MbManada | Falcons";Android;1;1;0;0;0
India;120246310625470106;1641083631350576;🇮🇳_IN_92_[FortuneGems];12803;"IN | Kazmit | RegForm (fortune games) | CPA | 20 USD | 300 INR | total | 50 | Android | ALL |  |  | KPI Yes | MbManada | Falcons";Android;11;1;1;1;20
India;120246310625470106;1641083631350576;🇮🇳_IN_95_[FortuneGems];12750;"IN | LuckyStar | RegForm | CPA | 25 USD | 300 INR | total | 50 | Android | ALL |  |  | KPI Yes | MbManada | Falcons";Android;11;2;2;0;0
India;120246310625480106;1641083631350576;🇮🇳_IN_92_[FortuneGems];12750;"IN | LuckyStar | RegForm | CPA | 25 USD | 300 INR | total | 50 | Android | ALL |  |  | KPI Yes | MbManada | Falcons";Android;17;5;3;1;25
India;120246310625480106;1641083631350576;🇮🇳_IN_92_[FortuneGems];12751;"IN | LuckyStar | Fortune Gems | CPA | 25 USD | 300 INR | total | 50 | Android | ALL |  |  | KPI Yes | MbManada | Falcons";Android;7;2;0;0;0
India;120246310625480106;1641083631350576;🇮🇳_IN_92_[FortuneGems];12803;"IN | Kazmit | RegForm (fortune games) | CPA | 20 USD | 300 INR | total | 50 | Android | ALL |  |  | KPI Yes | MbManada | Falcons";Android;2;1;1;0;0
India;120246310625480106;1641083631350576;🇮🇳_IN_94_[FortuneGems];12751;"IN | LuckyStar | Fortune Gems | CPA | 25 USD | 300 INR | total | 50 | Android | ALL |  |  | KPI Yes | MbManada | Falcons";Android;3;1;0;0;0
India;120246310625500106;1641083631350576;🇮🇳_IN_95_[FortuneGems];12750;"IN | LuckyStar | RegForm | CPA | 25 USD | 300 INR | total | 50 | Android | ALL |  |  | KPI Yes | MbManada | Falcons";Android;4;2;1;0;0
India;120246310625510106;1641083631350576;🇮🇳_IN_92_[FortuneGems];12750;"IN | LuckyStar | RegForm | CPA | 25 USD | 300 INR | total | 50 | Android | ALL |  |  | KPI Yes | MbManada | Falcons";Android;50;11;7;1;25
India;120246310625510106;1641083631350576;🇮🇳_IN_92_[FortuneGems];12751;"IN | LuckyStar | Fortune Gems | CPA | 25 USD | 300 INR | total | 50 | Android | ALL |  |  | KPI Yes | MbManada | Falcons";Android;37;10;3;0;0
India;120246310625510106;1641083631350576;🇮🇳_IN_92_[FortuneGems];12803;"IN | Kazmit | RegForm (fortune games) | CPA | 20 USD | 300 INR | total | 50 | Android | ALL |  |  | KPI Yes | MbManada | Falcons";Android;12;3;3;0;0
India;120246310625520106;1641083631350576;🇮🇳_IN_92_[FortuneGems];12750;"IN | LuckyStar | RegForm | CPA | 25 USD | 300 INR | total | 50 | Android | ALL |  |  | KPI Yes | MbManada | Falcons";Android;10;3;0;0;0
India;120246310625520106;1641083631350576;🇮🇳_IN_94_[FortuneGems];12750;"IN | LuckyStar | RegForm | CPA | 25 USD | 300 INR | total | 50 | Android | ALL |  |  | KPI Yes | MbManada | Falcons";Android;4;1;1;0;0
India;120246310625530106;1641083631350576;🇮🇳_IN_92_[FortuneGems];12750;"IN | LuckyStar | RegForm | CPA | 25 USD | 300 INR | total | 50 | Android | ALL |  |  | KPI Yes | MbManada | Falcons";Android;47;11;5;1;25
India;120246310625530106;1641083631350576;🇮🇳_IN_92_[FortuneGems];12751;"IN | LuckyStar | Fortune Gems | CPA | 25 USD | 300 INR | total | 50 | Android | ALL |  |  | KPI Yes | MbManada | Falcons";Android;42;9;4;1;25
India;120246310625530106;1641083631350576;🇮🇳_IN_92_[FortuneGems];12803;"IN | Kazmit | RegForm (fortune games) | CPA | 20 USD | 300 INR | total | 50 | Android | ALL |  |  | KPI Yes | MbManada | Falcons";Android;3;2;2;0;0
India;120246310625540106;1641083631350576;🇮🇳_IN_92_[FortuneGems];12750;"IN | LuckyStar | RegForm | CPA | 25 USD | 300 INR | total | 50 | Android | ALL |  |  | KPI Yes | MbManada | Falcons";Android;7;4;2;1;25
India;120246310625540106;1641083631350576;🇮🇳_IN_95_[FortuneGems];12750;"IN | LuckyStar | RegForm | CPA | 25 USD | 300 INR | total | 50 | Android | ALL |  |  | KPI Yes | MbManada | Falcons";Android;1;1;0;0;0
India;120246310625550106;1641083631350576;🇮🇳_IN_94_[FortuneGems];12750;"IN | LuckyStar | RegForm | CPA | 25 USD | 300 INR | total | 50 | Android | ALL |  |  | KPI Yes | MbManada | Falcons";Android;9;3;0;0;0
India;120246310625550106;1641083631350576;🇮🇳_IN_94_[FortuneGems];12751;"IN | LuckyStar | Fortune Gems | CPA | 25 USD | 300 INR | total | 50 | Android | ALL |  |  | KPI Yes | MbManada | Falcons";Android;2;1;0;0;0
India;120246310625560106;1641083631350576;🇮🇳_IN_92_[FortuneGems];12750;"IN | LuckyStar | RegForm | CPA | 25 USD | 300 INR | total | 50 | Android | ALL |  |  | KPI Yes | MbManada | Falcons";Android;67;13;7;1;25
India;120246310625560106;1641083631350576;🇮🇳_IN_92_[FortuneGems];12751;"IN | LuckyStar | Fortune Gems | CPA | 25 USD | 300 INR | total | 50 | Android | ALL |  |  | KPI Yes | MbManada | Falcons";Android;34;5;3;2;50
India;120246310625560106;1641083631350576;🇮🇳_IN_94_[FortuneGems];12751;"IN | LuckyStar | Fortune Gems | CPA | 25 USD | 300 INR | total | 50 | Android | ALL |  |  | KPI Yes | MbManada | Falcons";Android;2;1;1;0;0
India;120246310625570106;1641083631350576;🇮🇳_IN_92_[FortuneGems];12750;"IN | LuckyStar | RegForm | CPA | 25 USD | 300 INR | total | 50 | Android | ALL |  |  | KPI Yes | MbManada | Falcons";Android;9;2;0;0;0
India;120246310625570106;1641083631350576;🇮🇳_IN_94_[FortuneGems];12750;"IN | LuckyStar | RegForm | CPA | 25 USD | 300 INR | total | 50 | Android | ALL |  |  | KPI Yes | MbManada | Falcons";Android;13;4;2;0;0
India;120246310625570106;1641083631350576;🇮🇳_IN_94_[FortuneGems];12750;"IN | LuckyStar | RegForm | CPA | 25 USD | 300 INR | total | 50 | Android | ALL |  |  | KPI Yes | MbManada | Falcons";iOS;2;1;0;0;0
India;120246310625580106;1641083631350576;🇮🇳_IN_94_[FortuneGems];12750;"IN | LuckyStar | RegForm | CPA | 25 USD | 300 INR | total | 50 | Android | ALL |  |  | KPI Yes | MbManada | Falcons";Android;3;2;2;0;0
India;120246310625590106;1641083631350576;🇮🇳_IN_92_[FortuneGems];12750;"IN | LuckyStar | RegForm | CPA | 25 USD | 300 INR | total | 50 | Android | ALL |  |  | KPI Yes | MbManada | Falcons";Android;58;6;3;0;0
India;120246310625590106;1641083631350576;🇮🇳_IN_92_[FortuneGems];12750;"IN | LuckyStar | RegForm | CPA | 25 USD | 300 INR | total | 50 | Android | ALL |  |  | KPI Yes | MbManada | Falcons";GNU/Linux;1;1;0;0;0
India;120246310625590106;1641083631350576;🇮🇳_IN_92_[FortuneGems];12751;"IN | LuckyStar | Fortune Gems | CPA | 25 USD | 300 INR | total | 50 | Android | ALL |  |  | KPI Yes | MbManada | Falcons";Android;9;1;1;0;0
India;120246310625590106;1641083631350576;🇮🇳_IN_94_[FortuneGems];12750;"IN | LuckyStar | RegForm | CPA | 25 USD | 300 INR | total | 50 | Android | ALL |  |  | KPI Yes | MbManada | Falcons";Android;5;2;0;0;0
India;120246310625600106;1641083631350576;🇮🇳_IN_95_[FortuneGems];12750;"IN | LuckyStar | RegForm | CPA | 25 USD | 300 INR | total | 50 | Android | ALL |  |  | KPI Yes | MbManada | Falcons";Android;5;2;1;0;0
India;120246310625730106;1641083631350576;🇮🇳_IN_92_[FortuneGems];12750;"IN | LuckyStar | RegForm | CPA | 25 USD | 300 INR | total | 50 | Android | ALL |  |  | KPI Yes | MbManada | Falcons";Android;20;7;0;0;0
India;120246310625730106;1641083631350576;🇮🇳_IN_92_[FortuneGems];12803;"IN | Kazmit | RegForm (fortune games) | CPA | 20 USD | 300 INR | total | 50 | Android | ALL |  |  | KPI Yes | MbManada | Falcons";Android;2;1;0;0;0
India;120246311284060106;1641083631350576;🇮🇳_IN_94_[FortuneGems];12750;"IN | LuckyStar | RegForm | CPA | 25 USD | 300 INR | total | 50 | Android | ALL |  |  | KPI Yes | MbManada | Falcons";Android;3;1;0;0;0
India;120246311284070106;1641083631350576;🇮🇳_IN_94_[FortuneGems];12750;"IN | LuckyStar | RegForm | CPA | 25 USD | 300 INR | total | 50 | Android | ALL |  |  | KPI Yes | MbManada | Falcons";Android;1;1;0;0;0
India;120246311284630106;1641083631350576;🇮🇳_IN_94_[FortuneGems];12750;"IN | LuckyStar | RegForm | CPA | 25 USD | 300 INR | total | 50 | Android | ALL |  |  | KPI Yes | MbManada | Falcons";iOS;2;1;0;0;0
India;120246311284650106;1641083631350576;🇮🇳_IN_94_[FortuneGems];12750;"IN | LuckyStar | RegForm | CPA | 25 USD | 300 INR | total | 50 | Android | ALL |  |  | KPI Yes | MbManada | Falcons";Android;4;3;1;0;0
India;120246311284740106;1641083631350576;🇮🇳_IN_92_[FortuneGems];12750;"IN | LuckyStar | RegForm | CPA | 25 USD | 300 INR | total | 50 | Android | ALL |  |  | KPI Yes | MbManada | Falcons";Android;14;4;1;0;0
India;120246311284740106;1641083631350576;🇮🇳_IN_92_[FortuneGems];12803;"IN | Kazmit | RegForm (fortune games) | CPA | 20 USD | 300 INR | total | 50 | Android | ALL |  |  | KPI Yes | MbManada | Falcons";Android;4;1;0;0;0
India;120246311284740106;1641083631350576;🇮🇳_IN_95_[FortuneGems];12750;"IN | LuckyStar | RegForm | CPA | 25 USD | 300 INR | total | 50 | Android | ALL |  |  | KPI Yes | MbManada | Falcons";Android;4;2;0;0;0
India;120246311284750106;1641083631350576;🇮🇳_IN_94_[FortuneGems];12750;"IN | LuckyStar | RegForm | CPA | 25 USD | 300 INR | total | 50 | Android | ALL |  |  | KPI Yes | MbManada | Falcons";Android;7;2;0;0;0
India;120246311284750106;1641083631350576;🇮🇳_IN_94_[FortuneGems];12751;"IN | LuckyStar | Fortune Gems | CPA | 25 USD | 300 INR | total | 50 | Android | ALL |  |  | KPI Yes | MbManada | Falcons";Android;3;1;1;0;0
India;120246311284760106;1641083631350576;🇮🇳_IN_94_[FortuneGems];12750;"IN | LuckyStar | RegForm | CPA | 25 USD | 300 INR | total | 50 | Android | ALL |  |  | KPI Yes | MbManada | Falcons";Android;16;2;0;0;0
India;120246311284760106;1641083631350576;🇮🇳_IN_95_[FortuneGems];12750;"IN | LuckyStar | RegForm | CPA | 25 USD | 300 INR | total | 50 | Android | ALL |  |  | KPI Yes | MbManada | Falcons";Android;6;3;1;0;0
India;120246311284770106;1641083631350576;🇮🇳_IN_92_[FortuneGems];12750;"IN | LuckyStar | RegForm | CPA | 25 USD | 300 INR | total | 50 | Android | ALL |  |  | KPI Yes | MbManada | Falcons";Android;35;4;2;1;25
India;120246311284770106;1641083631350576;🇮🇳_IN_92_[FortuneGems];12750;"IN | LuckyStar | RegForm | CPA | 25 USD | 300 INR | total | 50 | Android | ALL |  |  | KPI Yes | MbManada | Falcons";iOS;3;2;1;1;25
India;120246311284770106;1641083631350576;🇮🇳_IN_94_[FortuneGems];12750;"IN | LuckyStar | RegForm | CPA | 25 USD | 300 INR | total | 50 | Android | ALL |  |  | KPI Yes | MbManada | Falcons";Android;1;1;0;0;0
India;120246311284770106;1641083631350576;🇮🇳_IN_95_[FortuneGems];12750;"IN | LuckyStar | RegForm | CPA | 25 USD | 300 INR | total | 50 | Android | ALL |  |  | KPI Yes | MbManada | Falcons";iOS;1;1;1;0;0
India;120246311284770106;1641083631350576;🇮🇳_IN_95_[FortuneGems];12751;"IN | LuckyStar | Fortune Gems | CPA | 25 USD | 300 INR | total | 50 | Android | ALL |  |  | KPI Yes | MbManada | Falcons";Android;14;5;5;0;0
India;120246311284790106;1641083631350576;🇮🇳_IN_95_[FortuneGems];12750;"IN | LuckyStar | RegForm | CPA | 25 USD | 300 INR | total | 50 | Android | ALL |  |  | KPI Yes | MbManada | Falcons";iOS;2;1;0;0;0
India;120246311284800106;1641083631350576;🇮🇳_IN_92_[FortuneGems];12750;"IN | LuckyStar | RegForm | CPA | 25 USD | 300 INR | total | 50 | Android | ALL |  |  | KPI Yes | MbManada | Falcons";Android;7;1;1;0;0
India;120246311284820106;1641083631350576;🇮🇳_IN_94_[FortuneGems];12750;"IN | LuckyStar | RegForm | CPA | 25 USD | 300 INR | total | 50 | Android | ALL |  |  | KPI Yes | MbManada | Falcons";Android;5;2;1;1;25
India;120246311284830106;1641083631350576;🇮🇳_IN_92_[FortuneGems];12750;"IN | LuckyStar | RegForm | CPA | 25 USD | 300 INR | total | 50 | Android | ALL |  |  | KPI Yes | MbManada | Falcons";Android;2;1;1;0;0
India;120246311284830106;1641083631350576;🇮🇳_IN_94_[FortuneGems];12750;"IN | LuckyStar | RegForm | CPA | 25 USD | 300 INR | total | 50 | Android | ALL |  |  | KPI Yes | MbManada | Falcons";Android;2;1;1;0;0
India;120246311284830106;1641083631350576;🇮🇳_IN_94_[FortuneGems];12751;"IN | LuckyStar | Fortune Gems | CPA | 25 USD | 300 INR | total | 50 | Android | ALL |  |  | KPI Yes | MbManada | Falcons";Android;3;1;1;0;0
India;120246311284910106;1641083631350576;🇮🇳_IN_95_[FortuneGems];12750;"IN | LuckyStar | RegForm | CPA | 25 USD | 300 INR | total | 50 | Android | ALL |  |  | KPI Yes | MbManada | Falcons";Android;6;3;2;0;0
India;120246311284910106;1641083631350576;🇮🇳_IN_95_[FortuneGems];12750;"IN | LuckyStar | RegForm | CPA | 25 USD | 300 INR | total | 50 | Android | ALL |  |  | KPI Yes | MbManada | Falcons";iOS;1;1;0;0;0
India;120246311284960106;1641083631350576;🇮🇳_IN_94_[FortuneGems];12750;"IN | LuckyStar | RegForm | CPA | 25 USD | 300 INR | total | 50 | Android | ALL |  |  | KPI Yes | MbManada | Falcons";Android;12;1;1;1;25
India;120246311284970106;1641083631350576;🇮🇳_IN_94_[FortuneGems];12750;"IN | LuckyStar | RegForm | CPA | 25 USD | 300 INR | total | 50 | Android | ALL |  |  | KPI Yes | MbManada | Falcons";Android;2;1;1;0;0
India;120246311284990106;1641083631350576;🇮🇳_IN_92_[FortuneGems];12750;"IN | LuckyStar | RegForm | CPA | 25 USD | 300 INR | total | 50 | Android | ALL |  |  | KPI Yes | MbManada | Falcons";Android;10;3;2;0;0
India;120246311284990106;1641083631350576;🇮🇳_IN_95_[FortuneGems];12750;"IN | LuckyStar | RegForm | CPA | 25 USD | 300 INR | total | 50 | Android | ALL |  |  | KPI Yes | MbManada | Falcons";Android;1;1;0;0;0
India;120246311285010106;1641083631350576;🇮🇳_IN_92_[FortuneGems];12750;"IN | LuckyStar | RegForm | CPA | 25 USD | 300 INR | total | 50 | Android | ALL |  |  | KPI Yes | MbManada | Falcons";Android;13;2;0;0;0
India;120246311285010106;1641083631350576;🇮🇳_IN_94_[FortuneGems];12750;"IN | LuckyStar | RegForm | CPA | 25 USD | 300 INR | total | 50 | Android | ALL |  |  | KPI Yes | MbManada | Falcons";Android;1;1;1;0;0
India;120246311285020106;1641083631350576;🇮🇳_IN_94_[FortuneGems];12750;"IN | LuckyStar | RegForm | CPA | 25 USD | 300 INR | total | 50 | Android | ALL |  |  | KPI Yes | MbManada | Falcons";Android;12;4;3;1;25
India;120246311285040106;1641083631350576;🇮🇳_IN_94_[FortuneGems];12750;"IN | LuckyStar | RegForm | CPA | 25 USD | 300 INR | total | 50 | Android | ALL |  |  | KPI Yes | MbManada | Falcons";Android;2;2;1;0;0
India;120246311285050106;1641083631350576;🇮🇳_IN_92_[FortuneGems];12750;"IN | LuckyStar | RegForm | CPA | 25 USD | 300 INR | total | 50 | Android | ALL |  |  | KPI Yes | MbManada | Falcons";Android;26;5;3;2;50
India;120246311285050106;1641083631350576;🇮🇳_IN_94_[FortuneGems];12751;"IN | LuckyStar | Fortune Gems | CPA | 25 USD | 300 INR | total | 50 | Android | ALL |  |  | KPI Yes | MbManada | Falcons";Android;3;2;1;0;0
India;120246311285050106;1641083631350576;🇮🇳_IN_94_[FortuneGems];12803;"IN | Kazmit | RegForm (fortune games) | CPA | 20 USD | 300 INR | total | 50 | Android | ALL |  |  | KPI Yes | MbManada | Falcons";Android;7;3;3;0;0
India;120246311285050106;1641083631350576;🇮🇳_IN_95_[FortuneGems];12750;"IN | LuckyStar | RegForm | CPA | 25 USD | 300 INR | total | 50 | Android | ALL |  |  | KPI Yes | MbManada | Falcons";Android;2;1;0;0;0
India;120246311285050106;1641083631350576;🇮🇳_IN_95_[FortuneGems];12751;"IN | LuckyStar | Fortune Gems | CPA | 25 USD | 300 INR | total | 50 | Android | ALL |  |  | KPI Yes | MbManada | Falcons";Android;61;14;8;0;0
India;120246311285050106;1641083631350576;🇮🇳_IN_95_[FortuneGems];12751;"IN | LuckyStar | Fortune Gems | CPA | 25 USD | 300 INR | total | 50 | Android | ALL |  |  | KPI Yes | MbManada | Falcons";iOS;3;1;0;0;0
India;120246363324460106;1641083631350576;🇮🇳_IN_94_[FortuneGems];12803;"IN | Kazmit | RegForm (fortune games) | CPA | 20 USD | 300 INR | total | 50 | Android | ALL |  |  | KPI Yes | MbManada | Falcons";Android;1;1;1;0;0
India;120246363398090106;1641083631350576;🇮🇳_IN_92_[FortuneGems];12803;"IN | Kazmit | RegForm (fortune games) | CPA | 20 USD | 300 INR | total | 50 | Android | ALL |  |  | KPI Yes | MbManada | Falcons";Android;13;2;2;1;20
India;120246363398090106;1641083631350576;🇮🇳_IN_94_[FortuneGems];12803;"IN | Kazmit | RegForm (fortune games) | CPA | 20 USD | 300 INR | total | 50 | Android | ALL |  |  | KPI Yes | MbManada | Falcons";Android;3;1;1;0;0
India;120246363398100106;1641083631350576;🇮🇳_IN_94_[FortuneGems];12803;"IN | Kazmit | RegForm (fortune games) | CPA | 20 USD | 300 INR | total | 50 | Android | ALL |  |  | KPI Yes | MbManada | Falcons";Android;3;1;0;0;0
India;120246363398610106;1641083631350576;🇮🇳_IN_92_[FortuneGems];12803;"IN | Kazmit | RegForm (fortune games) | CPA | 20 USD | 300 INR | total | 50 | Android | ALL |  |  | KPI Yes | MbManada | Falcons";Android;5;1;1;0;0
India;120246363398610106;1641083631350576;🇮🇳_IN_94_[FortuneGems];12803;"IN | Kazmit | RegForm (fortune games) | CPA | 20 USD | 300 INR | total | 50 | Android | ALL |  |  | KPI Yes | MbManada | Falcons";Android;11;2;2;0;0
India;120246363398620106;1641083631350576;🇮🇳_IN_92_[FortuneGems];12803;"IN | Kazmit | RegForm (fortune games) | CPA | 20 USD | 300 INR | total | 50 | Android | ALL |  |  | KPI Yes | MbManada | Falcons";Android;10;3;3;1;20
India;120246363398620106;1641083631350576;🇮🇳_IN_94_[FortuneGems];12803;"IN | Kazmit | RegForm (fortune games) | CPA | 20 USD | 300 INR | total | 50 | Android | ALL |  |  | KPI Yes | MbManada | Falcons";Android;4;3;1;0;0
India;120246363398630106;1641083631350576;🇮🇳_IN_92_[FortuneGems];12803;"IN | Kazmit | RegForm (fortune games) | CPA | 20 USD | 300 INR | total | 50 | Android | ALL |  |  | KPI Yes | MbManada | Falcons";Android;4;2;1;0;0
India;120246363398630106;1641083631350576;🇮🇳_IN_94_[FortuneGems];12803;"IN | Kazmit | RegForm (fortune games) | CPA | 20 USD | 300 INR | total | 50 | Android | ALL |  |  | KPI Yes | MbManada | Falcons";Android;13;3;2;1;20
India;120246363398650106;1641083631350576;🇮🇳_IN_94_[FortuneGems];12803;"IN | Kazmit | RegForm (fortune games) | CPA | 20 USD | 300 INR | total | 50 | Android | ALL |  |  | KPI Yes | MbManada | Falcons";Android;12;3;3;0;0
India;120246363398660106;1641083631350576;🇮🇳_IN_92_[FortuneGems];12803;"IN | Kazmit | RegForm (fortune games) | CPA | 20 USD | 300 INR | total | 50 | Android | ALL |  |  | KPI Yes | MbManada | Falcons";Android;19;4;4;1;20
India;120246363398670106;1641083631350576;🇮🇳_IN_94_[FortuneGems];12803;"IN | Kazmit | RegForm (fortune games) | CPA | 20 USD | 300 INR | total | 50 | Android | ALL |  |  | KPI Yes | MbManada | Falcons";iOS;2;2;0;0;0
India;120246363398680106;1641083631350576;🇮🇳_IN_94_[FortuneGems];12803;"IN | Kazmit | RegForm (fortune games) | CPA | 20 USD | 300 INR | total | 50 | Android | ALL |  |  | KPI Yes | MbManada | Falcons";Android;2;1;0;0;0
India;120246363398690106;1641083631350576;🇮🇳_IN_94_[FortuneGems];12803;"IN | Kazmit | RegForm (fortune games) | CPA | 20 USD | 300 INR | total | 50 | Android | ALL |  |  | KPI Yes | MbManada | Falcons";Android;1;1;1;0;0
India;120246363398710106;1641083631350576;🇮🇳_IN_94_[FortuneGems];12803;"IN | Kazmit | RegForm (fortune games) | CPA | 20 USD | 300 INR | total | 50 | Android | ALL |  |  | KPI Yes | MbManada | Falcons";Android;3;1;1;0;0
India;120246363398720106;1641083631350576;🇮🇳_IN_94_[FortuneGems];12803;"IN | Kazmit | RegForm (fortune games) | CPA | 20 USD | 300 INR | total | 50 | Android | ALL |  |  | KPI Yes | MbManada | Falcons";Android;1;1;1;0;0
India;120246363398730106;1641083631350576;🇮🇳_IN_94_[FortuneGems];12803;"IN | Kazmit | RegForm (fortune games) | CPA | 20 USD | 300 INR | total | 50 | Android | ALL |  |  | KPI Yes | MbManada | Falcons";Android;2;1;1;0;0
India;120246363398750106;1641083631350576;🇮🇳_IN_94_[FortuneGems];12803;"IN | Kazmit | RegForm (fortune games) | CPA | 20 USD | 300 INR | total | 50 | Android | ALL |  |  | KPI Yes | MbManada | Falcons";iOS;1;1;0;0;0
India;120246363398760106;1641083631350576;🇮🇳_IN_94_[FortuneGems];12803;"IN | Kazmit | RegForm (fortune games) | CPA | 20 USD | 300 INR | total | 50 | Android | ALL |  |  | KPI Yes | MbManada | Falcons";Android;9;2;2;0;0
India;120246363398770106;1641083631350576;🇮🇳_IN_92_[FortuneGems];12803;"IN | Kazmit | RegForm (fortune games) | CPA | 20 USD | 300 INR | total | 50 | Android | ALL |  |  | KPI Yes | MbManada | Falcons";Android;1;1;1;0;0
India;120246363398780106;1641083631350576;🇮🇳_IN_92_[FortuneGems];12803;"IN | Kazmit | RegForm (fortune games) | CPA | 20 USD | 300 INR | total | 50 | Android | ALL |  |  | KPI Yes | MbManada | Falcons";Android;3;1;1;0;0
India;120246363398780106;1641083631350576;🇮🇳_IN_92_[FortuneGems];12803;"IN | Kazmit | RegForm (fortune games) | CPA | 20 USD | 300 INR | total | 50 | Android | ALL |  |  | KPI Yes | MbManada | Falcons";iOS;1;1;1;1;20
India;120246363398790106;1641083631350576;🇮🇳_IN_92_[FortuneGems];12803;"IN | Kazmit | RegForm (fortune games) | CPA | 20 USD | 300 INR | total | 50 | Android | ALL |  |  | KPI Yes | MbManada | Falcons";Android;15;5;4;0;0
India;120246363398790106;1641083631350576;🇮🇳_IN_92_[FortuneGems];12832;"IN | LineBet | RegForm (Slot) | CPA | 25 USD | 95 INR | total | 50 | Android | ALL |  |  | KPI Yes | MbManada | Falcons";Android;1;1;0;0;0
India;120246363398790106;1641083631350576;🇮🇳_IN_94_[FortuneGems];12803;"IN | Kazmit | RegForm (fortune games) | CPA | 20 USD | 300 INR | total | 50 | Android | ALL |  |  | KPI Yes | MbManada | Falcons";Android;4;2;1;0;0
India;120246363398810106;1641083631350576;🇮🇳_IN_92_[FortuneGems];12803;"IN | Kazmit | RegForm (fortune games) | CPA | 20 USD | 300 INR | total | 50 | Android | ALL |  |  | KPI Yes | MbManada | Falcons";Android;7;2;2;0;0
India;120246363398810106;1641083631350576;🇮🇳_IN_94_[FortuneGems];12803;"IN | Kazmit | RegForm (fortune games) | CPA | 20 USD | 300 INR | total | 50 | Android | ALL |  |  | KPI Yes | MbManada | Falcons";Android;4;1;2;0;0
India;120246363398820106;1641083631350576;🇮🇳_IN_92_[FortuneGems];12803;"IN | Kazmit | RegForm (fortune games) | CPA | 20 USD | 300 INR | total | 50 | Android | ALL |  |  | KPI Yes | MbManada | Falcons";Android;3;1;1;0;0
India;120246363398820106;1641083631350576;🇮🇳_IN_92_[FortuneGems];12803;"IN | Kazmit | RegForm (fortune games) | CPA | 20 USD | 300 INR | total | 50 | Android | ALL |  |  | KPI Yes | MbManada | Falcons";iOS;1;1;0;0;0
India;120246363398820106;1641083631350576;🇮🇳_IN_94_[FortuneGems];12803;"IN | Kazmit | RegForm (fortune games) | CPA | 20 USD | 300 INR | total | 50 | Android | ALL |  |  | KPI Yes | MbManada | Falcons";Android;4;2;2;0;0
India;120246363398830106;1641083631350576;🇮🇳_IN_92_[FortuneGems];12803;"IN | Kazmit | RegForm (fortune games) | CPA | 20 USD | 300 INR | total | 50 | Android | ALL |  |  | KPI Yes | MbManada | Falcons";Android;5;2;2;0;0
India;120246363398830106;1641083631350576;🇮🇳_IN_94_[FortuneGems];12803;"IN | Kazmit | RegForm (fortune games) | CPA | 20 USD | 300 INR | total | 50 | Android | ALL |  |  | KPI Yes | MbManada | Falcons";Android;5;2;1;0;0
India;120246363398840106;1641083631350576;🇮🇳_IN_94_[FortuneGems];12803;"IN | Kazmit | RegForm (fortune games) | CPA | 20 USD | 300 INR | total | 50 | Android | ALL |  |  | KPI Yes | MbManada | Falcons";Android;8;5;5;0;0
India;120246363398850106;1641083631350576;🇮🇳_IN_94_[FortuneGems];12803;"IN | Kazmit | RegForm (fortune games) | CPA | 20 USD | 300 INR | total | 50 | Android | ALL |  |  | KPI Yes | MbManada | Falcons";Android;4;1;1;0;0
India;120246365946530106;1641083631350576;🇮🇳_IN_92_[FortuneGems];12803;"IN | Kazmit | RegForm (fortune games) | CPA | 20 USD | 300 INR | total | 50 | Android | ALL |  |  | KPI Yes | MbManada | Falcons";iOS;2;1;1;0;0
India;120246365993780106;1641083631350576;🇮🇳_IN_92_[FortuneGems];12803;"IN | Kazmit | RegForm (fortune games) | CPA | 20 USD | 300 INR | total | 50 | Android | ALL |  |  | KPI Yes | MbManada | Falcons";Android;5;2;2;1;20
India;120246365993790106;1641083631350576;🇮🇳_IN_92_[FortuneGems];12803;"IN | Kazmit | RegForm (fortune games) | CPA | 20 USD | 300 INR | total | 50 | Android | ALL |  |  | KPI Yes | MbManada | Falcons";Android;3;1;1;0;0
India;120246365993800106;1641083631350576;🇮🇳_IN_92_[FortuneGems];12803;"IN | Kazmit | RegForm (fortune games) | CPA | 20 USD | 300 INR | total | 50 | Android | ALL |  |  | KPI Yes | MbManada | Falcons";Android;10;1;1;0;0
India;120246365993810106;1641083631350576;🇮🇳_IN_92_[FortuneGems];12803;"IN | Kazmit | RegForm (fortune games) | CPA | 20 USD | 300 INR | total | 50 | Android | ALL |  |  | KPI Yes | MbManada | Falcons";Android;4;2;2;0;0
India;120246365993820106;1641083631350576;🇮🇳_IN_92_[FortuneGems];12803;"IN | Kazmit | RegForm (fortune games) | CPA | 20 USD | 300 INR | total | 50 | Android | ALL |  |  | KPI Yes | MbManada | Falcons";Android;6;2;1;0;0
India;120246365993830106;1641083631350576;🇮🇳_IN_92_[FortuneGems];12803;"IN | Kazmit | RegForm (fortune games) | CPA | 20 USD | 300 INR | total | 50 | Android | ALL |  |  | KPI Yes | MbManada | Falcons";Android;17;3;3;2;40
India;120246365993840106;1641083631350576;🇮🇳_IN_92_[FortuneGems];12803;"IN | Kazmit | RegForm (fortune games) | CPA | 20 USD | 300 INR | total | 50 | Android | ALL |  |  | KPI Yes | MbManada | Falcons";Android;22;3;3;1;20
India;120246365993840106;1641083631350576;🇮🇳_IN_92_[FortuneGems];12803;"IN | Kazmit | RegForm (fortune games) | CPA | 20 USD | 300 INR | total | 50 | Android | ALL |  |  | KPI Yes | MbManada | Falcons";iOS;1;1;0;0;0
India;120246365993850106;1641083631350576;🇮🇳_IN_92_[FortuneGems];12803;"IN | Kazmit | RegForm (fortune games) | CPA | 20 USD | 300 INR | total | 50 | Android | ALL |  |  | KPI Yes | MbManada | Falcons";Android;7;3;3;0;0
India;120246365993860106;1641083631350576;🇮🇳_IN_92_[FortuneGems];12803;"IN | Kazmit | RegForm (fortune games) | CPA | 20 USD | 300 INR | total | 50 | Android | ALL |  |  | KPI Yes | MbManada | Falcons";Android;5;2;0;0;0
India;120246365993870106;1641083631350576;🇮🇳_IN_92_[FortuneGems];12803;"IN | Kazmit | RegForm (fortune games) | CPA | 20 USD | 300 INR | total | 50 | Android | ALL |  |  | KPI Yes | MbManada | Falcons";Android;2;1;0;0;0
India;120246365993890106;1641083631350576;🇮🇳_IN_92_[FortuneGems];12803;"IN | Kazmit | RegForm (fortune games) | CPA | 20 USD | 300 INR | total | 50 | Android | ALL |  |  | KPI Yes | MbManada | Falcons";Android;9;5;3;0;0
India;120246365993900106;1641083631350576;🇮🇳_IN_92_[FortuneGems];12803;"IN | Kazmit | RegForm (fortune games) | CPA | 20 USD | 300 INR | total | 50 | Android | ALL |  |  | KPI Yes | MbManada | Falcons";Android;8;2;2;1;20
India;120246365993910106;1641083631350576;🇮🇳_IN_92_[FortuneGems];12803;"IN | Kazmit | RegForm (fortune games) | CPA | 20 USD | 300 INR | total | 50 | Android | ALL |  |  | KPI Yes | MbManada | Falcons";Android;3;1;0;0;0
India;120246365993910106;1641083631350576;🇮🇳_IN_92_[FortuneGems];12803;"IN | Kazmit | RegForm (fortune games) | CPA | 20 USD | 300 INR | total | 50 | Android | ALL |  |  | KPI Yes | MbManada | Falcons";iOS;1;1;0;0;0
India;120246365993930106;1641083631350576;🇮🇳_IN_92_[FortuneGems];12803;"IN | Kazmit | RegForm (fortune games) | CPA | 20 USD | 300 INR | total | 50 | Android | ALL |  |  | KPI Yes | MbManada | Falcons";Android;5;3;2;0;0
India;120246365994010106;1641083631350576;🇮🇳_IN_92_[FortuneGems];12803;"IN | Kazmit | RegForm (fortune games) | CPA | 20 USD | 300 INR | total | 50 | Android | ALL |  |  | KPI Yes | MbManada | Falcons";Android;2;1;1;0;0
India;120246377795500106;1641083631350576;🇮🇳_IN_92_[FortuneGems];12803;"IN | Kazmit | RegForm (fortune games) | CPA | 20 USD | 300 INR | total | 50 | Android | ALL |  |  | KPI Yes | MbManada | Falcons";Android;12;4;3;0;0
India;120246377916910106;1641083631350576;🇮🇳_IN_97_[FortuneGems];12803;"IN | Kazmit | RegForm (fortune games) | CPA | 20 USD | 300 INR | total | 50 | Android | ALL |  |  | KPI Yes | MbManada | Falcons";Android;24;6;5;3;60
India;120246377916910106;1641083631350576;🇮🇳_IN_97_[FortuneGems];12832;"IN | LineBet | RegForm (Slot) | CPA | 25 USD | 95 INR | total | 50 | Android | ALL |  |  | KPI Yes | MbManada | Falcons";Android;1;1;0;0;0
India;120246377916910106;1641083631350576;🇮🇳_IN_97_[FortuneGems];12832;"IN | LineBet | RegForm (Slot) | CPA | 25 USD | 95 INR | total | 50 | Android | ALL |  |  | KPI Yes | MbManada | Falcons";Windows;1;1;0;0;0
India;120246377916910106;1641083631350576;🇮🇳_IN_98_[FortuneGems];12750;"IN | LuckyStar | RegForm | CPA | 25 USD | 300 INR | total | 50 | Android | ALL |  |  | KPI Yes | MbManada | Falcons";Android;1;0;0;0;0
India;120246377916910106;1641083631350576;🇮🇳_IN_98_[FortuneGems];12803;"IN | Kazmit | RegForm (fortune games) | CPA | 20 USD | 300 INR | total | 50 | Android | ALL |  |  | KPI Yes | MbManada | Falcons";Android;1;1;1;0;0
India;120246378361580106;1641083631350576;🇮🇳_IN_92_[FortuneGems];12803;"IN | Kazmit | RegForm (fortune games) | CPA | 20 USD | 300 INR | total | 50 | Android | ALL |  |  | KPI Yes | MbManada | Falcons";Android;15;4;4;0;0
India;120246378363700106;1641083631350576;🇮🇳_IN_92_[FortuneGems];12803;"IN | Kazmit | RegForm (fortune games) | CPA | 20 USD | 300 INR | total | 50 | Android | ALL |  |  | KPI Yes | MbManada | Falcons";Android;18;6;5;1;20
India;120246378363700106;1641083631350576;🇮🇳_IN_92_[FortuneGems];12832;"IN | LineBet | RegForm (Slot) | CPA | 25 USD | 95 INR | total | 50 | Android | ALL |  |  | KPI Yes | MbManada | Falcons";Android;4;1;0;0;0
India;120246378363710106;1641083631350576;🇮🇳_IN_92_[FortuneGems];12803;"IN | Kazmit | RegForm (fortune games) | CPA | 20 USD | 300 INR | total | 50 | Android | ALL |  |  | KPI Yes | MbManada | Falcons";Android;8;4;4;0;0
India;120246378363710106;1641083631350576;🇮🇳_IN_92_[FortuneGems];12803;"IN | Kazmit | RegForm (fortune games) | CPA | 20 USD | 300 INR | total | 50 | Android | ALL |  |  | KPI Yes | MbManada | Falcons";iOS;2;1;0;0;0
India;120246378363720106;1641083631350576;🇮🇳_IN_92_[FortuneGems];12803;"IN | Kazmit | RegForm (fortune games) | CPA | 20 USD | 300 INR | total | 50 | Android | ALL |  |  | KPI Yes | MbManada | Falcons";Android;2;1;1;0;0
India;120246378363840106;1641083631350576;🇮🇳_IN_92_[FortuneGems];12803;"IN | Kazmit | RegForm (fortune games) | CPA | 20 USD | 300 INR | total | 50 | Android | ALL |  |  | KPI Yes | MbManada | Falcons";Android;8;4;2;0;0
India;120246378363860106;1641083631350576;🇮🇳_IN_92_[FortuneGems];12803;"IN | Kazmit | RegForm (fortune games) | CPA | 20 USD | 300 INR | total | 50 | Android | ALL |  |  | KPI Yes | MbManada | Falcons";Android;13;4;4;0;0
India;120246378364130106;1641083631350576;🇮🇳_IN_92_[FortuneGems];12803;"IN | Kazmit | RegForm (fortune games) | CPA | 20 USD | 300 INR | total | 50 | Android | ALL |  |  | KPI Yes | MbManada | Falcons";Android;17;2;2;1;20
India;120246378364170106;1641083631350576;🇮🇳_IN_92_[FortuneGems];12803;"IN | Kazmit | RegForm (fortune games) | CPA | 20 USD | 300 INR | total | 50 | Android | ALL |  |  | KPI Yes | MbManada | Falcons";Android;14;4;3;0;0
India;120246378364180106;1641083631350576;🇮🇳_IN_92_[FortuneGems];12803;"IN | Kazmit | RegForm (fortune games) | CPA | 20 USD | 300 INR | total | 50 | Android | ALL |  |  | KPI Yes | MbManada | Falcons";Android;2;1;1;0;0
India;120246378364200106;1641083631350576;🇮🇳_IN_92_[FortuneGems];12803;"IN | Kazmit | RegForm (fortune games) | CPA | 20 USD | 300 INR | total | 50 | Android | ALL |  |  | KPI Yes | MbManada | Falcons";Android;11;3;2;0;0
India;120246378364250106;1641083631350576;🇮🇳_IN_92_[FortuneGems];12803;"IN | Kazmit | RegForm (fortune games) | CPA | 20 USD | 300 INR | total | 50 | Android | ALL |  |  | KPI Yes | MbManada | Falcons";Android;3;1;1;0;0
India;120246378364280106;1641083631350576;🇮🇳_IN_92_[FortuneGems];12803;"IN | Kazmit | RegForm (fortune games) | CPA | 20 USD | 300 INR | total | 50 | Android | ALL |  |  | KPI Yes | MbManada | Falcons";Android;13;3;2;0;0
India;120246378364290106;1641083631350576;🇮🇳_IN_92_[FortuneGems];12803;"IN | Kazmit | RegForm (fortune games) | CPA | 20 USD | 300 INR | total | 50 | Android | ALL |  |  | KPI Yes | MbManada | Falcons";Android;8;3;3;0;0
India;120246378364320106;1641083631350576;🇮🇳_IN_92_[FortuneGems];12803;"IN | Kazmit | RegForm (fortune games) | CPA | 20 USD | 300 INR | total | 50 | Android | ALL |  |  | KPI Yes | MbManada | Falcons";Android;2;1;1;0;0
India;120246378364330106;1641083631350576;🇮🇳_IN_92_[FortuneGems];12803;"IN | Kazmit | RegForm (fortune games) | CPA | 20 USD | 300 INR | total | 50 | Android | ALL |  |  | KPI Yes | MbManada | Falcons";Android;5;2;1;0;0
India;120246378364330106;1641083631350576;🇮🇳_IN_92_[FortuneGems];12803;"IN | Kazmit | RegForm (fortune games) | CPA | 20 USD | 300 INR | total | 50 | Android | ALL |  |  | KPI Yes | MbManada | Falcons";iOS;1;1;0;0;0
India;120246378364440106;1641083631350576;🇮🇳_IN_92_[FortuneGems];12803;"IN | Kazmit | RegForm (fortune games) | CPA | 20 USD | 300 INR | total | 50 | Android | ALL |  |  | KPI Yes | MbManada | Falcons";Android;6;4;2;0;0
India;120246378364440106;1641083631350576;🇮🇳_IN_92_[FortuneGems];12832;"IN | LineBet | RegForm (Slot) | CPA | 25 USD | 95 INR | total | 50 | Android | ALL |  |  | KPI Yes | MbManada | Falcons";Android;3;1;0;0;0
India;120246378364480106;1641083631350576;🇮🇳_IN_92_[FortuneGems];12750;"IN | LuckyStar | RegForm | CPA | 25 USD | 300 INR | total | 50 | Android | ALL |  |  | KPI Yes | MbManada | Falcons";Android;1;0;0;0;0
India;120246378364480106;1641083631350576;🇮🇳_IN_92_[FortuneGems];12803;"IN | Kazmit | RegForm (fortune games) | CPA | 20 USD | 300 INR | total | 50 | Android | ALL |  |  | KPI Yes | MbManada | Falcons";Android;8;4;2;0;0
India;120246378845310106;1641083631350576;🇮🇳_IN_92_[FortuneGems];12803;"IN | Kazmit | RegForm (fortune games) | CPA | 20 USD | 300 INR | total | 50 | Android | ALL |  |  | KPI Yes | MbManada | Falcons";Android;20;7;4;1;20
India;120246379235150106;1641083631350576;🇮🇳_IN_96_[FortuneGems];12803;"IN | Kazmit | RegForm (fortune games) | CPA | 20 USD | 300 INR | total | 50 | Android | ALL |  |  | KPI Yes | MbManada | Falcons";Android;6;3;2;0;0
India;120246379235150106;1641083631350576;🇮🇳_IN_98_[FortuneGems];12803;"IN | Kazmit | RegForm (fortune games) | CPA | 20 USD | 300 INR | total | 50 | Android | ALL |  |  | KPI Yes | MbManada | Falcons";Android;1;1;0;0;0
India;120246379238440106;1641083631350576;🇮🇳_IN_97_[FortuneGems];12803;"IN | Kazmit | RegForm (fortune games) | CPA | 20 USD | 300 INR | total | 50 | Android | ALL |  |  | KPI Yes | MbManada | Falcons";Android;8;3;2;0;0
India;120246379238470106;1641083631350576;🇮🇳_IN_98_[FortuneGems];12803;"IN | Kazmit | RegForm (fortune games) | CPA | 20 USD | 300 INR | total | 50 | Android | ALL |  |  | KPI Yes | MbManada | Falcons";Android;8;3;3;1;20
India;120246379238530106;1641083631350576;🇮🇳_IN_97_[FortuneGems];12803;"IN | Kazmit | RegForm (fortune games) | CPA | 20 USD | 300 INR | total | 50 | Android | ALL |  |  | KPI Yes | MbManada | Falcons";Android;2;1;1;0;0
India;120246379238820106;1641083631350576;🇮🇳_IN_96_[FortuneGems];12803;"IN | Kazmit | RegForm (fortune games) | CPA | 20 USD | 300 INR | total | 50 | Android | ALL |  |  | KPI Yes | MbManada | Falcons";Android;8;3;3;0;0
India;120246379238820106;1641083631350576;🇮🇳_IN_98_[FortuneGems];12803;"IN | Kazmit | RegForm (fortune games) | CPA | 20 USD | 300 INR | total | 50 | Android | ALL |  |  | KPI Yes | MbManada | Falcons";Android;1;1;1;0;0
India;120246379238830106;1641083631350576;🇮🇳_IN_97_[FortuneGems];12803;"IN | Kazmit | RegForm (fortune games) | CPA | 20 USD | 300 INR | total | 50 | Android | ALL |  |  | KPI Yes | MbManada | Falcons";Android;14;2;2;1;20
India;120246379238940106;1641083631350576;🇮🇳_IN_96_[FortuneGems];12803;"IN | Kazmit | RegForm (fortune games) | CPA | 20 USD | 300 INR | total | 50 | Android | ALL |  |  | KPI Yes | MbManada | Falcons";Android;2;2;1;0;0
India;120246379238940106;1641083631350576;🇮🇳_IN_98_[FortuneGems];12803;"IN | Kazmit | RegForm (fortune games) | CPA | 20 USD | 300 INR | total | 50 | Android | ALL |  |  | KPI Yes | MbManada | Falcons";iOS;1;1;0;0;0
India;120246407207210106;1641083631350576;🇮🇳_IN_97_[FortuneGems];12832;"IN | LineBet | RegForm (Slot) | CPA | 25 USD | 95 INR | total | 50 | Android | ALL |  |  | KPI Yes | MbManada | Falcons";Android;5;2;1;0;0
India;120246407207210106;1641083631350576;🇮🇳_IN_99_[FortuneGems];12832;"IN | LineBet | RegForm (Slot) | CPA | 25 USD | 95 INR | total | 50 | Android | ALL |  |  | KPI Yes | MbManada | Falcons";Android;6;2;1;0;0
India;120246408069820106;1641083631350576;🇮🇳_IN_98_[FortuneGems];12832;"IN | LineBet | RegForm (Slot) | CPA | 25 USD | 95 INR | total | 50 | Android | ALL |  |  | KPI Yes | MbManada | Falcons";Android;3;2;1;0;0
India;120246408069830106;1641083631350576;🇮🇳_IN_96_[FortuneGems];12832;"IN | LineBet | RegForm (Slot) | CPA | 25 USD | 95 INR | total | 50 | Android | ALL |  |  | KPI Yes | MbManada | Falcons";Android;3;1;0;0;0
India;120246408070340106;1641083631350576;🇮🇳_IN_97_[FortuneGems];12832;"IN | LineBet | RegForm (Slot) | CPA | 25 USD | 95 INR | total | 50 | Android | ALL |  |  | KPI Yes | MbManada | Falcons";Android;1;1;0;0;0
India;120246408070340106;1641083631350576;🇮🇳_IN_99_[FortuneGems];12832;"IN | LineBet | RegForm (Slot) | CPA | 25 USD | 95 INR | total | 50 | Android | ALL |  |  | KPI Yes | MbManada | Falcons";iOS;1;1;1;0;0
India;120246408070360106;1641083631350576;🇮🇳_IN_98_[FortuneGems];12832;"IN | LineBet | RegForm (Slot) | CPA | 25 USD | 95 INR | total | 50 | Android | ALL |  |  | KPI Yes | MbManada | Falcons";Android;8;2;1;0;0
India;120246408070380106;1641083631350576;🇮🇳_IN_98_[FortuneGems];12832;"IN | LineBet | RegForm (Slot) | CPA | 25 USD | 95 INR | total | 50 | Android | ALL |  |  | KPI Yes | MbManada | Falcons";Android;5;2;1;0;0
India;120246408070380106;1641083631350576;🇮🇳_IN_98_[FortuneGems];12832;"IN | LineBet | RegForm (Slot) | CPA | 25 USD | 95 INR | total | 50 | Android | ALL |  |  | KPI Yes | MbManada | Falcons";iOS;1;1;0;0;0
India;120246408070390106;1641083631350576;🇮🇳_IN_96_[FortuneGems];12832;"IN | LineBet | RegForm (Slot) | CPA | 25 USD | 95 INR | total | 50 | Android | ALL |  |  | KPI Yes | MbManada | Falcons";Android;4;1;1;0;0
India;120246408070390106;1641083631350576;🇮🇳_IN_98_[FortuneGems];12832;"IN | LineBet | RegForm (Slot) | CPA | 25 USD | 95 INR | total | 50 | Android | ALL |  |  | KPI Yes | MbManada | Falcons";Android;4;1;0;0;0
India;120246408070390106;1641083631350576;🇮🇳_IN_98_[FortuneGems];12832;"IN | LineBet | RegForm (Slot) | CPA | 25 USD | 95 INR | total | 50 | Android | ALL |  |  | KPI Yes | MbManada | Falcons";iOS;4;1;1;1;25
India;120246408070400106;1641083631350576;🇮🇳_IN_96_[FortuneGems];12832;"IN | LineBet | RegForm (Slot) | CPA | 25 USD | 95 INR | total | 50 | Android | ALL |  |  | KPI Yes | MbManada | Falcons";Android;2;1;0;0;0
India;120246408070410106;1641083631350576;🇮🇳_IN_98_[FortuneGems];12832;"IN | LineBet | RegForm (Slot) | CPA | 25 USD | 95 INR | total | 50 | Android | ALL |  |  | KPI Yes | MbManada | Falcons";Android;5;2;1;0;0
India;120246408070420106;1641083631350576;🇮🇳_IN_96_[FortuneGems];12832;"IN | LineBet | RegForm (Slot) | CPA | 25 USD | 95 INR | total | 50 | Android | ALL |  |  | KPI Yes | MbManada | Falcons";Android;2;1;0;0;0
India;120246408070420106;1641083631350576;🇮🇳_IN_98_[FortuneGems];12832;"IN | LineBet | RegForm (Slot) | CPA | 25 USD | 95 INR | total | 50 | Android | ALL |  |  | KPI Yes | MbManada | Falcons";Android;17;5;2;0;0
India;120246408070420106;1641083631350576;🇮🇳_IN_98_[FortuneGems];12832;"IN | LineBet | RegForm (Slot) | CPA | 25 USD | 95 INR | total | 50 | Android | ALL |  |  | KPI Yes | MbManada | Falcons";iOS;2;1;0;0;0
India;120246408070430106;1641083631350576;🇮🇳_IN_98_[FortuneGems];12832;"IN | LineBet | RegForm (Slot) | CPA | 25 USD | 95 INR | total | 50 | Android | ALL |  |  | KPI Yes | MbManada | Falcons";Android;2;1;0;0;0
India;120246408070440106;1641083631350576;🇮🇳_IN_99_[FortuneGems];12832;"IN | LineBet | RegForm (Slot) | CPA | 25 USD | 95 INR | total | 50 | Android | ALL |  |  | KPI Yes | MbManada | Falcons";Android;12;2;1;0;0
India;120246408070440106;1641083631350576;🇮🇳_IN_99_[FortuneGems];12832;"IN | LineBet | RegForm (Slot) | CPA | 25 USD | 95 INR | total | 50 | Android | ALL |  |  | KPI Yes | MbManada | Falcons";iOS;2;1;0;0;0
India;120246408070460106;1641083631350576;🇮🇳_IN_96_[FortuneGems];12832;"IN | LineBet | RegForm (Slot) | CPA | 25 USD | 95 INR | total | 50 | Android | ALL |  |  | KPI Yes | MbManada | Falcons";Android;3;1;0;0;0
India;120246408070480106;1641083631350576;🇮🇳_IN_98_[FortuneGems];12832;"IN | LineBet | RegForm (Slot) | CPA | 25 USD | 95 INR | total | 50 | Android | ALL |  |  | KPI Yes | MbManada | Falcons";Android;10;3;1;0;0
India;120246408070490106;1641083631350576;🇮🇳_IN_96_[FortuneGems];12750;"IN | LuckyStar | RegForm | CPA | 25 USD | 300 INR | total | 50 | Android | ALL |  |  | KPI Yes | MbManada | Falcons";Android;2;0;0;0;0
India;120246408070490106;1641083631350576;🇮🇳_IN_97_[FortuneGems];12832;"IN | LineBet | RegForm (Slot) | CPA | 25 USD | 95 INR | total | 50 | Android | ALL |  |  | KPI Yes | MbManada | Falcons";Android;6;2;1;0;0
India;120246408070500106;1641083631350576;🇮🇳_IN_98_[FortuneGems];12832;"IN | LineBet | RegForm (Slot) | CPA | 25 USD | 95 INR | total | 50 | Android | ALL |  |  | KPI Yes | MbManada | Falcons";Android;9;2;1;0;0
India;120246408070510106;1641083631350576;🇮🇳_IN_98_[FortuneGems];12832;"IN | LineBet | RegForm (Slot) | CPA | 25 USD | 95 INR | total | 50 | Android | ALL |  |  | KPI Yes | MbManada | Falcons";Android;5;2;0;0;0
India;120246408070520106;1641083631350576;🇮🇳_IN_96_[FortuneGems];12832;"IN | LineBet | RegForm (Slot) | CPA | 25 USD | 95 INR | total | 50 | Android | ALL |  |  | KPI Yes | MbManada | Falcons";Android;1;1;0;0;0
India;120246408070540106;1641083631350576;🇮🇳_IN_98_[FortuneGems];12832;"IN | LineBet | RegForm (Slot) | CPA | 25 USD | 95 INR | total | 50 | Android | ALL |  |  | KPI Yes | MbManada | Falcons";Android;34;6;1;1;25
India;120246408070550106;1641083631350576;🇮🇳_IN_96_[FortuneGems];12832;"IN | LineBet | RegForm (Slot) | CPA | 25 USD | 95 INR | total | 50 | Android | ALL |  |  | KPI Yes | MbManada | Falcons";Android;3;1;0;0;0
India;120246408070550106;1641083631350576;🇮🇳_IN_98_[FortuneGems];12832;"IN | LineBet | RegForm (Slot) | CPA | 25 USD | 95 INR | total | 50 | Android | ALL |  |  | KPI Yes | MbManada | Falcons";Android;3;1;1;0;0
India;120246408070560106;1641083631350576;🇮🇳_IN_96_[FortuneGems];12832;"IN | LineBet | RegForm (Slot) | CPA | 25 USD | 95 INR | total | 50 | Android | ALL |  |  | KPI Yes | MbManada | Falcons";Android;7;2;1;0;0
India;120246408070560106;1641083631350576;🇮🇳_IN_97_[FortuneGems];12832;"IN | LineBet | RegForm (Slot) | CPA | 25 USD | 95 INR | total | 50 | Android | ALL |  |  | KPI Yes | MbManada | Falcons";Android;6;1;1;0;0
India;120246408070570106;1641083631350576;🇮🇳_IN_98_[FortuneGems];12832;"IN | LineBet | RegForm (Slot) | CPA | 25 USD | 95 INR | total | 50 | Android | ALL |  |  | KPI Yes | MbManada | Falcons";Android;2;1;0;0;0
India;120246408070570106;1641083631350576;🇮🇳_IN_99_[FortuneGems];12832;"IN | LineBet | RegForm (Slot) | CPA | 25 USD | 95 INR | total | 50 | Android | ALL |  |  | KPI Yes | MbManada | Falcons";Android;2;1;1;0;0
India;120246408070580106;1641083631350576;🇮🇳_IN_96_[FortuneGems];12832;"IN | LineBet | RegForm (Slot) | CPA | 25 USD | 95 INR | total | 50 | Android | ALL |  |  | KPI Yes | MbManada | Falcons";Android;19;2;2;1;25
India;120246408070580106;1641083631350576;🇮🇳_IN_97_[FortuneGems];12832;"IN | LineBet | RegForm (Slot) | CPA | 25 USD | 95 INR | total | 50 | Android | ALL |  |  | KPI Yes | MbManada | Falcons";Android;3;1;1;0;0
India;120246408070670106;1641083631350576;🇮🇳_IN_96_[FortuneGems];12832;"IN | LineBet | RegForm (Slot) | CPA | 25 USD | 95 INR | total | 50 | Android | ALL |  |  | KPI Yes | MbManada | Falcons";Android;9;1;0;0;0
India;120246408070670106;1641083631350576;🇮🇳_IN_98_[FortuneGems];12832;"IN | LineBet | RegForm (Slot) | CPA | 25 USD | 95 INR | total | 50 | Android | ALL |  |  | KPI Yes | MbManada | Falcons";Android;16;6;4;0;0
India;120246408070720106;1641083631350576;🇮🇳_IN_97_[FortuneGems];12832;"IN | LineBet | RegForm (Slot) | CPA | 25 USD | 95 INR | total | 50 | Android | ALL |  |  | KPI Yes | MbManada | Falcons";Android;9;1;1;0;0
India;120246408070740106;1641083631350576;🇮🇳_IN_96_[FortuneGems];12751;"IN | LuckyStar | Fortune Gems | CPA | 25 USD | 300 INR | total | 50 | Android | ALL |  |  | KPI Yes | MbManada | Falcons";Android;3;0;0;0;0
India;120246408070740106;1641083631350576;🇮🇳_IN_96_[FortuneGems];12832;"IN | LineBet | RegForm (Slot) | CPA | 25 USD | 95 INR | total | 50 | Android | ALL |  |  | KPI Yes | MbManada | Falcons";Android;10;1;1;0;0
India;120246408070740106;1641083631350576;🇮🇳_IN_97_[FortuneGems];12832;"IN | LineBet | RegForm (Slot) | CPA | 25 USD | 95 INR | total | 50 | Android | ALL |  |  | KPI Yes | MbManada | Falcons";Android;1;1;1;0;0
India;120246408070750106;1641083631350576;🇮🇳_IN_98_[FortuneGems];12832;"IN | LineBet | RegForm (Slot) | CPA | 25 USD | 95 INR | total | 50 | Android | ALL |  |  | KPI Yes | MbManada | Falcons";Android;40;11;5;0;0
India;120248265746940122;1085410707243238;🇸🇬_SG_50_[WealthEastMoney];12241;"IN | tez888 | RegForm | CPA | 30 USD | 500 INR | Android | ALL |  |  | KPI Yes | MbManada | Falcons";Android;1;1;1;0;0
India;120248337600480122;1085410707243238;🇮🇳_IN_92_[FortuneGems];12750;"IN | LuckyStar | RegForm | CPA | 25 USD | 300 INR | total | 50 | Android | ALL |  |  | KPI Yes | MbManada | Falcons";Android;1;1;1;0;0
India;120248337600480122;1085410707243238;🇮🇳_IN_92_[FortuneGems];12751;"IN | LuckyStar | Fortune Gems | CPA | 25 USD | 300 INR | total | 50 | Android | ALL |  |  | KPI Yes | MbManada | Falcons";Android;2;1;0;0;0
India;120248337620640122;1085410707243238;🇮🇳_IN_92_[FortuneGems];12750;"IN | LuckyStar | RegForm | CPA | 25 USD | 300 INR | total | 50 | Android | ALL |  |  | KPI Yes | MbManada | Falcons";Android;1;1;0;0;0
India;120248337620670122;1085410707243238;🇮🇳_IN_93_[FortuneGems];12750;"IN | LuckyStar | RegForm | CPA | 25 USD | 300 INR | total | 50 | Android | ALL |  |  | KPI Yes | MbManada | Falcons";Android;1;1;0;0;0
India;120248337621020122;1085410707243238;🇮🇳_IN_92_[FortuneGems];12751;"IN | LuckyStar | Fortune Gems | CPA | 25 USD | 300 INR | total | 50 | Android | ALL |  |  | KPI Yes | MbManada | Falcons";Android;3;1;0;0;0
India;120248337621050122;1085410707243238;🇮🇳_IN_92_[FortuneGems];12751;"IN | LuckyStar | Fortune Gems | CPA | 25 USD | 300 INR | total | 50 | Android | ALL |  |  | KPI Yes | MbManada | Falcons";Android;2;2;1;0;0
India;120253948276390670;2030701011138690;🇮🇳_IN_93_[FortuneGems];12751;"IN | LuckyStar | Fortune Gems | CPA | 25 USD | 300 INR | total | 50 | Android | ALL |  |  | KPI Yes | MbManada | Falcons";Android;3;1;1;0;0
India;52514020122626;3105195716346838;🇮🇳_IN_92_[FortuneGems];12751;"IN | LuckyStar | Fortune Gems | CPA | 25 USD | 300 INR | total | 50 | Android | ALL |  |  | KPI Yes | MbManada | Falcons";Android;31;1;0;0;0
India;52521771671462;967965326099992;🇸🇬_SG_51_[WealthEastMoney];12241;"IN | tez888 | RegForm | CPA | 30 USD | 500 INR | Android | ALL |  |  | KPI Yes | MbManada | Falcons";Android;3;1;0;0;0
India;6902544926567;640787385973039;🇮🇳_IN_64_[CricketRoad];10500;"IN | LuckyStart | Reg Form | CPA | 17 USD | 300 INR | total | 100 | Android | ALL |  |  | KPI No | MbManada | Falcons";Android;2;0;0;0;0
India;6995848436400;4540294639535106;🇮🇳_IN_93_[FortuneGems];12751;"IN | LuckyStar | Fortune Gems | CPA | 25 USD | 300 INR | total | 50 | Android | ALL |  |  | KPI Yes | MbManada | Falcons";Android;8;3;0;0;0
India;{sub_id_2};{sub_id_4};{sub_id_5};12241;"IN | tez888 | RegForm | CPA | 30 USD | 500 INR | Android | ALL |  |  | KPI Yes | MbManada | Falcons";Android;1;0;0;0;0
India;{sub_id_2};{sub_id_4};{sub_id_5};12750;"IN | LuckyStar | RegForm | CPA | 25 USD | 300 INR | total | 50 | Android | ALL |  |  | KPI Yes | MbManada | Falcons";Android;1;1;0;0;0
India;{sub_id_2};{sub_id_4};{sub_id_5};12751;"IN | LuckyStar | Fortune Gems | CPA | 25 USD | 300 INR | total | 50 | Android | ALL |  |  | KPI Yes | MbManada | Falcons";Android;1;0;0;0;0
India;{sub_id_2};{sub_id_4};{sub_id_5};12832;"IN | LineBet | RegForm (Slot) | CPA | 25 USD | 95 INR | total | 50 | Android | ALL |  |  | KPI Yes | MbManada | Falcons";Android;2;1;1;0;0
India;{{campaign.id}};1641083631350576;🇮🇳_IN_92_[FortuneGems];12750;"IN | LuckyStar | RegForm | CPA | 25 USD | 300 INR | total | 50 | Android | ALL |  |  | KPI Yes | MbManada | Falcons";Android;7;2;1;0;0
"South Korea";;;;363;"WWL Smartlink";GNU/Linux;6;5;0;0;0
"South Korea";;;;363;"WWL Smartlink";"OS X";6;6;0;0;0
"South Korea";;;;363;"WWL Smartlink";Windows;8;8;0;0;0
"South Korea";;;;9592;"KR | PariMatch | Wheel | CPA | 200 USD | 5000 KRW | total | 20 | Android | ALL |  |  | KPI No | MbManada | | mbHermes";iOS;64;0;0;0;0
"South Korea";120246544326070106;1641083631350576;🇰🇷_KR_54_[Olympus];12846;"KR | Winum | RegForm (Slot) | CPA | 180 USD | 12 EUR | total | 50 | Android | ALL |  |  | KPI Yes | Falcons | Falcons";Android;2;1;0;0;0
"South Korea";120246544397340106;1641083631350576;🇰🇷_KR_54_[Olympus];12846;"KR | Winum | RegForm (Slot) | CPA | 180 USD | 12 EUR | total | 50 | Android | ALL |  |  | KPI Yes | Falcons | Falcons";iOS;1;1;0;0;0
"South Korea";120246544397580106;1641083631350576;🇰🇷_KR_54_[Olympus];12846;"KR | Winum | RegForm (Slot) | CPA | 180 USD | 12 EUR | total | 50 | Android | ALL |  |  | KPI Yes | Falcons | Falcons";Android;2;1;1;0;0
"South Korea";120246544397580106;1641083631350576;🇰🇷_KR_54_[Olympus];12846;"KR | Winum | RegForm (Slot) | CPA | 180 USD | 12 EUR | total | 50 | Android | ALL |  |  | KPI Yes | Falcons | Falcons";iOS;2;1;0;0;0
"South Korea";120246544397610106;1641083631350576;🇰🇷_KR_54_[Olympus];12846;"KR | Winum | RegForm (Slot) | CPA | 180 USD | 12 EUR | total | 50 | Android | ALL |  |  | KPI Yes | Falcons | Falcons";iOS;1;1;0;0;0
"South Korea";120246544397620106;1641083631350576;🇰🇷_KR_54_[Olympus];12846;"KR | Winum | RegForm (Slot) | CPA | 180 USD | 12 EUR | total | 50 | Android | ALL |  |  | KPI Yes | Falcons | Falcons";Android;6;1;1;0;0
"South Korea";120246544397630106;1641083631350576;🇰🇷_KR_54_[Olympus];12846;"KR | Winum | RegForm (Slot) | CPA | 180 USD | 12 EUR | total | 50 | Android | ALL |  |  | KPI Yes | Falcons | Falcons";Android;11;1;2;1;180
"South Korea";120246559809040106;1641083631350576;🇰🇷_KR_54_[Olympus];12846;"KR | Winum | RegForm (Slot) | CPA | 180 USD | 12 EUR | total | 50 | Android | ALL |  |  | KPI Yes | Falcons | Falcons";Android;1;1;0;0;0
"South Korea";120246559809040106;1641083631350576;🇰🇷_KR_54_[Olympus];12846;"KR | Winum | RegForm (Slot) | CPA | 180 USD | 12 EUR | total | 50 | Android | ALL |  |  | KPI Yes | Falcons | Falcons";iOS;1;1;0;0;0
"South Korea";120246559809090106;1641083631350576;🇰🇷_KR_54_[Olympus];12846;"KR | Winum | RegForm (Slot) | CPA | 180 USD | 12 EUR | total | 50 | Android | ALL |  |  | KPI Yes | Falcons | Falcons";Android;31;1;1;1;180
"South Korea";120246559809090106;1641083631350576;🇰🇷_KR_54_[Olympus];12846;"KR | Winum | RegForm (Slot) | CPA | 180 USD | 12 EUR | total | 50 | Android | ALL |  |  | KPI Yes | Falcons | Falcons";iOS;1;1;0;0;0
"South Korea";120246559809090106;1641083631350576;🇰🇷_KR_54_[Olympus];12853;"KR | Winum | RegForm (Slot) | CPA | 180 USD | 20000 KRW | total | 30 | Android | ALL |  |  | KPI Yes | MbManada | Falcons";Android;5;1;1;1;180
"South Korea";120246559809090106;1641083631350576;🇰🇷_KR_54_[Olympus];12853;"KR | Winum | RegForm (Slot) | CPA | 180 USD | 20000 KRW | total | 30 | Android | ALL |  |  | KPI Yes | MbManada | Falcons";iOS;3;1;0;0;0
"South Korea";120246559809150106;1641083631350576;🇰🇷_KR_54_[Olympus];12846;"KR | Winum | RegForm (Slot) | CPA | 180 USD | 12 EUR | total | 50 | Android | ALL |  |  | KPI Yes | Falcons | Falcons";Android;1;1;0;0;0
"South Korea";120246559809160106;1641083631350576;🇰🇷_KR_54_[Olympus];12846;"KR | Winum | RegForm (Slot) | CPA | 180 USD | 12 EUR | total | 50 | Android | ALL |  |  | KPI Yes | Falcons | Falcons";Android;1;1;0;0;0
"South Korea";120246559809180106;1641083631350576;🇰🇷_KR_54_[Olympus];12846;"KR | Winum | RegForm (Slot) | CPA | 180 USD | 12 EUR | total | 50 | Android | ALL |  |  | KPI Yes | Falcons | Falcons";Android;2;1;0;0;0
"South Korea";120246559809210106;1641083631350576;🇰🇷_KR_54_[Olympus];12846;"KR | Winum | RegForm (Slot) | CPA | 180 USD | 12 EUR | total | 50 | Android | ALL |  |  | KPI Yes | Falcons | Falcons";Android;1;1;0;0;0
"South Korea";120246559809220106;1641083631350576;🇰🇷_KR_54_[Olympus];12846;"KR | Winum | RegForm (Slot) | CPA | 180 USD | 12 EUR | total | 50 | Android | ALL |  |  | KPI Yes | Falcons | Falcons";Android;1;1;0;0;0
"South Korea";120246559809260106;1641083631350576;🇰🇷_KR_54_[Olympus];12846;"KR | Winum | RegForm (Slot) | CPA | 180 USD | 12 EUR | total | 50 | Android | ALL |  |  | KPI Yes | Falcons | Falcons";Android;1;1;0;0;0
"South Korea";120246559809260106;1641083631350576;🇰🇷_KR_54_[Olympus];12846;"KR | Winum | RegForm (Slot) | CPA | 180 USD | 12 EUR | total | 50 | Android | ALL |  |  | KPI Yes | Falcons | Falcons";iOS;1;1;1;0;0
"South Korea";120246559809300106;1641083631350576;🇰🇷_KR_54_[Olympus];12846;"KR | Winum | RegForm (Slot) | CPA | 180 USD | 12 EUR | total | 50 | Android | ALL |  |  | KPI Yes | Falcons | Falcons";Android;1;1;0;0;0
"South Korea";120246559809300106;1641083631350576;🇰🇷_KR_54_[Olympus];12846;"KR | Winum | RegForm (Slot) | CPA | 180 USD | 12 EUR | total | 50 | Android | ALL |  |  | KPI Yes | Falcons | Falcons";iOS;2;2;1;1;180
"South Korea";120246559809300106;1641083631350576;🇰🇷_KR_54_[Olympus];12853;"KR | Winum | RegForm (Slot) | CPA | 180 USD | 20000 KRW | total | 30 | Android | ALL |  |  | KPI Yes | MbManada | Falcons";iOS;1;1;1;0;0
"South Korea";120246559809370106;1641083631350576;🇰🇷_KR_54_[Olympus];12846;"KR | Winum | RegForm (Slot) | CPA | 180 USD | 12 EUR | total | 50 | Android | ALL |  |  | KPI Yes | Falcons | Falcons";Android;1;1;0;0;0
"South Korea";120246559809430106;1641083631350576;🇰🇷_KR_54_[Olympus];12846;"KR | Winum | RegForm (Slot) | CPA | 180 USD | 12 EUR | total | 50 | Android | ALL |  |  | KPI Yes | Falcons | Falcons";Android;1;1;0;0;0
"South Korea";120246559809460106;1641083631350576;🇰🇷_KR_54_[Olympus];12846;"KR | Winum | RegForm (Slot) | CPA | 180 USD | 12 EUR | total | 50 | Android | ALL |  |  | KPI Yes | Falcons | Falcons";Android;14;5;3;3;540
"South Korea";120246559809460106;1641083631350576;🇰🇷_KR_54_[Olympus];12846;"KR | Winum | RegForm (Slot) | CPA | 180 USD | 12 EUR | total | 50 | Android | ALL |  |  | KPI Yes | Falcons | Falcons";iOS;6;4;1;0;0
"South Korea";120246559809460106;1641083631350576;🇰🇷_KR_54_[Olympus];12853;"KR | Winum | RegForm (Slot) | CPA | 180 USD | 20000 KRW | total | 30 | Android | ALL |  |  | KPI Yes | MbManada | Falcons";Android;1;1;0;0;0
"South Korea";120246559809460106;1641083631350576;🇰🇷_KR_54_[Olympus];12853;"KR | Winum | RegForm (Slot) | CPA | 180 USD | 20000 KRW | total | 30 | Android | ALL |  |  | KPI Yes | MbManada | Falcons";iOS;2;2;0;0;0
"South Korea";120246572845000106;1641083631350576;🇰🇷_KR_54_[Olympus];12846;"KR | Winum | RegForm (Slot) | CPA | 180 USD | 12 EUR | total | 50 | Android | ALL |  |  | KPI Yes | Falcons | Falcons";iOS;1;1;0;0;0
"South Korea";120246572933090106;1641083631350576;🇰🇷_KR_54_[Olympus];12846;"KR | Winum | RegForm (Slot) | CPA | 180 USD | 12 EUR | total | 50 | Android | ALL |  |  | KPI Yes | Falcons | Falcons";Android;3;1;1;1;180
"South Korea";120246572933180106;1641083631350576;🇰🇷_KR_54_[Olympus];12846;"KR | Winum | RegForm (Slot) | CPA | 180 USD | 12 EUR | total | 50 | Android | ALL |  |  | KPI Yes | Falcons | Falcons";iOS;1;1;0;0;0
"South Korea";120246572933410106;1641083631350576;🇰🇷_KR_54_[Olympus];12846;"KR | Winum | RegForm (Slot) | CPA | 180 USD | 12 EUR | total | 50 | Android | ALL |  |  | KPI Yes | Falcons | Falcons";Android;1;1;0;0;0
"South Korea";120246572933440106;1641083631350576;🇰🇷_KR_54_[Olympus];12846;"KR | Winum | RegForm (Slot) | CPA | 180 USD | 12 EUR | total | 50 | Android | ALL |  |  | KPI Yes | Falcons | Falcons";Android;2;1;1;0;0
"South Korea";120246588486040106;1641083631350576;🇰🇷_KR_54_[Olympus];12846;"KR | Winum | RegForm (Slot) | CPA | 180 USD | 12 EUR | total | 50 | Android | ALL |  |  | KPI Yes | Falcons | Falcons";Android;2;1;0;0;0
"South Korea";120246588486080106;1641083631350576;🇰🇷_KR_54_[Olympus];12846;"KR | Winum | RegForm (Slot) | CPA | 180 USD | 12 EUR | total | 50 | Android | ALL |  |  | KPI Yes | Falcons | Falcons";Android;1;1;0;0;0
"South Korea";120246588486110106;1641083631350576;🇰🇷_KR_54_[Olympus];12846;"KR | Winum | RegForm (Slot) | CPA | 180 USD | 12 EUR | total | 50 | Android | ALL |  |  | KPI Yes | Falcons | Falcons";Android;2;1;1;0;0
"South Korea";120246588486130106;1641083631350576;🇰🇷_KR_54_[Olympus];12846;"KR | Winum | RegForm (Slot) | CPA | 180 USD | 12 EUR | total | 50 | Android | ALL |  |  | KPI Yes | Falcons | Falcons";iOS;1;1;1;0;0
"South Korea";120246588486140106;1641083631350576;🇰🇷_KR_54_[Olympus];12846;"KR | Winum | RegForm (Slot) | CPA | 180 USD | 12 EUR | total | 50 | Android | ALL |  |  | KPI Yes | Falcons | Falcons";Android;1;1;0;0;0
"South Korea";120248628208570786;1548268670068192;🇰🇷_KR_54_[Olympus];12846;"KR | Winum | RegForm (Slot) | CPA | 180 USD | 12 EUR | total | 50 | Android | ALL |  |  | KPI Yes | Falcons | Falcons";iOS;1;1;1;0;0
"South Korea";120248628208620786;1548268670068192;🇰🇷_KR_54_[Olympus];12846;"KR | Winum | RegForm (Slot) | CPA | 180 USD | 12 EUR | total | 50 | Android | ALL |  |  | KPI Yes | Falcons | Falcons";iOS;1;1;1;0;0
"South Korea";120248628208650786;1548268670068192;🇰🇷_KR_54_[Olympus];12846;"KR | Winum | RegForm (Slot) | CPA | 180 USD | 12 EUR | total | 50 | Android | ALL |  |  | KPI Yes | Falcons | Falcons";Android;2;1;0;0;0
"South Korea";120248654847800786;1548268670068192;🇰🇷_KR_54_[Olympus];12846;"KR | Winum | RegForm (Slot) | CPA | 180 USD | 12 EUR | total | 50 | Android | ALL |  |  | KPI Yes | Falcons | Falcons";iOS;1;1;0;0;0
"South Korea";120248839736320122;1085410707243238;🇰🇷_KR_54_[Olympus];12846;"KR | Winum | RegForm (Slot) | CPA | 180 USD | 12 EUR | total | 50 | Android | ALL |  |  | KPI Yes | Falcons | Falcons";iOS;1;1;0;0;0
"South Korea";120248839745700122;1085410707243238;🇰🇷_KR_54_[Olympus];12846;"KR | Winum | RegForm (Slot) | CPA | 180 USD | 12 EUR | total | 50 | Android | ALL |  |  | KPI Yes | Falcons | Falcons";Android;4;1;0;0;0
"South Korea";120248839745770122;1085410707243238;🇰🇷_KR_54_[Olympus];12846;"KR | Winum | RegForm (Slot) | CPA | 180 USD | 12 EUR | total | 50 | Android | ALL |  |  | KPI Yes | Falcons | Falcons";Android;1;1;0;0;0
"South Korea";120249290724220783;1002716982684382;🇰🇷_KR_54_[Olympus];12846;"KR | Winum | RegForm (Slot) | CPA | 180 USD | 12 EUR | total | 50 | Android | ALL |  |  | KPI Yes | Falcons | Falcons";Android;1;1;0;0;0
"South Korea";120249290724240783;1002716982684382;🇰🇷_KR_54_[Olympus];12846;"KR | Winum | RegForm (Slot) | CPA | 180 USD | 12 EUR | total | 50 | Android | ALL |  |  | KPI Yes | Falcons | Falcons";iOS;1;1;0;0;0
"South Korea";120249290724260783;1002716982684382;🇰🇷_KR_54_[Olympus];12846;"KR | Winum | RegForm (Slot) | CPA | 180 USD | 12 EUR | total | 50 | Android | ALL |  |  | KPI Yes | Falcons | Falcons";Android;1;1;0;0;0
"South Korea";120250188948540551;2482129615638921;🇰🇷_KR_54_[Olympus];12846;"KR | Winum | RegForm (Slot) | CPA | 180 USD | 12 EUR | total | 50 | Android | ALL |  |  | KPI Yes | Falcons | Falcons";iOS;1;1;0;0;0
"South Korea";120254406032580670;2030701011138690;🇰🇷_KR_54_[Olympus];12846;"KR | Winum | RegForm (Slot) | CPA | 180 USD | 12 EUR | total | 50 | Android | ALL |  |  | KPI Yes | Falcons | Falcons";Android;7;4;0;0;0
"South Korea";120254406032600670;2030701011138690;🇰🇷_KR_54_[Olympus];12846;"KR | Winum | RegForm (Slot) | CPA | 180 USD | 12 EUR | total | 50 | Android | ALL |  |  | KPI Yes | Falcons | Falcons";Android;3;2;1;0;0
"South Korea";120254406032600670;2030701011138690;🇰🇷_KR_54_[Olympus];12846;"KR | Winum | RegForm (Slot) | CPA | 180 USD | 12 EUR | total | 50 | Android | ALL |  |  | KPI Yes | Falcons | Falcons";iOS;1;1;0;0;0
"South Korea";120254426447950670;2030701011138690;🇰🇷_KR_54_[Olympus];12846;"KR | Winum | RegForm (Slot) | CPA | 180 USD | 12 EUR | total | 50 | Android | ALL |  |  | KPI Yes | Falcons | Falcons";Android;4;1;0;0;0
"South Korea";52528785528462;967965326099992;🇰🇷_KR_54_[Olympus];12846;"KR | Winum | RegForm (Slot) | CPA | 180 USD | 12 EUR | total | 50 | Android | ALL |  |  | KPI Yes | Falcons | Falcons";Android;2;1;0;0;0
"South Korea";52572504308393;2158879451635825;🇰🇷_KR_54_[Olympus];12846;"KR | Winum | RegForm (Slot) | CPA | 180 USD | 12 EUR | total | 50 | Android | ALL |  |  | KPI Yes | Falcons | Falcons";iOS;1;0;0;0;0
"South Korea";{{campaign.id}};2030701011138690;🇰🇷_KR_54_[Olympus];12846;"KR | Winum | RegForm (Slot) | CPA | 180 USD | 12 EUR | total | 50 | Android | ALL |  |  | KPI Yes | Falcons | Falcons";Android;2;1;1;1;180
Singapore;;;;363;"WWL Smartlink";GNU/Linux;4;2;0;0;0
Singapore;;;;363;"WWL Smartlink";"OS X";1;1;0;0;0
Singapore;;;;363;"WWL Smartlink";Ubuntu;1;1;0;0;0
Singapore;;;;363;"WWL Smartlink";Windows;5;3;0;0;0
Singapore;;;;10800;"SG | Longfu88 | Reg Form (slot) | CPA | 195 EUR | 15 SGD | total | 170 | Android | ALL | | | KPI Yes | MbManada | Falcons";iOS;5;0;0;0;0
Singapore;;;;10873;"SG | Longfu88 | RegFrom | CPA | 170 EUR | 15 SGD | total | 30 | Android | ALL |  |  | KPI Yes | MbManada | | Ananke666";iOS;3;0;0;0;0
Singapore;;;;12028;"SG | Longfu88 | Reg Form | CPA | 170 EUR | 10 EUR | total | 15 | Android | ALL |  |  | KPI Yes | MbManada | Falcons";iOS;4;4;0;0;0
Singapore;;;;12029;"SG | Longfu88 | Reg Form | CPA | 170 EUR | 10 EUR | total | 15 | Android | ALL |  |  | KPI Yes | MbManada | Falcons | MbFlex";iOS;4;4;0;0;0
Singapore;;;;12240;"SG | Longfu88 | RegForm  (Slot) | CPA | 200 EUR | 10 EUR | daily | 50 | Android | ALL |  |  | KPI Yes | MbManada | Falcons";iOS;136;17;0;0;0
Singapore;120237664706150767;602345698699304;"SG_1 [Olympus]";12240;"SG | Longfu88 | RegForm  (Slot) | CPA | 200 EUR | 10 EUR | daily | 50 | Android | ALL |  |  | KPI Yes | MbManada | Falcons";Android;28;3;0;0;0
Singapore;120238161256350687;4118817255055494;"🇸🇬 SG_1 [Olympus] [https://singa-app-olymp.website]";12240;"SG | Longfu88 | RegForm  (Slot) | CPA | 200 EUR | 10 EUR | daily | 50 | Android | ALL |  |  | KPI Yes | MbManada | Falcons";Android;62;1;0;0;0
Singapore;120238161289610687;4118817255055494;"🇸🇬 SG_2 [Olympus] [https://play-app-olymp.quest]";12240;"SG | Longfu88 | RegForm  (Slot) | CPA | 200 EUR | 10 EUR | daily | 50 | Android | ALL |  |  | KPI Yes | MbManada | Falcons";Android;1;1;0;0;0
Singapore;120238216362520687;4118817255055494;🇸🇬_SG_5_[Olympus];10800;"SG | Longfu88 | Reg Form (slot) | CPA | 195 EUR | 15 SGD | total | 170 | Android | ALL | | | KPI Yes | MbManada | Falcons";Android;1;0;0;0;0
Singapore;120239092625960253;2818005378422035;"ID_18 [Olympus]";12240;"SG | Longfu88 | RegForm  (Slot) | CPA | 200 EUR | 10 EUR | daily | 50 | Android | ALL |  |  | KPI Yes | MbManada | Falcons";Android;2;1;0;0;0
Singapore;120239797655430781;1715012282711236;🇸🇬_SG_3_[Olympus];10800;"SG | Longfu88 | Reg Form (slot) | CPA | 195 EUR | 15 SGD | total | 170 | Android | ALL | | | KPI Yes | MbManada | Falcons";Android;1;1;0;0;0
Singapore;120239847648710781;1715012282711236;"🇸🇬 SG_5 [Olympus]";10800;"SG | Longfu88 | Reg Form (slot) | CPA | 195 EUR | 15 SGD | total | 170 | Android | ALL | | | KPI Yes | MbManada | Falcons";Android;1;0;0;0;0
Singapore;120240201197940781;1715012282711236;"🇸🇬 SG_3 [Olympus]";10800;"SG | Longfu88 | Reg Form (slot) | CPA | 195 EUR | 15 SGD | total | 170 | Android | ALL | | | KPI Yes | MbManada | Falcons";Android;1;1;0;0;0
Singapore;120240261286200591;1928432067885864;🇸🇬_SG_34_[Olympus];12240;"SG | Longfu88 | RegForm  (Slot) | CPA | 200 EUR | 10 EUR | daily | 50 | Android | ALL |  |  | KPI Yes | MbManada | Falcons";Android;1;1;0;0;0
Singapore;120240263979290570;1495471985339364;"🇸🇬 SG_33 [Dragons]";12240;"SG | Longfu88 | RegForm  (Slot) | CPA | 200 EUR | 10 EUR | daily | 50 | Android | ALL |  |  | KPI Yes | MbManada | Falcons";Android;2;1;0;0;0
Singapore;120240263979440570;1495471985339364;"🇸🇬 SG_28 [Dragons]";12240;"SG | Longfu88 | RegForm  (Slot) | CPA | 200 EUR | 10 EUR | daily | 50 | Android | ALL |  |  | KPI Yes | MbManada | Falcons";Android;2;1;0;0;0
Singapore;120240409719730359;1271689361274945;"SG_1 [Olympus]";12240;"SG | Longfu88 | RegForm  (Slot) | CPA | 200 EUR | 10 EUR | daily | 50 | Android | ALL |  |  | KPI Yes | MbManada | Falcons";Android;3;1;0;0;0
Singapore;120240438189370591;1928432067885864;🇸🇬_SG_34_[Olympus];12238;"SG | Longfu88 | RegForm  (Slot) | CPA | 170 EUR | 10 EUR | total | 80 | Android | ALL |  |  | KPI Yes | MbManada | Falcons | MbFlex";Android;5;0;0;0;0
Singapore;120240530986140591;1928432067885864;🇸🇬_SG_34_[Olympus];12240;"SG | Longfu88 | RegForm  (Slot) | CPA | 200 EUR | 10 EUR | daily | 50 | Android | ALL |  |  | KPI Yes | MbManada | Falcons";Android;1;1;0;0;0
Singapore;120240530986600591;1928432067885864;🇸🇬_SG_2_[Olympus];12238;"SG | Longfu88 | RegForm  (Slot) | CPA | 170 EUR | 10 EUR | total | 80 | Android | ALL |  |  | KPI Yes | MbManada | Falcons | MbFlex";Android;1;0;0;0;0
Singapore;120240530986600591;1928432067885864;🇸🇬_SG_34_[Olympus];12240;"SG | Longfu88 | RegForm  (Slot) | CPA | 200 EUR | 10 EUR | daily | 50 | Android | ALL |  |  | KPI Yes | MbManada | Falcons";Android;2;1;0;0;0
Singapore;120240530986610591;1928432067885864;🇸🇬_SG_34_[Olympus];12238;"SG | Longfu88 | RegForm  (Slot) | CPA | 170 EUR | 10 EUR | total | 80 | Android | ALL |  |  | KPI Yes | MbManada | Falcons | MbFlex";Android;3;1;0;0;0
Singapore;120240530986610591;1928432067885864;🇸🇬_SG_34_[Olympus];12240;"SG | Longfu88 | RegForm  (Slot) | CPA | 200 EUR | 10 EUR | daily | 50 | Android | ALL |  |  | KPI Yes | MbManada | Falcons";Android;2;1;0;0;0
Singapore;120240596674580591;1928432067885864;🇸🇬_SG_36_[WealthEast];12240;"SG | Longfu88 | RegForm  (Slot) | CPA | 200 EUR | 10 EUR | daily | 50 | Android | ALL |  |  | KPI Yes | MbManada | Falcons";Android;3;1;0;0;0
Singapore;120240596674580591;1928432067885864;🇸🇬_SG_38_[WealthEast];12240;"SG | Longfu88 | RegForm  (Slot) | CPA | 200 EUR | 10 EUR | daily | 50 | Android | ALL |  |  | KPI Yes | MbManada | Falcons";Android;27;0;0;0;0
Singapore;120240658857250591;1928432067885864;🇸🇬_SG_38_[WealthEast];12240;"SG | Longfu88 | RegForm  (Slot) | CPA | 200 EUR | 10 EUR | daily | 50 | Android | ALL |  |  | KPI Yes | MbManada | Falcons";Android;1;1;0;0;0
Singapore;120241287565500591;1928432067885864;🇸🇬_SG_38_[WealthEast];12238;"SG | Longfu88 | RegForm  (Slot) | CPA | 170 EUR | 10 EUR | total | 80 | Android | ALL |  |  | KPI Yes | MbManada | Falcons | MbFlex";Android;1;0;0;0;0
Singapore;120242499531950485;1545494207005501;🇸🇬_SG_49_[WealthEast];12238;"SG | Longfu88 | RegForm  (Slot) | CPA | 170 EUR | 10 EUR | total | 80 | Android | ALL |  |  | KPI Yes | MbManada | Falcons | MbFlex";Android;1;1;0;0;0
Singapore;120242763702170485;1545494207005501;🇸🇬_SG_50_[WealthEastMoney];12240;"SG | Longfu88 | RegForm  (Slot) | CPA | 200 EUR | 10 EUR | daily | 50 | Android | ALL |  |  | KPI Yes | MbManada | Falcons";Android;1;0;0;0;0
Singapore;120242787671300485;1545494207005501;🇸🇬_SG_50_[WealthEastMoney];12240;"SG | Longfu88 | RegForm  (Slot) | CPA | 200 EUR | 10 EUR | daily | 50 | Android | ALL |  |  | KPI Yes | MbManada | Falcons";Android;3;1;1;0;0
Singapore;120242787671900485;1545494207005501;🇸🇬_SG_51_[WealthEastMoney];12240;"SG | Longfu88 | RegForm  (Slot) | CPA | 200 EUR | 10 EUR | daily | 50 | Android | ALL |  |  | KPI Yes | MbManada | Falcons";Android;1;0;0;0;0
Singapore;120242867881650485;1545494207005501;🇸🇬_SG_51_[WealthEastMoney];12240;"SG | Longfu88 | RegForm  (Slot) | CPA | 200 EUR | 10 EUR | daily | 50 | Android | ALL |  |  | KPI Yes | MbManada | Falcons";Android;1;0;0;0;0
Singapore;120242867881680485;1545494207005501;🇸🇬_SG_51_[WealthEastMoney];12240;"SG | Longfu88 | RegForm  (Slot) | CPA | 200 EUR | 10 EUR | daily | 50 | Android | ALL |  |  | KPI Yes | MbManada | Falcons";Android;1;0;0;0;0
Singapore;120242913262950485;1545494207005501;🇸🇬_SG_51_[WealthEastMoney];12240;"SG | Longfu88 | RegForm  (Slot) | CPA | 200 EUR | 10 EUR | daily | 50 | Android | ALL |  |  | KPI Yes | MbManada | Falcons";Android;3;0;0;0;0
Singapore;120242913263530485;1545494207005501;🇸🇬_SG_51_[WealthEastMoney];12240;"SG | Longfu88 | RegForm  (Slot) | CPA | 200 EUR | 10 EUR | daily | 50 | Android | ALL |  |  | KPI Yes | MbManada | Falcons";Android;1;0;0;0;0
Singapore;120242913589920485;1545494207005501;🇸🇬_SG_51_[WealthEastMoney];12240;"SG | Longfu88 | RegForm  (Slot) | CPA | 200 EUR | 10 EUR | daily | 50 | Android | ALL |  |  | KPI Yes | MbManada | Falcons";Android;1;1;0;0;0
Singapore;120242932567510485;1545494207005501;🇸🇬_SG_38_[WealthEast];12240;"SG | Longfu88 | RegForm  (Slot) | CPA | 200 EUR | 10 EUR | daily | 50 | Android | ALL |  |  | KPI Yes | MbManada | Falcons";Android;121;0;0;0;0
Singapore;120242946961130485;1545494207005501;🇸🇬_SG_51_[WealthEastMoney];12240;"SG | Longfu88 | RegForm  (Slot) | CPA | 200 EUR | 10 EUR | daily | 50 | Android | ALL |  |  | KPI Yes | MbManada | Falcons";Android;2;0;0;0;0
Singapore;120243001537210485;1545494207005501;🇸🇬_SG_51_[WealthEastMoney];12240;"SG | Longfu88 | RegForm  (Slot) | CPA | 200 EUR | 10 EUR | daily | 50 | Android | ALL |  |  | KPI Yes | MbManada | Falcons";Android;1;1;0;0;0
Singapore;120243010962190485;1545494207005501;🇸🇬_SG_50_[WealthEastMoney];12240;"SG | Longfu88 | RegForm  (Slot) | CPA | 200 EUR | 10 EUR | daily | 50 | Android | ALL |  |  | KPI Yes | MbManada | Falcons";Android;1;0;0;0;0
Singapore;120243010962200485;1545494207005501;🇸🇬_SG_51_[WealthEastMoney];12240;"SG | Longfu88 | RegForm  (Slot) | CPA | 200 EUR | 10 EUR | daily | 50 | Android | ALL |  |  | KPI Yes | MbManada | Falcons";Android;1;1;0;0;0
Singapore;120243027531600406;1505442501299977;🇸🇬_SG_50_[WealthEastMoney];12240;"SG | Longfu88 | RegForm  (Slot) | CPA | 200 EUR | 10 EUR | daily | 50 | Android | ALL |  |  | KPI Yes | MbManada | Falcons";Android;3;0;0;0;0
Singapore;120243788465020461;947957774545206;🇸🇬_SG_59_[WealthEastMoney];12240;"SG | Longfu88 | RegForm  (Slot) | CPA | 200 EUR | 10 EUR | daily | 50 | Android | ALL |  |  | KPI Yes | MbManada | Falcons";Android;1;1;0;0;0
Singapore;120243980649060461;947957774545206;🇸🇬_SG_61_[WealthEastMoney];12240;"SG | Longfu88 | RegForm  (Slot) | CPA | 200 EUR | 10 EUR | daily | 50 | Android | ALL |  |  | KPI Yes | MbManada | Falcons";Android;3;1;0;0;0
Singapore;120244137175570097;1298322015735988;🇸🇬_SG_38_[WealthEast];10800;"SG | Longfu88 | Reg Form (slot) | CPA | 195 EUR | 15 SGD | total | 170 | Android | ALL | | | KPI Yes | MbManada | Falcons";Android;1;1;0;0;0
Singapore;120244387148350158;366034089467559;🇸🇬_SG_38_[WealthEast];12240;"SG | Longfu88 | RegForm  (Slot) | CPA | 200 EUR | 10 EUR | daily | 50 | Android | ALL |  |  | KPI Yes | MbManada | Falcons";Android;1;1;0;0;0
Singapore;120244387148380158;366034089467559;🇸🇬_SG_38_[WealthEast];12240;"SG | Longfu88 | RegForm  (Slot) | CPA | 200 EUR | 10 EUR | daily | 50 | Android | ALL |  |  | KPI Yes | MbManada | Falcons";Android;12;1;0;0;0
Singapore;120244673698520753;2315763045582193;🇸🇬_SG_38_[WealthEast];12240;"SG | Longfu88 | RegForm  (Slot) | CPA | 200 EUR | 10 EUR | daily | 50 | Android | ALL |  |  | KPI Yes | MbManada | Falcons";Android;3;0;0;0;0
Singapore;120244729913910753;2315763045582193;🇸🇬_SG_38_[WealthEast];12240;"SG | Longfu88 | RegForm  (Slot) | CPA | 200 EUR | 10 EUR | daily | 50 | Android | ALL |  |  | KPI Yes | MbManada | Falcons";Android;1;1;0;0;0
Singapore;120244751749050690;1287450583353958;🇸🇬_SG_38_[WealthEast];12240;"SG | Longfu88 | RegForm  (Slot) | CPA | 200 EUR | 10 EUR | daily | 50 | Android | ALL |  |  | KPI Yes | MbManada | Falcons";Android;1;1;0;0;0
Singapore;120244751749230690;1287450583353958;🇸🇬_SG_38_[WealthEast];12240;"SG | Longfu88 | RegForm  (Slot) | CPA | 200 EUR | 10 EUR | daily | 50 | Android | ALL |  |  | KPI Yes | MbManada | Falcons";Android;9;0;0;0;0
Singapore;120244787309560753;2315763045582193;"🇸🇬 SG_38 [WealthEast]";12240;"SG | Longfu88 | RegForm  (Slot) | CPA | 200 EUR | 10 EUR | daily | 50 | Android | ALL |  |  | KPI Yes | MbManada | Falcons";Android;1;0;0;0;0
Singapore;120244803275930690;1287450583353958;🇸🇬_SG_38_[WealthEast];12240;"SG | Longfu88 | RegForm  (Slot) | CPA | 200 EUR | 10 EUR | daily | 50 | Android | ALL |  |  | KPI Yes | MbManada | Falcons";Android;1;1;0;0;0
Singapore;120244803276470690;1287450583353958;🇸🇬_SG_38_[WealthEast];12240;"SG | Longfu88 | RegForm  (Slot) | CPA | 200 EUR | 10 EUR | daily | 50 | Android | ALL |  |  | KPI Yes | MbManada | Falcons";Android;2;1;0;0;0
Singapore;120244849631210694;1328022375863187;🇸🇬_SG_50_[WealthEastMoney];12240;"SG | Longfu88 | RegForm  (Slot) | CPA | 200 EUR | 10 EUR | daily | 50 | Android | ALL |  |  | KPI Yes | MbManada | Falcons";Android;2;1;0;0;0
Singapore;120244849631260694;1328022375863187;🇸🇬_SG_50_[WealthEastMoney];12240;"SG | Longfu88 | RegForm  (Slot) | CPA | 200 EUR | 10 EUR | daily | 50 | Android | ALL |  |  | KPI Yes | MbManada | Falcons";Android;9;1;0;0;0
Singapore;120244875159570694;1328022375863187;🇸🇬_SG_50_[WealthEastMoney];12240;"SG | Longfu88 | RegForm  (Slot) | CPA | 200 EUR | 10 EUR | daily | 50 | Android | ALL |  |  | KPI Yes | MbManada | Falcons";Android;6;1;0;0;0
Singapore;120244964284260539;2482387758945350;🇸🇬_SG_50_[WealthEastMoney];10800;"SG | Longfu88 | Reg Form (slot) | CPA | 195 EUR | 15 SGD | total | 170 | Android | ALL | | | KPI Yes | MbManada | Falcons";Android;1;0;0;0;0
Singapore;120244964284370539;2482387758945350;🇸🇬_SG_50_[WealthEastMoney];12240;"SG | Longfu88 | RegForm  (Slot) | CPA | 200 EUR | 10 EUR | daily | 50 | Android | ALL |  |  | KPI Yes | MbManada | Falcons";Android;2;0;0;0;0
Singapore;120244988903820539;2482387758945350;🇸🇬_SG_51_[WealthEastMoney];12240;"SG | Longfu88 | RegForm  (Slot) | CPA | 200 EUR | 10 EUR | daily | 50 | Android | ALL |  |  | KPI Yes | MbManada | Falcons";iOS;1;0;0;0;0
Singapore;120244988903830539;2482387758945350;🇸🇬_SG_51_[WealthEastMoney];12240;"SG | Longfu88 | RegForm  (Slot) | CPA | 200 EUR | 10 EUR | daily | 50 | Android | ALL |  |  | KPI Yes | MbManada | Falcons";Android;1;0;0;0;0
Singapore;120245048015110539;2482387758945350;🇸🇬_SG_50_[WealthEastMoney];12240;"SG | Longfu88 | RegForm  (Slot) | CPA | 200 EUR | 10 EUR | daily | 50 | Android | ALL |  |  | KPI Yes | MbManada | Falcons";Android;1;1;0;0;0
Singapore;120245152830620641;4381046808878563;🇸🇬_SG_59_[WealthEastMoney];12240;"SG | Longfu88 | RegForm  (Slot) | CPA | 200 EUR | 10 EUR | daily | 50 | Android | ALL |  |  | KPI Yes | MbManada | Falcons";Android;2;0;0;0;0
Singapore;120245286094140781;1245734773823899;🇸🇬_SG_38_[WealthEast];12238;"SG | Longfu88 | RegForm  (Slot) | CPA | 170 EUR | 10 EUR | total | 80 | Android | ALL |  |  | KPI Yes | MbManada | Falcons | MbFlex";Android;1;0;0;0;0
Singapore;120245320503390539;2482387758945350;🇸🇬_SG_51_[WealthEastMoney];12240;"SG | Longfu88 | RegForm  (Slot) | CPA | 200 EUR | 10 EUR | daily | 50 | Android | ALL |  |  | KPI Yes | MbManada | Falcons";Android;1;0;1;0;0
Singapore;120245320503660539;2482387758945350;🇸🇬_SG_51_[WealthEastMoney];12240;"SG | Longfu88 | RegForm  (Slot) | CPA | 200 EUR | 10 EUR | daily | 50 | Android | ALL |  |  | KPI Yes | MbManada | Falcons";Android;1;0;0;0;0
Singapore;120245361280510078;819219510809397;"🇸🇬 SG_50 [WealthEastMoney]";12240;"SG | Longfu88 | RegForm  (Slot) | CPA | 200 EUR | 10 EUR | daily | 50 | Android | ALL |  |  | KPI Yes | MbManada | Falcons";Android;3;0;0;0;0
Singapore;120245600639330504;1559663046164039;🇸🇬_SG_50_[WealthEastMoney];12240;"SG | Longfu88 | RegForm  (Slot) | CPA | 200 EUR | 10 EUR | daily | 50 | Android | ALL |  |  | KPI Yes | MbManada | Falcons";Android;28;8;0;0;0
Singapore;120245665734120504;1559663046164039;🇸🇬_SG_50_[WealthEastMoney];12240;"SG | Longfu88 | RegForm  (Slot) | CPA | 200 EUR | 10 EUR | daily | 50 | Android | ALL |  |  | KPI Yes | MbManada | Falcons";Android;5;0;0;0;0
Singapore;120245713236100510;4410650375860647;🇸🇬_SG_51_[WealthEastMoney];12240;"SG | Longfu88 | RegForm  (Slot) | CPA | 200 EUR | 10 EUR | daily | 50 | Android | ALL |  |  | KPI Yes | MbManada | Falcons";Android;6;0;0;0;0
Singapore;120246168175420106;1641083631350576;🇸🇬_SG_50_[WealthEastMoney];12240;"SG | Longfu88 | RegForm  (Slot) | CPA | 200 EUR | 10 EUR | daily | 50 | Android | ALL |  |  | KPI Yes | MbManada | Falcons";Android;10;1;0;0;0
Singapore;120246168175420106;1641083631350576;🇸🇬_SG_50_[WealthEastMoney];12240;"SG | Longfu88 | RegForm  (Slot) | CPA | 200 EUR | 10 EUR | daily | 50 | Android | ALL |  |  | KPI Yes | MbManada | Falcons";iOS;2;2;1;0;0
Singapore;120246168175420106;1641083631350576;🇸🇬_SG_51_[WealthEastMoney];12240;"SG | Longfu88 | RegForm  (Slot) | CPA | 200 EUR | 10 EUR | daily | 50 | Android | ALL |  |  | KPI Yes | MbManada | Falcons";iOS;1;1;0;0;0
Singapore;120246168189450106;1641083631350576;🇸🇬_SG_50_[WealthEastMoney];12240;"SG | Longfu88 | RegForm  (Slot) | CPA | 200 EUR | 10 EUR | daily | 50 | Android | ALL |  |  | KPI Yes | MbManada | Falcons";iOS;1;0;0;0;0
Singapore;120246168189450106;1641083631350576;🇸🇬_SG_51_[WealthEastMoney];12240;"SG | Longfu88 | RegForm  (Slot) | CPA | 200 EUR | 10 EUR | daily | 50 | Android | ALL |  |  | KPI Yes | MbManada | Falcons";Android;46;6;4;1;228.39
Singapore;120246168189450106;1641083631350576;🇸🇬_SG_51_[WealthEastMoney];12240;"SG | Longfu88 | RegForm  (Slot) | CPA | 200 EUR | 10 EUR | daily | 50 | Android | ALL |  |  | KPI Yes | MbManada | Falcons";iOS;2;0;0;0;0
Singapore;120246168193080106;1641083631350576;🇸🇬_SG_50_[WealthEastMoney];12240;"SG | Longfu88 | RegForm  (Slot) | CPA | 200 EUR | 10 EUR | daily | 50 | Android | ALL |  |  | KPI Yes | MbManada | Falcons";Android;2;1;1;0;0
Singapore;120246168193080106;1641083631350576;🇸🇬_SG_50_[WealthEastMoney];12240;"SG | Longfu88 | RegForm  (Slot) | CPA | 200 EUR | 10 EUR | daily | 50 | Android | ALL |  |  | KPI Yes | MbManada | Falcons";iOS;1;1;0;0;0
Singapore;120246168193090106;1641083631350576;🇸🇬_SG_50_[WealthEastMoney];12240;"SG | Longfu88 | RegForm  (Slot) | CPA | 200 EUR | 10 EUR | daily | 50 | Android | ALL |  |  | KPI Yes | MbManada | Falcons";Android;11;2;2;0;0
Singapore;120246168193090106;1641083631350576;🇸🇬_SG_51_[WealthEastMoney];12240;"SG | Longfu88 | RegForm  (Slot) | CPA | 200 EUR | 10 EUR | daily | 50 | Android | ALL |  |  | KPI Yes | MbManada | Falcons";Android;4;2;0;0;0
Singapore;120246168193100106;1641083631350576;🇸🇬_SG_50_[WealthEastMoney];12240;"SG | Longfu88 | RegForm  (Slot) | CPA | 200 EUR | 10 EUR | daily | 50 | Android | ALL |  |  | KPI Yes | MbManada | Falcons";Android;78;10;1;0;0
Singapore;120246168193100106;1641083631350576;🇸🇬_SG_50_[WealthEastMoney];12240;"SG | Longfu88 | RegForm  (Slot) | CPA | 200 EUR | 10 EUR | daily | 50 | Android | ALL |  |  | KPI Yes | MbManada | Falcons";iOS;8;6;1;1;228.39
Singapore;120246168193100106;1641083631350576;🇸🇬_SG_51_[WealthEastMoney];12240;"SG | Longfu88 | RegForm  (Slot) | CPA | 200 EUR | 10 EUR | daily | 50 | Android | ALL |  |  | KPI Yes | MbManada | Falcons";Android;1;1;0;0;0
Singapore;120246168193110106;1641083631350576;🇸🇬_SG_50_[WealthEastMoney];12240;"SG | Longfu88 | RegForm  (Slot) | CPA | 200 EUR | 10 EUR | daily | 50 | Android | ALL |  |  | KPI Yes | MbManada | Falcons";Android;4;0;0;0;0
Singapore;120246168193110106;1641083631350576;🇸🇬_SG_50_[WealthEastMoney];12240;"SG | Longfu88 | RegForm  (Slot) | CPA | 200 EUR | 10 EUR | daily | 50 | Android | ALL |  |  | KPI Yes | MbManada | Falcons";iOS;4;3;2;0;0
Singapore;120246168193110106;1641083631350576;🇸🇬_SG_51_[WealthEastMoney];10800;"SG | Longfu88 | Reg Form (slot) | CPA | 195 EUR | 15 SGD | total | 170 | Android | ALL | | | KPI Yes | MbManada | Falcons";Android;20;1;1;0;0
Singapore;120246168193110106;1641083631350576;🇸🇬_SG_51_[WealthEastMoney];12240;"SG | Longfu88 | RegForm  (Slot) | CPA | 200 EUR | 10 EUR | daily | 50 | Android | ALL |  |  | KPI Yes | MbManada | Falcons";Android;59;12;8;4;913.05
Singapore;120246168193110106;1641083631350576;🇸🇬_SG_51_[WealthEastMoney];12240;"SG | Longfu88 | RegForm  (Slot) | CPA | 200 EUR | 10 EUR | daily | 50 | Android | ALL |  |  | KPI Yes | MbManada | Falcons";iOS;5;3;1;0;0
Singapore;120246168193150106;1641083631350576;🇸🇬_SG_50_[WealthEastMoney];12240;"SG | Longfu88 | RegForm  (Slot) | CPA | 200 EUR | 10 EUR | daily | 50 | Android | ALL |  |  | KPI Yes | MbManada | Falcons";Android;10;2;0;0;0
Singapore;120246168193150106;1641083631350576;🇸🇬_SG_50_[WealthEastMoney];12240;"SG | Longfu88 | RegForm  (Slot) | CPA | 200 EUR | 10 EUR | daily | 50 | Android | ALL |  |  | KPI Yes | MbManada | Falcons";iOS;1;1;0;0;0
Singapore;120246205341610106;1641083631350576;🇸🇬_SG_50_[WealthEastMoney];12240;"SG | Longfu88 | RegForm  (Slot) | CPA | 200 EUR | 10 EUR | daily | 50 | Android | ALL |  |  | KPI Yes | MbManada | Falcons";Android;20;2;1;0;0
Singapore;120246205341650106;1641083631350576;🇸🇬_SG_51_[WealthEastMoney];12238;"SG | Longfu88 | RegForm  (Slot) | CPA | 170 EUR | 10 EUR | total | 80 | Android | ALL |  |  | KPI Yes | MbManada | Falcons | MbFlex";Android;1;0;0;0;0
Singapore;120246205342260106;1641083631350576;🇸🇬_SG_50_[WealthEastMoney];12240;"SG | Longfu88 | RegForm  (Slot) | CPA | 200 EUR | 10 EUR | daily | 50 | Android | ALL |  |  | KPI Yes | MbManada | Falcons";iOS;5;2;0;0;0
Singapore;120246205342400106;1641083631350576;🇸🇬_SG_50_[WealthEastMoney];12240;"SG | Longfu88 | RegForm  (Slot) | CPA | 200 EUR | 10 EUR | daily | 50 | Android | ALL |  |  | KPI Yes | MbManada | Falcons";Android;1;1;0;0;0
Singapore;120246205370100106;1641083631350576;🇸🇬_SG_51_[WealthEastMoney];12240;"SG | Longfu88 | RegForm  (Slot) | CPA | 200 EUR | 10 EUR | daily | 50 | Android | ALL |  |  | KPI Yes | MbManada | Falcons";Android;1;0;0;0;0
Singapore;120246318700270106;1641083631350576;🇸🇬_SG_63_[WealthEastMoney];12240;"SG | Longfu88 | RegForm  (Slot) | CPA | 200 EUR | 10 EUR | daily | 50 | Android | ALL |  |  | KPI Yes | MbManada | Falcons";Android;2;1;0;0;0
Singapore;120246532005650323;1260467162837852;🇸🇬_SG_45_[CoinStrike];10800;"SG | Longfu88 | Reg Form (slot) | CPA | 195 EUR | 15 SGD | total | 170 | Android | ALL | | | KPI Yes | MbManada | Falcons";Android;9;2;0;0;0
Singapore;120246889942740323;1260467162837852;🇸🇬_SG_51_[WealthEastMoney];12240;"SG | Longfu88 | RegForm  (Slot) | CPA | 200 EUR | 10 EUR | daily | 50 | Android | ALL |  |  | KPI Yes | MbManada | Falcons";Android;1;1;0;0;0
Singapore;120246889949610323;1260467162837852;🇸🇬_SG_50_[WealthEastMoney];12240;"SG | Longfu88 | RegForm  (Slot) | CPA | 200 EUR | 10 EUR | daily | 50 | Android | ALL |  |  | KPI Yes | MbManada | Falcons";Android;16;1;0;0;0
Singapore;120246889949860323;1260467162837852;🇸🇬_SG_50_[WealthEastMoney];12238;"SG | Longfu88 | RegForm  (Slot) | CPA | 170 EUR | 10 EUR | total | 80 | Android | ALL |  |  | KPI Yes | MbManada | Falcons | MbFlex";Android;2;1;0;0;0
Singapore;120246969425980169;1668769327463016;🇸🇬_SG_34_[Olympus];12240;"SG | Longfu88 | RegForm  (Slot) | CPA | 200 EUR | 10 EUR | daily | 50 | Android | ALL |  |  | KPI Yes | MbManada | Falcons";Android;2;1;0;0;0
Singapore;120246972870990169;1668769327463016;🇸🇬_SG_35_[Olympus];12240;"SG | Longfu88 | RegForm  (Slot) | CPA | 200 EUR | 10 EUR | daily | 50 | Android | ALL |  |  | KPI Yes | MbManada | Falcons";Android;2;0;0;0;0
Singapore;120246977908150323;1260467162837852;🇸🇬_SG_50_[WealthEastMoney];12240;"SG | Longfu88 | RegForm  (Slot) | CPA | 200 EUR | 10 EUR | daily | 50 | Android | ALL |  |  | KPI Yes | MbManada | Falcons";Android;3;0;0;0;0
Singapore;120246978351430323;1260467162837852;🇸🇬_SG_50_[WealthEastMoney];12240;"SG | Longfu88 | RegForm  (Slot) | CPA | 200 EUR | 10 EUR | daily | 50 | Android | ALL |  |  | KPI Yes | MbManada | Falcons";Android;1;1;0;0;0
Singapore;120247083191160169;1668769327463016;🇸🇬_SG_49_[WealthEast];12240;"SG | Longfu88 | RegForm  (Slot) | CPA | 200 EUR | 10 EUR | daily | 50 | Android | ALL |  |  | KPI Yes | MbManada | Falcons";Android;2;0;0;0;0
Singapore;120247087732130276;2260681388071908;🇸🇬_SG_50_[WealthEastMoney];12240;"SG | Longfu88 | RegForm  (Slot) | CPA | 200 EUR | 10 EUR | daily | 50 | Android | ALL |  |  | KPI Yes | MbManada | Falcons";Android;4;1;0;0;0
Singapore;120247087737730276;2260681388071908;🇸🇬_SG_50_[WealthEastMoney];12240;"SG | Longfu88 | RegForm  (Slot) | CPA | 200 EUR | 10 EUR | daily | 50 | Android | ALL |  |  | KPI Yes | MbManada | Falcons";Android;1;0;0;0;0
Singapore;120247094613090627;958416613755320;🇸🇬_SG_50_[WealthEastMoney];12240;"SG | Longfu88 | RegForm  (Slot) | CPA | 200 EUR | 10 EUR | daily | 50 | Android | ALL |  |  | KPI Yes | MbManada | Falcons";Android;1;0;0;0;0
Singapore;120247135827070276;2260681388071908;🇸🇬_SG_50_[WealthEastMoney];12240;"SG | Longfu88 | RegForm  (Slot) | CPA | 200 EUR | 10 EUR | daily | 50 | Android | ALL |  |  | KPI Yes | MbManada | Falcons";Android;1;0;0;0;0
Singapore;120247941112430786;1548268670068192;🇸🇬_SG_51_[WealthEastMoney];12240;"SG | Longfu88 | RegForm  (Slot) | CPA | 200 EUR | 10 EUR | daily | 50 | Android | ALL |  |  | KPI Yes | MbManada | Falcons";Android;8;2;2;0;0
Singapore;120247941131600786;1548268670068192;🇸🇬_SG_50_[WealthEastMoney];12240;"SG | Longfu88 | RegForm  (Slot) | CPA | 200 EUR | 10 EUR | daily | 50 | Android | ALL |  |  | KPI Yes | MbManada | Falcons";Android;7;2;0;0;0
Singapore;120247941134730786;1548268670068192;🇸🇬_SG_50_[WealthEastMoney];12240;"SG | Longfu88 | RegForm  (Slot) | CPA | 200 EUR | 10 EUR | daily | 50 | Android | ALL |  |  | KPI Yes | MbManada | Falcons";Android;64;3;2;1;227.56
Singapore;120247941134730786;1548268670068192;🇸🇬_SG_50_[WealthEastMoney];12240;"SG | Longfu88 | RegForm  (Slot) | CPA | 200 EUR | 10 EUR | daily | 50 | Android | ALL |  |  | KPI Yes | MbManada | Falcons";iOS;7;1;1;0;0
Singapore;120247941134730786;1548268670068192;🇸🇬_SG_51_[WealthEastMoney];12240;"SG | Longfu88 | RegForm  (Slot) | CPA | 200 EUR | 10 EUR | daily | 50 | Android | ALL |  |  | KPI Yes | MbManada | Falcons";Android;2;1;0;0;0
Singapore;120247941134730786;1548268670068192;🇸🇬_SG_51_[WealthEastMoney];12240;"SG | Longfu88 | RegForm  (Slot) | CPA | 200 EUR | 10 EUR | daily | 50 | Android | ALL |  |  | KPI Yes | MbManada | Falcons";iOS;1;1;0;0;0
Singapore;120247941134840786;1548268670068192;🇸🇬_SG_50_[WealthEastMoney];12240;"SG | Longfu88 | RegForm  (Slot) | CPA | 200 EUR | 10 EUR | daily | 50 | Android | ALL |  |  | KPI Yes | MbManada | Falcons";iOS;1;1;0;0;0
Singapore;120247941134840786;1548268670068192;🇸🇬_SG_51_[WealthEastMoney];12240;"SG | Longfu88 | RegForm  (Slot) | CPA | 200 EUR | 10 EUR | daily | 50 | Android | ALL |  |  | KPI Yes | MbManada | Falcons";iOS;1;1;1;0;0
Singapore;120247941134860786;1548268670068192;🇸🇬_SG_50_[WealthEastMoney];12240;"SG | Longfu88 | RegForm  (Slot) | CPA | 200 EUR | 10 EUR | daily | 50 | Android | ALL |  |  | KPI Yes | MbManada | Falcons";Android;2;2;2;0;0
Singapore;120247941134880786;1548268670068192;🇸🇬_SG_50_[WealthEastMoney];12240;"SG | Longfu88 | RegForm  (Slot) | CPA | 200 EUR | 10 EUR | daily | 50 | Android | ALL |  |  | KPI Yes | MbManada | Falcons";Android;2;2;1;0;0
Singapore;120247941134920786;1548268670068192;🇸🇬_SG_51_[WealthEastMoney];12240;"SG | Longfu88 | RegForm  (Slot) | CPA | 200 EUR | 10 EUR | daily | 50 | Android | ALL |  |  | KPI Yes | MbManada | Falcons";Android;7;4;2;0;0
Singapore;120247941893180315;1350203853835452;🇸🇬_SG_50_[WealthEastMoney];12240;"SG | Longfu88 | RegForm  (Slot) | CPA | 200 EUR | 10 EUR | daily | 50 | Android | ALL |  |  | KPI Yes | MbManada | Falcons";Android;1;0;0;0;0
Singapore;120247941893350315;1350203853835452;🇸🇬_SG_51_[WealthEastMoney];12240;"SG | Longfu88 | RegForm  (Slot) | CPA | 200 EUR | 10 EUR | daily | 50 | Android | ALL |  |  | KPI Yes | MbManada | Falcons";Android;8;2;0;0;0
Singapore;120247941893450315;1350203853835452;🇸🇬_SG_50_[WealthEastMoney];12240;"SG | Longfu88 | RegForm  (Slot) | CPA | 200 EUR | 10 EUR | daily | 50 | Android | ALL |  |  | KPI Yes | MbManada | Falcons";Android;11;1;0;0;0
Singapore;120247987608660315;1350203853835452;🇸🇬_SG_51_[WealthEastMoney];12240;"SG | Longfu88 | RegForm  (Slot) | CPA | 200 EUR | 10 EUR | daily | 50 | Android | ALL |  |  | KPI Yes | MbManada | Falcons";Android;1;1;0;0;0
Singapore;120247987608680315;1350203853835452;🇸🇬_SG_50_[WealthEastMoney];12240;"SG | Longfu88 | RegForm  (Slot) | CPA | 200 EUR | 10 EUR | daily | 50 | Android | ALL |  |  | KPI Yes | MbManada | Falcons";Android;1;0;0;0;0
Singapore;120248017688590786;1548268670068192;🇸🇬_SG_51_[WealthEastMoney];12240;"SG | Longfu88 | RegForm  (Slot) | CPA | 200 EUR | 10 EUR | daily | 50 | Android | ALL |  |  | KPI Yes | MbManada | Falcons";iOS;1;1;0;0;0
Singapore;120248017734720786;1548268670068192;🇸🇬_SG_50_[WealthEastMoney];12240;"SG | Longfu88 | RegForm  (Slot) | CPA | 200 EUR | 10 EUR | daily | 50 | Android | ALL |  |  | KPI Yes | MbManada | Falcons";Android;4;2;2;0;0
Singapore;120248017735080786;1548268670068192;🇸🇬_SG_50_[WealthEastMoney];12240;"SG | Longfu88 | RegForm  (Slot) | CPA | 200 EUR | 10 EUR | daily | 50 | Android | ALL |  |  | KPI Yes | MbManada | Falcons";Android;1;1;0;0;0
Singapore;120248062340970315;1350203853835452;🇸🇬_SG_50_[WealthEastMoney];12240;"SG | Longfu88 | RegForm  (Slot) | CPA | 200 EUR | 10 EUR | daily | 50 | Android | ALL |  |  | KPI Yes | MbManada | Falcons";Android;3;1;0;0;0
Singapore;120248062340990315;1350203853835452;🇸🇬_SG_50_[WealthEastMoney];12240;"SG | Longfu88 | RegForm  (Slot) | CPA | 200 EUR | 10 EUR | daily | 50 | Android | ALL |  |  | KPI Yes | MbManada | Falcons";Android;3;0;0;0;0
Singapore;120248108725980315;1350203853835452;🇸🇬_SG_51_[WealthEastMoney];12240;"SG | Longfu88 | RegForm  (Slot) | CPA | 200 EUR | 10 EUR | daily | 50 | Android | ALL |  |  | KPI Yes | MbManada | Falcons";Android;13;0;0;0;0
Singapore;120248108726060315;1350203853835452;🇸🇬_SG_50_[WealthEastMoney];12240;"SG | Longfu88 | RegForm  (Slot) | CPA | 200 EUR | 10 EUR | daily | 50 | Android | ALL |  |  | KPI Yes | MbManada | Falcons";GNU/Linux;1;0;0;0;0
Singapore;120248108726070315;1350203853835452;🇸🇬_SG_51_[WealthEastMoney];12240;"SG | Longfu88 | RegForm  (Slot) | CPA | 200 EUR | 10 EUR | daily | 50 | Android | ALL |  |  | KPI Yes | MbManada | Falcons";Android;2;1;0;0;0
Singapore;120248265652840122;1085410707243238;🇸🇬_SG_50_[WealthEastMoney];12240;"SG | Longfu88 | RegForm  (Slot) | CPA | 200 EUR | 10 EUR | daily | 50 | Android | ALL |  |  | KPI Yes | MbManada | Falcons";Android;1;1;0;0;0
Singapore;120248265652840122;1085410707243238;🇸🇬_SG_51_[WealthEastMoney];12240;"SG | Longfu88 | RegForm  (Slot) | CPA | 200 EUR | 10 EUR | daily | 50 | Android | ALL |  |  | KPI Yes | MbManada | Falcons";iOS;1;1;0;0;0
Singapore;120248265746830122;1085410707243238;🇸🇬_SG_50_[WealthEastMoney];12240;"SG | Longfu88 | RegForm  (Slot) | CPA | 200 EUR | 10 EUR | daily | 50 | Android | ALL |  |  | KPI Yes | MbManada | Falcons";Android;1;1;0;0;0
Singapore;120248265746830122;1085410707243238;🇸🇬_SG_51_[WealthEastMoney];12240;"SG | Longfu88 | RegForm  (Slot) | CPA | 200 EUR | 10 EUR | daily | 50 | Android | ALL |  |  | KPI Yes | MbManada | Falcons";Android;1;1;1;0;0
Singapore;120248265747010122;1085410707243238;🇸🇬_SG_50_[WealthEastMoney];12240;"SG | Longfu88 | RegForm  (Slot) | CPA | 200 EUR | 10 EUR | daily | 50 | Android | ALL |  |  | KPI Yes | MbManada | Falcons";Android;1;1;0;0;0
Singapore;120248274434140786;1548268670068192;🇸🇬_SG_62_[WealthEastMoney];12240;"SG | Longfu88 | RegForm  (Slot) | CPA | 200 EUR | 10 EUR | daily | 50 | Android | ALL |  |  | KPI Yes | MbManada | Falcons";Android;2;1;1;0;0
Singapore;120248510456780122;1085410707243238;🇸🇬_SG_68_[WealthEastSlot];12240;"SG | Longfu88 | RegForm  (Slot) | CPA | 200 EUR | 10 EUR | daily | 50 | Android | ALL |  |  | KPI Yes | MbManada | Falcons";iOS;6;2;0;0;0
Singapore;120248544505270122;1085410707243238;🇸🇬_SG_62_[WealthEastMoney];10800;"SG | Longfu88 | Reg Form (slot) | CPA | 195 EUR | 15 SGD | total | 170 | Android | ALL | | | KPI Yes | MbManada | Falcons";Android;1;0;0;0;0
Singapore;120248544505270122;1085410707243238;🇸🇬_SG_62_[WealthEastMoney];12240;"SG | Longfu88 | RegForm  (Slot) | CPA | 200 EUR | 10 EUR | daily | 50 | Android | ALL |  |  | KPI Yes | MbManada | Falcons";iOS;1;1;0;0;0
Singapore;120248544505300122;1085410707243238;🇸🇬_SG_66_[WealthEastMoney];12240;"SG | Longfu88 | RegForm  (Slot) | CPA | 200 EUR | 10 EUR | daily | 50 | Android | ALL |  |  | KPI Yes | MbManada | Falcons";iOS;1;1;0;0;0
Singapore;120248544505310122;1085410707243238;🇸🇬_SG_62_[WealthEastMoney];12240;"SG | Longfu88 | RegForm  (Slot) | CPA | 200 EUR | 10 EUR | daily | 50 | Android | ALL |  |  | KPI Yes | MbManada | Falcons";Android;27;3;2;1;228.12
Singapore;120248544505310122;1085410707243238;🇸🇬_SG_64_[WealthEastMoney];12240;"SG | Longfu88 | RegForm  (Slot) | CPA | 200 EUR | 10 EUR | daily | 50 | Android | ALL |  |  | KPI Yes | MbManada | Falcons";Android;2;1;1;0;0
Singapore;120248544505310122;1085410707243238;🇸🇬_SG_64_[WealthEastMoney];12240;"SG | Longfu88 | RegForm  (Slot) | CPA | 200 EUR | 10 EUR | daily | 50 | Android | ALL |  |  | KPI Yes | MbManada | Falcons";iOS;1;1;0;0;0
Singapore;120248544505520122;1085410707243238;🇸🇬_SG_63_[WealthEastMoney];12240;"SG | Longfu88 | RegForm  (Slot) | CPA | 200 EUR | 10 EUR | daily | 50 | Android | ALL |  |  | KPI Yes | MbManada | Falcons";Android;2;0;0;0;0
Singapore;120248544505520122;1085410707243238;🇸🇬_SG_63_[WealthEastMoney];12732;"MY | LuckyStar | RegForm (Slot) | CPA | 50 USD | 20 MYR | total | 50 | Android | ALL |  |  | KPI Yes | MbManada | Falcons";Android;1;0;0;0;0
Singapore;120248544505690122;1085410707243238;🇸🇬_SG_65_[WealthEastMoney];12240;"SG | Longfu88 | RegForm  (Slot) | CPA | 200 EUR | 10 EUR | daily | 50 | Android | ALL |  |  | KPI Yes | MbManada | Falcons";Android;8;2;0;0;0
Singapore;120248772795040295;1372108118354145;🇸🇬_SG_50_[WealthEastMoney];10800;"SG | Longfu88 | Reg Form (slot) | CPA | 195 EUR | 15 SGD | total | 170 | Android | ALL | | | KPI Yes | MbManada | Falcons";Android;4;2;0;0;0
Singapore;120248773046890295;1372108118354145;🇸🇬_SG_51_[WealthEastMoney];12240;"SG | Longfu88 | RegForm  (Slot) | CPA | 200 EUR | 10 EUR | daily | 50 | Android | ALL |  |  | KPI Yes | MbManada | Falcons";Android;1;1;0;0;0
Singapore;120248773046900295;1372108118354145;🇸🇬_SG_51_[WealthEastMoney];12240;"SG | Longfu88 | RegForm  (Slot) | CPA | 200 EUR | 10 EUR | daily | 50 | Android | ALL |  |  | KPI Yes | MbManada | Falcons";Android;1;0;0;0;0
Singapore;120248922966960017;2153552362162672;🇸🇬_SG_50_[WealthEastMoney];10800;"SG | Longfu88 | Reg Form (slot) | CPA | 195 EUR | 15 SGD | total | 170 | Android | ALL | | | KPI Yes | MbManada | Falcons";Android;100;1;0;0;0
Singapore;120248922966960017;2153552362162672;🇸🇬_SG_50_[WealthEastMoney];12240;"SG | Longfu88 | RegForm  (Slot) | CPA | 200 EUR | 10 EUR | daily | 50 | Android | ALL |  |  | KPI Yes | MbManada | Falcons";Android;4;0;1;0;0
Singapore;120248922966970017;2153552362162672;🇸🇬_SG_50_[WealthEastMoney];12240;"SG | Longfu88 | RegForm  (Slot) | CPA | 200 EUR | 10 EUR | daily | 50 | Android | ALL |  |  | KPI Yes | MbManada | Falcons";Android;1;1;0;0;0
Singapore;120248941210900017;2153552362162672;🇸🇬_SG_51_[WealthEastMoney];12240;"SG | Longfu88 | RegForm  (Slot) | CPA | 200 EUR | 10 EUR | daily | 50 | Android | ALL |  |  | KPI Yes | MbManada | Falcons";Android;2;0;0;0;0
Singapore;120248941210960017;2153552362162672;🇸🇬_SG_51_[WealthEastMoney];10800;"SG | Longfu88 | Reg Form (slot) | CPA | 195 EUR | 15 SGD | total | 170 | Android | ALL | | | KPI Yes | MbManada | Falcons";Android;1;0;0;0;0
Singapore;120248941210960017;2153552362162672;🇸🇬_SG_51_[WealthEastMoney];12240;"SG | Longfu88 | RegForm  (Slot) | CPA | 200 EUR | 10 EUR | daily | 50 | Android | ALL |  |  | KPI Yes | MbManada | Falcons";Android;2;0;0;0;0
Singapore;120248941211050017;2153552362162672;🇸🇬_SG_50_[WealthEastMoney];12240;"SG | Longfu88 | RegForm  (Slot) | CPA | 200 EUR | 10 EUR | daily | 50 | Android | ALL |  |  | KPI Yes | MbManada | Falcons";Android;1;0;0;0;0
Singapore;120248941211100017;2153552362162672;🇸🇬_SG_50_[WealthEastMoney];12240;"SG | Longfu88 | RegForm  (Slot) | CPA | 200 EUR | 10 EUR | daily | 50 | Android | ALL |  |  | KPI Yes | MbManada | Falcons";Android;2;0;0;0;0
Singapore;120248965325050017;2153552362162672;🇸🇬_SG_51_[WealthEastMoney];12240;"SG | Longfu88 | RegForm  (Slot) | CPA | 200 EUR | 10 EUR | daily | 50 | Android | ALL |  |  | KPI Yes | MbManada | Falcons";Android;1;0;0;0;0
Singapore;120248987168680295;1372108118354145;🇸🇬_SG_51_[WealthEastMoney];12240;"SG | Longfu88 | RegForm  (Slot) | CPA | 200 EUR | 10 EUR | daily | 50 | Android | ALL |  |  | KPI Yes | MbManada | Falcons";Android;1;0;0;0;0
Singapore;120248987168700295;1372108118354145;🇸🇬_SG_50_[WealthEastMoney];12240;"SG | Longfu88 | RegForm  (Slot) | CPA | 200 EUR | 10 EUR | daily | 50 | Android | ALL |  |  | KPI Yes | MbManada | Falcons";Android;1;0;0;0;0
Singapore;120248987168730295;1372108118354145;🇸🇬_SG_51_[WealthEastMoney];12240;"SG | Longfu88 | RegForm  (Slot) | CPA | 200 EUR | 10 EUR | daily | 50 | Android | ALL |  |  | KPI Yes | MbManada | Falcons";Android;27;0;0;0;0
Singapore;120249032575220783;1002716982684382;🇸🇬_SG_65_[WealthEastMoney];12240;"SG | Longfu88 | RegForm  (Slot) | CPA | 200 EUR | 10 EUR | daily | 50 | Android | ALL |  |  | KPI Yes | MbManada | Falcons";Android;68;1;0;0;0
Singapore;120249062562680783;1002716982684382;🇸🇬_SG_63_[WealthEastMoney];12240;"SG | Longfu88 | RegForm  (Slot) | CPA | 200 EUR | 10 EUR | daily | 50 | Android | ALL |  |  | KPI Yes | MbManada | Falcons";Android;72;2;1;1;228.94
Singapore;120249062632160783;1002716982684382;🇸🇬_SG_63_[WealthEastMoney];12240;"SG | Longfu88 | RegForm  (Slot) | CPA | 200 EUR | 10 EUR | daily | 50 | Android | ALL |  |  | KPI Yes | MbManada | Falcons";iOS;4;1;0;0;0
Singapore;120249062632160783;1002716982684382;🇸🇬_SG_65_[WealthEastMoney];10800;"SG | Longfu88 | Reg Form (slot) | CPA | 195 EUR | 15 SGD | total | 170 | Android | ALL | | | KPI Yes | MbManada | Falcons";Android;1;0;0;0;0
Singapore;120249062636220783;1002716982684382;🇸🇬_SG_62_[WealthEastMoney];12240;"SG | Longfu88 | RegForm  (Slot) | CPA | 200 EUR | 10 EUR | daily | 50 | Android | ALL |  |  | KPI Yes | MbManada | Falcons";Android;2;1;1;0;0
Singapore;120249062636230783;1002716982684382;🇸🇬_SG_64_[WealthEastMoney];12240;"SG | Longfu88 | RegForm  (Slot) | CPA | 200 EUR | 10 EUR | daily | 50 | Android | ALL |  |  | KPI Yes | MbManada | Falcons";iOS;4;2;0;0;0
Singapore;120249062636240783;1002716982684382;🇸🇬_SG_63_[WealthEastMoney];12240;"SG | Longfu88 | RegForm  (Slot) | CPA | 200 EUR | 10 EUR | daily | 50 | Android | ALL |  |  | KPI Yes | MbManada | Falcons";Android;4;1;0;0;0
Singapore;120249062636240783;1002716982684382;🇸🇬_SG_63_[WealthEastMoney];12240;"SG | Longfu88 | RegForm  (Slot) | CPA | 200 EUR | 10 EUR | daily | 50 | Android | ALL |  |  | KPI Yes | MbManada | Falcons";iOS;4;1;0;0;0
Singapore;120249062636250783;1002716982684382;🇸🇬_SG_62_[WealthEastMoney];12240;"SG | Longfu88 | RegForm  (Slot) | CPA | 200 EUR | 10 EUR | daily | 50 | Android | ALL |  |  | KPI Yes | MbManada | Falcons";iOS;1;1;1;0;0
Singapore;120249062636250783;1002716982684382;🇸🇬_SG_64_[WealthEastMoney];12240;"SG | Longfu88 | RegForm  (Slot) | CPA | 200 EUR | 10 EUR | daily | 50 | Android | ALL |  |  | KPI Yes | MbManada | Falcons";iOS;1;1;1;0;0
Singapore;120249062636530783;1002716982684382;🇸🇬_SG_64_[WealthEastMoney];12240;"SG | Longfu88 | RegForm  (Slot) | CPA | 200 EUR | 10 EUR | daily | 50 | Android | ALL |  |  | KPI Yes | MbManada | Falcons";Android;2;1;1;1;228.94
Singapore;120249062636540783;1002716982684382;🇸🇬_SG_64_[WealthEastMoney];12240;"SG | Longfu88 | RegForm  (Slot) | CPA | 200 EUR | 10 EUR | daily | 50 | Android | ALL |  |  | KPI Yes | MbManada | Falcons";Android;7;1;0;0;0
Singapore;120249100392000783;1002716982684382;🇸🇬_SG_62_[WealthEastMoney];12240;"SG | Longfu88 | RegForm  (Slot) | CPA | 200 EUR | 10 EUR | daily | 50 | Android | ALL |  |  | KPI Yes | MbManada | Falcons";Android;6;1;0;0;0
Singapore;120249100392860783;1002716982684382;🇸🇬_SG_63_[WealthEastMoney];12240;"SG | Longfu88 | RegForm  (Slot) | CPA | 200 EUR | 10 EUR | daily | 50 | Android | ALL |  |  | KPI Yes | MbManada | Falcons";iOS;3;1;0;0;0
Singapore;120249100392870783;1002716982684382;🇸🇬_SG_64_[WealthEastMoney];12240;"SG | Longfu88 | RegForm  (Slot) | CPA | 200 EUR | 10 EUR | daily | 50 | Android | ALL |  |  | KPI Yes | MbManada | Falcons";Android;2;0;1;0;0
Singapore;120249100392870783;1002716982684382;🇸🇬_SG_64_[WealthEastMoney];12240;"SG | Longfu88 | RegForm  (Slot) | CPA | 200 EUR | 10 EUR | daily | 50 | Android | ALL |  |  | KPI Yes | MbManada | Falcons";iOS;1;0;0;0;0
Singapore;120249100392910783;1002716982684382;🇸🇬_SG_65_[WealthEastMoney];12238;"SG | Longfu88 | RegForm  (Slot) | CPA | 170 EUR | 10 EUR | total | 80 | Android | ALL |  |  | KPI Yes | MbManada | Falcons | MbFlex";Android;10;0;1;0;0
Singapore;120249100392920783;1002716982684382;🇸🇬_SG_63_[WealthEastMoney];12240;"SG | Longfu88 | RegForm  (Slot) | CPA | 200 EUR | 10 EUR | daily | 50 | Android | ALL |  |  | KPI Yes | MbManada | Falcons";Android;11;0;1;0;0
Singapore;120249100392940783;1002716982684382;🇸🇬_SG_65_[WealthEastMoney];12240;"SG | Longfu88 | RegForm  (Slot) | CPA | 200 EUR | 10 EUR | daily | 50 | Android | ALL |  |  | KPI Yes | MbManada | Falcons";Android;4;2;0;0;0
Singapore;120249100624820783;1002716982684382;🇸🇬_SG_65_[WealthEastMoney];12240;"SG | Longfu88 | RegForm  (Slot) | CPA | 200 EUR | 10 EUR | daily | 50 | Android | ALL |  |  | KPI Yes | MbManada | Falcons";iOS;2;2;1;0;0
Singapore;120249100625220783;1002716982684382;🇸🇬_SG_63_[WealthEastMoney];12240;"SG | Longfu88 | RegForm  (Slot) | CPA | 200 EUR | 10 EUR | daily | 50 | Android | ALL |  |  | KPI Yes | MbManada | Falcons";Android;4;1;0;0;0
Singapore;120249364387460428;3056855951169909;🇸🇬_SG_38_[WealthEast];12240;"SG | Longfu88 | RegForm  (Slot) | CPA | 200 EUR | 10 EUR | daily | 50 | Android | ALL |  |  | KPI Yes | MbManada | Falcons";Android;5;0;0;0;0
Singapore;120249598947180386;1346553270480654;"🇸🇬 SG_4 [Olympus]";12238;"SG | Longfu88 | RegForm  (Slot) | CPA | 170 EUR | 10 EUR | total | 80 | Android | ALL |  |  | KPI Yes | MbManada | Falcons | MbFlex";Android;32;2;0;0;0
Singapore;120249598947240386;1346553270480654;"🇸🇬 SG_2 [Olympus]";12240;"SG | Longfu88 | RegForm  (Slot) | CPA | 200 EUR | 10 EUR | daily | 50 | Android | ALL |  |  | KPI Yes | MbManada | Falcons";Android;1;1;0;0;0
Singapore;120249598947350386;1346553270480654;"🇸🇬 SG_4 [Olympus]";10800;"SG | Longfu88 | Reg Form (slot) | CPA | 195 EUR | 15 SGD | total | 170 | Android | ALL | | | KPI Yes | MbManada | Falcons";Android;3;1;0;0;0
Singapore;120250149070410242;989238263621220;🇸🇬_SG_50_[WealthEast];12240;"SG | Longfu88 | RegForm  (Slot) | CPA | 200 EUR | 10 EUR | daily | 50 | Android | ALL |  |  | KPI Yes | MbManada | Falcons";Android;4;0;0;0;0
Singapore;120250236125840242;989238263621220;🇸🇬_SG_49_[WealthEast];12240;"SG | Longfu88 | RegForm  (Slot) | CPA | 200 EUR | 10 EUR | daily | 50 | Android | ALL |  |  | KPI Yes | MbManada | Falcons";Android;1;1;0;0;0
Singapore;120250236126340242;989238263621220;🇸🇬_SG_51_[WealthEast];12240;"SG | Longfu88 | RegForm  (Slot) | CPA | 200 EUR | 10 EUR | daily | 50 | Android | ALL |  |  | KPI Yes | MbManada | Falcons";Android;1;0;0;0;0
Singapore;120250280210630242;989238263621220;"🇸🇬 SG_49 [WealthEastMoney]";12240;"SG | Longfu88 | RegForm  (Slot) | CPA | 200 EUR | 10 EUR | daily | 50 | Android | ALL |  |  | KPI Yes | MbManada | Falcons";Android;2;1;0;0;0
Singapore;120250280210750242;989238263621220;🇸🇬_SG_51_[WealthEastMoney];12240;"SG | Longfu88 | RegForm  (Slot) | CPA | 200 EUR | 10 EUR | daily | 50 | Android | ALL |  |  | KPI Yes | MbManada | Falcons";Android;3;0;0;0;0
Singapore;120250283809910242;989238263621220;🇸🇬_SG_50_[WealthEastMoney];12240;"SG | Longfu88 | RegForm  (Slot) | CPA | 200 EUR | 10 EUR | daily | 50 | Android | ALL |  |  | KPI Yes | MbManada | Falcons";Android;1;0;0;0;0
Singapore;120250318063210729;4548588158706933;🇸🇬_SG_51_[WealthEastMoney];12240;"SG | Longfu88 | RegForm  (Slot) | CPA | 200 EUR | 10 EUR | daily | 50 | Android | ALL |  |  | KPI Yes | MbManada | Falcons";Android;5;1;0;0;0
Singapore;120250371882280242;989238263621220;🇸🇬_SG_40_[SweetBonanza];12240;"SG | Longfu88 | RegForm  (Slot) | CPA | 200 EUR | 10 EUR | daily | 50 | Android | ALL |  |  | KPI Yes | MbManada | Falcons";Android;1;0;0;0;0
Singapore;120250842853300386;1346553270480654;"🇸🇬 SG_33 [Olympus]";12095;"SG | DashKing88 | RegForm EN | CPA | 160 USD | 30 SGD | total | 30 | Android | ALL |  |  | KPI Yes | MbManada | Falcons";Android;1;0;0;0;0
Singapore;120251099098640702;2196857937748455;🇸🇬_SG_65_[WealthEastMoney];12240;"SG | Longfu88 | RegForm  (Slot) | CPA | 200 EUR | 10 EUR | daily | 50 | Android | ALL |  |  | KPI Yes | MbManada | Falcons";Android;3;1;0;0;0
Singapore;120251099098640702;2196857937748455;🇸🇬_SG_65_[WealthEastMoney];12240;"SG | Longfu88 | RegForm  (Slot) | CPA | 200 EUR | 10 EUR | daily | 50 | Android | ALL |  |  | KPI Yes | MbManada | Falcons";iOS;1;1;0;0;0
Singapore;120251099098660702;2196857937748455;🇸🇬_SG_64_[WealthEastMoney];12240;"SG | Longfu88 | RegForm  (Slot) | CPA | 200 EUR | 10 EUR | daily | 50 | Android | ALL |  |  | KPI Yes | MbManada | Falcons";Android;2;1;0;0;0
Singapore;120251099098670702;2196857937748455;🇸🇬_SG_65_[WealthEastMoney];12240;"SG | Longfu88 | RegForm  (Slot) | CPA | 200 EUR | 10 EUR | daily | 50 | Android | ALL |  |  | KPI Yes | MbManada | Falcons";Android;7;2;0;0;0
Singapore;120251099098700702;2196857937748455;🇸🇬_SG_62_[WealthEastMoney];12240;"SG | Longfu88 | RegForm  (Slot) | CPA | 200 EUR | 10 EUR | daily | 50 | Android | ALL |  |  | KPI Yes | MbManada | Falcons";Android;2;1;0;0;0
Singapore;120251099098700702;2196857937748455;🇸🇬_SG_62_[WealthEastMoney];12240;"SG | Longfu88 | RegForm  (Slot) | CPA | 200 EUR | 10 EUR | daily | 50 | Android | ALL |  |  | KPI Yes | MbManada | Falcons";iOS;1;1;0;0;0
Singapore;120251099098790702;2196857937748455;🇸🇬_SG_65_[WealthEastMoney];12240;"SG | Longfu88 | RegForm  (Slot) | CPA | 200 EUR | 10 EUR | daily | 50 | Android | ALL |  |  | KPI Yes | MbManada | Falcons";Android;2;1;0;0;0
Singapore;120251690313710550;1321531556572681;🇸🇬_SG_50_[WealthEastMoney];12240;"SG | Longfu88 | RegForm  (Slot) | CPA | 200 EUR | 10 EUR | daily | 50 | Android | ALL |  |  | KPI Yes | MbManada | Falcons";Android;3;1;0;0;0
Singapore;120252762670960230;4006504742992585;🇸🇬_SG_51_[WealthEastMoney];12240;"SG | Longfu88 | RegForm  (Slot) | CPA | 200 EUR | 10 EUR | daily | 50 | Android | ALL |  |  | KPI Yes | MbManada | Falcons";Android;16;4;3;0;0
Singapore;120252763075160230;4006504742992585;🇸🇬_SG_51_[WealthEastMoney];12240;"SG | Longfu88 | RegForm  (Slot) | CPA | 200 EUR | 10 EUR | daily | 50 | Android | ALL |  |  | KPI Yes | MbManada | Falcons";iOS;1;1;0;0;0
Singapore;120253888678120670;2030701011138690;🇸🇬_SG_50_[WealthEastMoney];12240;"SG | Longfu88 | RegForm  (Slot) | CPA | 200 EUR | 10 EUR | daily | 50 | Android | ALL |  |  | KPI Yes | MbManada | Falcons";iOS;2;2;1;0;0
Singapore;120253888699290670;2030701011138690;🇸🇬_SG_50_[WealthEastMoney];12240;"SG | Longfu88 | RegForm  (Slot) | CPA | 200 EUR | 10 EUR | daily | 50 | Android | ALL |  |  | KPI Yes | MbManada | Falcons";Android;14;2;1;0;0
Singapore;120253888699290670;2030701011138690;🇸🇬_SG_51_[WealthEastMoney];12240;"SG | Longfu88 | RegForm  (Slot) | CPA | 200 EUR | 10 EUR | daily | 50 | Android | ALL |  |  | KPI Yes | MbManada | Falcons";Android;4;2;1;0;0
Singapore;120253888699290670;2030701011138690;🇸🇬_SG_51_[WealthEastMoney];12240;"SG | Longfu88 | RegForm  (Slot) | CPA | 200 EUR | 10 EUR | daily | 50 | Android | ALL |  |  | KPI Yes | MbManada | Falcons";iOS;7;4;2;1;228.39
Singapore;120253888703090670;2030701011138690;🇸🇬_SG_50_[WealthEastMoney];12240;"SG | Longfu88 | RegForm  (Slot) | CPA | 200 EUR | 10 EUR | daily | 50 | Android | ALL |  |  | KPI Yes | MbManada | Falcons";Android;6;2;1;0;0
Singapore;120253888703260670;2030701011138690;🇸🇬_SG_50_[WealthEastMoney];12240;"SG | Longfu88 | RegForm  (Slot) | CPA | 200 EUR | 10 EUR | daily | 50 | Android | ALL |  |  | KPI Yes | MbManada | Falcons";iOS;1;1;0;0;0
Singapore;120253888703260670;2030701011138690;🇸🇬_SG_51_[WealthEastMoney];12240;"SG | Longfu88 | RegForm  (Slot) | CPA | 200 EUR | 10 EUR | daily | 50 | Android | ALL |  |  | KPI Yes | MbManada | Falcons";Android;3;2;1;0;0
Singapore;120253944815630670;2030701011138690;🇸🇬_SG_51_[WealthEastMoney];12240;"SG | Longfu88 | RegForm  (Slot) | CPA | 200 EUR | 10 EUR | daily | 50 | Android | ALL |  |  | KPI Yes | MbManada | Falcons";Android;4;2;3;0;0
Singapore;120253944815740670;2030701011138690;🇸🇬_SG_51_[WealthEastMoney];12240;"SG | Longfu88 | RegForm  (Slot) | CPA | 200 EUR | 10 EUR | daily | 50 | Android | ALL |  |  | KPI Yes | MbManada | Falcons";Android;7;1;1;1;227.56
Singapore;120253944815760670;2030701011138690;🇸🇬_SG_51_[WealthEastMoney];12240;"SG | Longfu88 | RegForm  (Slot) | CPA | 200 EUR | 10 EUR | daily | 50 | Android | ALL |  |  | KPI Yes | MbManada | Falcons";iOS;1;1;0;0;0
Singapore;120253944815780670;2030701011138690;🇸🇬_SG_51_[WealthEastMoney];12240;"SG | Longfu88 | RegForm  (Slot) | CPA | 200 EUR | 10 EUR | daily | 50 | Android | ALL |  |  | KPI Yes | MbManada | Falcons";Android;2;0;0;0;0
Singapore;120253944815850670;2030701011138690;🇸🇬_SG_50_[WealthEastMoney];12240;"SG | Longfu88 | RegForm  (Slot) | CPA | 200 EUR | 10 EUR | daily | 50 | Android | ALL |  |  | KPI Yes | MbManada | Falcons";Android;8;1;1;0;0
Singapore;120253944815850670;2030701011138690;🇸🇬_SG_51_[WealthEastMoney];12240;"SG | Longfu88 | RegForm  (Slot) | CPA | 200 EUR | 10 EUR | daily | 50 | Android | ALL |  |  | KPI Yes | MbManada | Falcons";iOS;1;1;0;0;0
Singapore;120253944815950670;2030701011138690;🇸🇬_SG_51_[WealthEastMoney];12240;"SG | Longfu88 | RegForm  (Slot) | CPA | 200 EUR | 10 EUR | daily | 50 | Android | ALL |  |  | KPI Yes | MbManada | Falcons";Android;1;1;0;0;0
Singapore;120253944815990670;2030701011138690;🇸🇬_SG_51_[WealthEastMoney];12240;"SG | Longfu88 | RegForm  (Slot) | CPA | 200 EUR | 10 EUR | daily | 50 | Android | ALL |  |  | KPI Yes | MbManada | Falcons";iOS;1;1;0;0;0
Singapore;120253944856350670;2030701011138690;🇸🇬_SG_51_[WealthEastMoney];12240;"SG | Longfu88 | RegForm  (Slot) | CPA | 200 EUR | 10 EUR | daily | 50 | Android | ALL |  |  | KPI Yes | MbManada | Falcons";iOS;2;1;1;0;0
Singapore;120253944856390670;2030701011138690;🇸🇬_SG_50_[WealthEastMoney];12240;"SG | Longfu88 | RegForm  (Slot) | CPA | 200 EUR | 10 EUR | daily | 50 | Android | ALL |  |  | KPI Yes | MbManada | Falcons";Android;10;2;2;1;227.88
Singapore;120253944856390670;2030701011138690;🇸🇬_SG_51_[WealthEastMoney];12240;"SG | Longfu88 | RegForm  (Slot) | CPA | 200 EUR | 10 EUR | daily | 50 | Android | ALL |  |  | KPI Yes | MbManada | Falcons";Android;7;1;1;0;0
Singapore;120253944856530670;2030701011138690;🇸🇬_SG_50_[WealthEastMoney];12240;"SG | Longfu88 | RegForm  (Slot) | CPA | 200 EUR | 10 EUR | daily | 50 | Android | ALL |  |  | KPI Yes | MbManada | Falcons";Android;4;2;0;0;0
Singapore;120253944856530670;2030701011138690;🇸🇬_SG_51_[WealthEastMoney];12240;"SG | Longfu88 | RegForm  (Slot) | CPA | 200 EUR | 10 EUR | daily | 50 | Android | ALL |  |  | KPI Yes | MbManada | Falcons";iOS;1;1;0;0;0
Singapore;120253944856580670;2030701011138690;🇸🇬_SG_50_[WealthEastMoney];12240;"SG | Longfu88 | RegForm  (Slot) | CPA | 200 EUR | 10 EUR | daily | 50 | Android | ALL |  |  | KPI Yes | MbManada | Falcons";Android;1;1;1;0;0
Singapore;120253944856670670;2030701011138690;🇸🇬_SG_51_[WealthEastMoney];12240;"SG | Longfu88 | RegForm  (Slot) | CPA | 200 EUR | 10 EUR | daily | 50 | Android | ALL |  |  | KPI Yes | MbManada | Falcons";Android;3;2;1;1;227.88
Singapore;120253944856760670;2030701011138690;🇸🇬_SG_50_[WealthEastMoney];12240;"SG | Longfu88 | RegForm  (Slot) | CPA | 200 EUR | 10 EUR | daily | 50 | Android | ALL |  |  | KPI Yes | MbManada | Falcons";Android;1;1;1;0;0
Singapore;120253944856760670;2030701011138690;🇸🇬_SG_51_[WealthEastMoney];12240;"SG | Longfu88 | RegForm  (Slot) | CPA | 200 EUR | 10 EUR | daily | 50 | Android | ALL |  |  | KPI Yes | MbManada | Falcons";Android;2;0;0;0;0
Singapore;120253987293200670;2030701011138690;🇸🇬_SG_50_[WealthEastMoney];12240;"SG | Longfu88 | RegForm  (Slot) | CPA | 200 EUR | 10 EUR | daily | 50 | Android | ALL |  |  | KPI Yes | MbManada | Falcons";Android;16;4;2;1;228.86
Singapore;120253987366990670;2030701011138690;🇸🇬_SG_50_[WealthEastMoney];12240;"SG | Longfu88 | RegForm  (Slot) | CPA | 200 EUR | 10 EUR | daily | 50 | Android | ALL |  |  | KPI Yes | MbManada | Falcons";Android;4;1;0;0;0
Singapore;120253987366990670;2030701011138690;🇸🇬_SG_50_[WealthEastMoney];12240;"SG | Longfu88 | RegForm  (Slot) | CPA | 200 EUR | 10 EUR | daily | 50 | Android | ALL |  |  | KPI Yes | MbManada | Falcons";iOS;1;1;0;0;0
Singapore;120253987440070670;2030701011138690;🇸🇬_SG_50_[WealthEastMoney];12240;"SG | Longfu88 | RegForm  (Slot) | CPA | 200 EUR | 10 EUR | daily | 50 | Android | ALL |  |  | KPI Yes | MbManada | Falcons";Android;4;2;1;0;0
Singapore;120253987440090670;2030701011138690;🇸🇬_SG_50_[WealthEastMoney];12240;"SG | Longfu88 | RegForm  (Slot) | CPA | 200 EUR | 10 EUR | daily | 50 | Android | ALL |  |  | KPI Yes | MbManada | Falcons";Android;3;1;1;1;228.47
Singapore;120253987440120670;2030701011138690;🇸🇬_SG_50_[WealthEastMoney];12240;"SG | Longfu88 | RegForm  (Slot) | CPA | 200 EUR | 10 EUR | daily | 50 | Android | ALL |  |  | KPI Yes | MbManada | Falcons";Android;5;1;0;0;0
Singapore;120253987440170670;2030701011138690;🇸🇬_SG_50_[WealthEastMoney];12240;"SG | Longfu88 | RegForm  (Slot) | CPA | 200 EUR | 10 EUR | daily | 50 | Android | ALL |  |  | KPI Yes | MbManada | Falcons";Android;4;0;1;0;0
Singapore;120253987440180670;2030701011138690;🇸🇬_SG_50_[WealthEastMoney];12240;"SG | Longfu88 | RegForm  (Slot) | CPA | 200 EUR | 10 EUR | daily | 50 | Android | ALL |  |  | KPI Yes | MbManada | Falcons";Android;1;1;0;0;0
Singapore;120253987440200670;2030701011138690;🇸🇬_SG_50_[WealthEastMoney];12240;"SG | Longfu88 | RegForm  (Slot) | CPA | 200 EUR | 10 EUR | daily | 50 | Android | ALL |  |  | KPI Yes | MbManada | Falcons";Android;4;0;0;0;0
Singapore;120253987440210670;2030701011138690;🇸🇬_SG_51_[WealthEastMoney];12240;"SG | Longfu88 | RegForm  (Slot) | CPA | 200 EUR | 10 EUR | daily | 50 | Android | ALL |  |  | KPI Yes | MbManada | Falcons";Android;3;1;0;0;0
Singapore;120253987440240670;2030701011138690;🇸🇬_SG_50_[WealthEastMoney];12240;"SG | Longfu88 | RegForm  (Slot) | CPA | 200 EUR | 10 EUR | daily | 50 | Android | ALL |  |  | KPI Yes | MbManada | Falcons";Android;5;1;1;0;0
Singapore;120253987440260670;2030701011138690;🇸🇬_SG_50_[WealthEastMoney];12240;"SG | Longfu88 | RegForm  (Slot) | CPA | 200 EUR | 10 EUR | daily | 50 | Android | ALL |  |  | KPI Yes | MbManada | Falcons";Android;1;1;0;0;0
Singapore;120253987440390670;2030701011138690;🇸🇬_SG_50_[WealthEastMoney];12240;"SG | Longfu88 | RegForm  (Slot) | CPA | 200 EUR | 10 EUR | daily | 50 | Android | ALL |  |  | KPI Yes | MbManada | Falcons";Android;1;1;0;0;0
Singapore;120253987504610670;2030701011138690;🇸🇬_SG_38_[WealthEastMoney];12240;"SG | Longfu88 | RegForm  (Slot) | CPA | 200 EUR | 10 EUR | daily | 50 | Android | ALL |  |  | KPI Yes | MbManada | Falcons";Android;2;1;0;0;0
Singapore;120253987739370670;2030701011138690;🇸🇬_SG_38_[WealthEastMoney];12240;"SG | Longfu88 | RegForm  (Slot) | CPA | 200 EUR | 10 EUR | daily | 50 | Android | ALL |  |  | KPI Yes | MbManada | Falcons";iOS;3;0;0;0;0
Singapore;120253987740730670;2030701011138690;🇸🇬_SG_38_[WealthEastMoney];12240;"SG | Longfu88 | RegForm  (Slot) | CPA | 200 EUR | 10 EUR | daily | 50 | Android | ALL |  |  | KPI Yes | MbManada | Falcons";iOS;1;1;1;0;0
Singapore;120253987752900670;2030701011138690;🇸🇬_SG_38_[WealthEastMoney];12732;"MY | LuckyStar | RegForm (Slot) | CPA | 50 USD | 20 MYR | total | 50 | Android | ALL |  |  | KPI Yes | MbManada | Falcons";Android;1;0;0;0;0
Singapore;120253987752940670;2030701011138690;🇸🇬_SG_51_[WealthEastMoney];12240;"SG | Longfu88 | RegForm  (Slot) | CPA | 200 EUR | 10 EUR | daily | 50 | Android | ALL |  |  | KPI Yes | MbManada | Falcons";iOS;1;1;0;0;0
Singapore;23856570251830795;26945975368347600;🇸🇬_SG_51_[WealthEastMoney];12240;"SG | Longfu88 | RegForm  (Slot) | CPA | 200 EUR | 10 EUR | daily | 50 | Android | ALL |  |  | KPI Yes | MbManada | Falcons";Android;1;0;0;0;0
Singapore;23856654316120795;26945975368347600;🇸🇬_SG_50_[WealthEastMoney];10800;"SG | Longfu88 | Reg Form (slot) | CPA | 195 EUR | 15 SGD | total | 170 | Android | ALL | | | KPI Yes | MbManada | Falcons";Android;1;0;0;0;0
Singapore;23856664599290795;26945975368347600;🇸🇬_SG_51_[WealthEastMoney];12240;"SG | Longfu88 | RegForm  (Slot) | CPA | 200 EUR | 10 EUR | daily | 50 | Android | ALL |  |  | KPI Yes | MbManada | Falcons";Android;30;1;0;0;0
Singapore;23856664599360795;26945975368347600;🇸🇬_SG_50_[WealthEastMoney];12240;"SG | Longfu88 | RegForm  (Slot) | CPA | 200 EUR | 10 EUR | daily | 50 | Android | ALL |  |  | KPI Yes | MbManada | Falcons";Android;61;3;0;0;0
Singapore;23856723478720795;26945975368347600;🇸🇬_SG_51_[WealthEastMoney];12240;"SG | Longfu88 | RegForm  (Slot) | CPA | 200 EUR | 10 EUR | daily | 50 | Android | ALL |  |  | KPI Yes | MbManada | Falcons";Android;2;0;0;0;0
Singapore;23856723478990795;26945975368347600;🇸🇬_SG_50_[WealthEastMoney];12240;"SG | Longfu88 | RegForm  (Slot) | CPA | 200 EUR | 10 EUR | daily | 50 | Android | ALL |  |  | KPI Yes | MbManada | Falcons";Android;2;1;0;0;0
Singapore;23856723571820795;26945975368347600;🇸🇬_SG_51_[WealthEastMoney];12240;"SG | Longfu88 | RegForm  (Slot) | CPA | 200 EUR | 10 EUR | daily | 50 | Android | ALL |  |  | KPI Yes | MbManada | Falcons";Android;52;0;0;0;0
Singapore;52513229233826;3105195716346838;🇸🇬_SG_51_[WealthEastMoney];12240;"SG | Longfu88 | RegForm  (Slot) | CPA | 200 EUR | 10 EUR | daily | 50 | Android | ALL |  |  | KPI Yes | MbManada | Falcons";Android;8;2;1;0;0
Singapore;52513229233826;3105195716346838;🇸🇬_SG_51_[WealthEastMoney];12240;"SG | Longfu88 | RegForm  (Slot) | CPA | 200 EUR | 10 EUR | daily | 50 | Android | ALL |  |  | KPI Yes | MbManada | Falcons";iOS;1;1;1;0;0
Singapore;52513229359026;3105195716346838;🇸🇬_SG_50_[WealthEastMoney];12240;"SG | Longfu88 | RegForm  (Slot) | CPA | 200 EUR | 10 EUR | daily | 50 | Android | ALL |  |  | KPI Yes | MbManada | Falcons";Android;11;1;1;0;0
Singapore;52513229359026;3105195716346838;🇸🇬_SG_50_[WealthEastMoney];12240;"SG | Longfu88 | RegForm  (Slot) | CPA | 200 EUR | 10 EUR | daily | 50 | Android | ALL |  |  | KPI Yes | MbManada | Falcons";iOS;1;1;0;0;0
Singapore;52513229359026;3105195716346838;🇸🇬_SG_51_[WealthEastMoney];12240;"SG | Longfu88 | RegForm  (Slot) | CPA | 200 EUR | 10 EUR | daily | 50 | Android | ALL |  |  | KPI Yes | MbManada | Falcons";Android;1;1;1;0;0
Singapore;52513229359226;3105195716346838;🇸🇬_SG_51_[WealthEastMoney];12240;"SG | Longfu88 | RegForm  (Slot) | CPA | 200 EUR | 10 EUR | daily | 50 | Android | ALL |  |  | KPI Yes | MbManada | Falcons";Android;9;2;0;0;0
Singapore;52513229366826;3105195716346838;🇸🇬_SG_51_[WealthEastMoney];12240;"SG | Longfu88 | RegForm  (Slot) | CPA | 200 EUR | 10 EUR | daily | 50 | Android | ALL |  |  | KPI Yes | MbManada | Falcons";Android;10;1;0;0;0
Singapore;52513229366826;3105195716346838;🇸🇬_SG_51_[WealthEastMoney];12240;"SG | Longfu88 | RegForm  (Slot) | CPA | 200 EUR | 10 EUR | daily | 50 | Android | ALL |  |  | KPI Yes | MbManada | Falcons";iOS;1;1;1;0;0
Singapore;52513229367426;3105195716346838;🇸🇬_SG_51_[WealthEastMoney];12240;"SG | Longfu88 | RegForm  (Slot) | CPA | 200 EUR | 10 EUR | daily | 50 | Android | ALL |  |  | KPI Yes | MbManada | Falcons";Android;10;3;1;1;227.88
Singapore;52513229367426;3105195716346838;🇸🇬_SG_51_[WealthEastMoney];12240;"SG | Longfu88 | RegForm  (Slot) | CPA | 200 EUR | 10 EUR | daily | 50 | Android | ALL |  |  | KPI Yes | MbManada | Falcons";iOS;3;3;1;0;0
Singapore;52513229367626;3105195716346838;🇸🇬_SG_50_[WealthEastMoney];12240;"SG | Longfu88 | RegForm  (Slot) | CPA | 200 EUR | 10 EUR | daily | 50 | Android | ALL |  |  | KPI Yes | MbManada | Falcons";iOS;2;2;1;0;0
Singapore;52513229367626;3105195716346838;🇸🇬_SG_51_[WealthEastMoney];12240;"SG | Longfu88 | RegForm  (Slot) | CPA | 200 EUR | 10 EUR | daily | 50 | Android | ALL |  |  | KPI Yes | MbManada | Falcons";Android;1;1;0;0;0
Singapore;52513229368026;3105195716346838;🇸🇬_SG_50_[WealthEastMoney];12240;"SG | Longfu88 | RegForm  (Slot) | CPA | 200 EUR | 10 EUR | daily | 50 | Android | ALL |  |  | KPI Yes | MbManada | Falcons";Android;1;1;1;0;0
Singapore;52513229368026;3105195716346838;🇸🇬_SG_50_[WealthEastMoney];12240;"SG | Longfu88 | RegForm  (Slot) | CPA | 200 EUR | 10 EUR | daily | 50 | Android | ALL |  |  | KPI Yes | MbManada | Falcons";iOS;4;1;1;0;0
Singapore;52513229368226;3105195716346838;🇸🇬_SG_51_[WealthEastMoney];12240;"SG | Longfu88 | RegForm  (Slot) | CPA | 200 EUR | 10 EUR | daily | 50 | Android | ALL |  |  | KPI Yes | MbManada | Falcons";Android;10;1;1;0;0
Singapore;52513229368426;3105195716346838;🇸🇬_SG_51_[WealthEastMoney];12240;"SG | Longfu88 | RegForm  (Slot) | CPA | 200 EUR | 10 EUR | daily | 50 | Android | ALL |  |  | KPI Yes | MbManada | Falcons";Android;2;1;0;0;0
Singapore;52513229368426;3105195716346838;🇸🇬_SG_51_[WealthEastMoney];12240;"SG | Longfu88 | RegForm  (Slot) | CPA | 200 EUR | 10 EUR | daily | 50 | Android | ALL |  |  | KPI Yes | MbManada | Falcons";iOS;1;1;1;1;227.56
Singapore;52513229368626;3105195716346838;🇸🇬_SG_50_[WealthEastMoney];12240;"SG | Longfu88 | RegForm  (Slot) | CPA | 200 EUR | 10 EUR | daily | 50 | Android | ALL |  |  | KPI Yes | MbManada | Falcons";Android;3;3;2;1;228.39
Singapore;52513229368626;3105195716346838;🇸🇬_SG_50_[WealthEastMoney];12240;"SG | Longfu88 | RegForm  (Slot) | CPA | 200 EUR | 10 EUR | daily | 50 | Android | ALL |  |  | KPI Yes | MbManada | Falcons";iOS;1;1;0;0;0
Singapore;52513229368626;3105195716346838;🇸🇬_SG_51_[WealthEastMoney];12240;"SG | Longfu88 | RegForm  (Slot) | CPA | 200 EUR | 10 EUR | daily | 50 | Android | ALL |  |  | KPI Yes | MbManada | Falcons";Android;21;4;1;0;0
Singapore;52513229368826;3105195716346838;🇸🇬_SG_50_[WealthEastMoney];12240;"SG | Longfu88 | RegForm  (Slot) | CPA | 200 EUR | 10 EUR | daily | 50 | Android | ALL |  |  | KPI Yes | MbManada | Falcons";Android;2;1;1;0;0
Singapore;52513229369026;3105195716346838;🇸🇬_SG_51_[WealthEastMoney];12240;"SG | Longfu88 | RegForm  (Slot) | CPA | 200 EUR | 10 EUR | daily | 50 | Android | ALL |  |  | KPI Yes | MbManada | Falcons";Android;1;1;0;0;0
Singapore;52513229369226;3105195716346838;🇸🇬_SG_50_[WealthEastMoney];12240;"SG | Longfu88 | RegForm  (Slot) | CPA | 200 EUR | 10 EUR | daily | 50 | Android | ALL |  |  | KPI Yes | MbManada | Falcons";Android;5;1;1;1;228.39
Singapore;52513229369226;3105195716346838;🇸🇬_SG_51_[WealthEastMoney];12240;"SG | Longfu88 | RegForm  (Slot) | CPA | 200 EUR | 10 EUR | daily | 50 | Android | ALL |  |  | KPI Yes | MbManada | Falcons";Android;1;1;0;0;0
Singapore;52513229369226;3105195716346838;🇸🇬_SG_51_[WealthEastMoney];12240;"SG | Longfu88 | RegForm  (Slot) | CPA | 200 EUR | 10 EUR | daily | 50 | Android | ALL |  |  | KPI Yes | MbManada | Falcons";iOS;1;1;0;0;0
Singapore;52513229369426;3105195716346838;🇸🇬_SG_51_[WealthEastMoney];12240;"SG | Longfu88 | RegForm  (Slot) | CPA | 200 EUR | 10 EUR | daily | 50 | Android | ALL |  |  | KPI Yes | MbManada | Falcons";iOS;1;1;0;0;0
Singapore;52513229369626;3105195716346838;🇸🇬_SG_50_[WealthEastMoney];12238;"SG | Longfu88 | RegForm  (Slot) | CPA | 170 EUR | 10 EUR | total | 80 | Android | ALL |  |  | KPI Yes | MbManada | Falcons | MbFlex";Android;4;0;0;0;0
Singapore;52513229369626;3105195716346838;🇸🇬_SG_50_[WealthEastMoney];12240;"SG | Longfu88 | RegForm  (Slot) | CPA | 200 EUR | 10 EUR | daily | 50 | Android | ALL |  |  | KPI Yes | MbManada | Falcons";Android;3;0;1;0;0
Singapore;52513229369626;3105195716346838;🇸🇬_SG_51_[WealthEastMoney];12240;"SG | Longfu88 | RegForm  (Slot) | CPA | 200 EUR | 10 EUR | daily | 50 | Android | ALL |  |  | KPI Yes | MbManada | Falcons";Android;28;4;1;1;228.39
Singapore;52513229369626;3105195716346838;🇸🇬_SG_51_[WealthEastMoney];12240;"SG | Longfu88 | RegForm  (Slot) | CPA | 200 EUR | 10 EUR | daily | 50 | Android | ALL |  |  | KPI Yes | MbManada | Falcons";iOS;7;4;1;0;0
Singapore;52513229369826;3105195716346838;🇸🇬_SG_50_[WealthEastMoney];12240;"SG | Longfu88 | RegForm  (Slot) | CPA | 200 EUR | 10 EUR | daily | 50 | Android | ALL |  |  | KPI Yes | MbManada | Falcons";Android;19;4;0;0;0
Singapore;52513229370226;3105195716346838;🇸🇬_SG_50_[WealthEastMoney];12240;"SG | Longfu88 | RegForm  (Slot) | CPA | 200 EUR | 10 EUR | daily | 50 | Android | ALL |  |  | KPI Yes | MbManada | Falcons";Android;6;2;0;0;0
Singapore;52513229370426;3105195716346838;🇸🇬_SG_50_[WealthEastMoney];12240;"SG | Longfu88 | RegForm  (Slot) | CPA | 200 EUR | 10 EUR | daily | 50 | Android | ALL |  |  | KPI Yes | MbManada | Falcons";Android;192;1;0;0;0
Singapore;52513229370426;3105195716346838;🇸🇬_SG_50_[WealthEastMoney];12240;"SG | Longfu88 | RegForm  (Slot) | CPA | 200 EUR | 10 EUR | daily | 50 | Android | ALL |  |  | KPI Yes | MbManada | Falcons";iOS;1;1;0;0;0
Singapore;52513942715626;3105195716346838;🇸🇬_SG_51_[WealthEastMoney];12240;"SG | Longfu88 | RegForm  (Slot) | CPA | 200 EUR | 10 EUR | daily | 50 | Android | ALL |  |  | KPI Yes | MbManada | Falcons";Android;1;1;1;0;0
Singapore;52513942715826;3105195716346838;🇸🇬_SG_50_[WealthEastMoney];12240;"SG | Longfu88 | RegForm  (Slot) | CPA | 200 EUR | 10 EUR | daily | 50 | Android | ALL |  |  | KPI Yes | MbManada | Falcons";Android;2;1;1;0;0
Singapore;52513942715826;3105195716346838;🇸🇬_SG_50_[WealthEastMoney];12240;"SG | Longfu88 | RegForm  (Slot) | CPA | 200 EUR | 10 EUR | daily | 50 | Android | ALL |  |  | KPI Yes | MbManada | Falcons";iOS;2;2;1;1;227.88
Singapore;52513942725226;3105195716346838;🇸🇬_SG_50_[WealthEastMoney];12240;"SG | Longfu88 | RegForm  (Slot) | CPA | 200 EUR | 10 EUR | daily | 50 | Android | ALL |  |  | KPI Yes | MbManada | Falcons";iOS;1;1;0;0;0
Singapore;52513942725626;3105195716346838;🇸🇬_SG_50_[WealthEastMoney];12240;"SG | Longfu88 | RegForm  (Slot) | CPA | 200 EUR | 10 EUR | daily | 50 | Android | ALL |  |  | KPI Yes | MbManada | Falcons";Android;3;1;1;1;227.56
Singapore;52513942726026;3105195716346838;🇸🇬_SG_51_[WealthEastMoney];12240;"SG | Longfu88 | RegForm  (Slot) | CPA | 200 EUR | 10 EUR | daily | 50 | Android | ALL |  |  | KPI Yes | MbManada | Falcons";iOS;1;1;0;0;0
Singapore;52513942726226;3105195716346838;🇸🇬_SG_51_[WealthEastMoney];12240;"SG | Longfu88 | RegForm  (Slot) | CPA | 200 EUR | 10 EUR | daily | 50 | Android | ALL |  |  | KPI Yes | MbManada | Falcons";Android;1;1;0;0;0
Singapore;52513942726426;3105195716346838;🇸🇬_SG_50_[WealthEastMoney];12240;"SG | Longfu88 | RegForm  (Slot) | CPA | 200 EUR | 10 EUR | daily | 50 | Android | ALL |  |  | KPI Yes | MbManada | Falcons";iOS;1;1;0;0;0
Singapore;52513942726626;3105195716346838;🇸🇬_SG_50_[WealthEastMoney];12240;"SG | Longfu88 | RegForm  (Slot) | CPA | 200 EUR | 10 EUR | daily | 50 | Android | ALL |  |  | KPI Yes | MbManada | Falcons";iOS;1;1;0;0;0
Singapore;52513942727026;3105195716346838;🇸🇬_SG_51_[WealthEastMoney];12240;"SG | Longfu88 | RegForm  (Slot) | CPA | 200 EUR | 10 EUR | daily | 50 | Android | ALL |  |  | KPI Yes | MbManada | Falcons";Android;2;2;2;0;0
Singapore;52513942727026;3105195716346838;🇸🇬_SG_51_[WealthEastMoney];12240;"SG | Longfu88 | RegForm  (Slot) | CPA | 200 EUR | 10 EUR | daily | 50 | Android | ALL |  |  | KPI Yes | MbManada | Falcons";iOS;1;1;1;0;0
Singapore;52513942727426;3105195716346838;🇸🇬_SG_50_[WealthEastMoney];12240;"SG | Longfu88 | RegForm  (Slot) | CPA | 200 EUR | 10 EUR | daily | 50 | Android | ALL |  |  | KPI Yes | MbManada | Falcons";iOS;1;1;0;0;0
Singapore;52513942727826;3105195716346838;🇸🇬_SG_50_[WealthEastMoney];10800;"SG | Longfu88 | Reg Form (slot) | CPA | 195 EUR | 15 SGD | total | 170 | Android | ALL | | | KPI Yes | MbManada | Falcons";Android;1;0;0;0;0
Singapore;52513942727826;3105195716346838;🇸🇬_SG_50_[WealthEastMoney];12240;"SG | Longfu88 | RegForm  (Slot) | CPA | 200 EUR | 10 EUR | daily | 50 | Android | ALL |  |  | KPI Yes | MbManada | Falcons";Android;1;0;1;0;0
Singapore;52513942728026;3105195716346838;🇸🇬_SG_50_[WealthEastMoney];12240;"SG | Longfu88 | RegForm  (Slot) | CPA | 200 EUR | 10 EUR | daily | 50 | Android | ALL |  |  | KPI Yes | MbManada | Falcons";Android;2;1;1;0;0
Singapore;52513942728426;3105195716346838;🇸🇬_SG_50_[WealthEastMoney];12240;"SG | Longfu88 | RegForm  (Slot) | CPA | 200 EUR | 10 EUR | daily | 50 | Android | ALL |  |  | KPI Yes | MbManada | Falcons";Android;1;1;1;0;0
Singapore;52513942728626;3105195716346838;🇸🇬_SG_51_[WealthEastMoney];12240;"SG | Longfu88 | RegForm  (Slot) | CPA | 200 EUR | 10 EUR | daily | 50 | Android | ALL |  |  | KPI Yes | MbManada | Falcons";Android;7;2;1;0;0
Singapore;52513942729026;3105195716346838;🇸🇬_SG_50_[WealthEastMoney];12240;"SG | Longfu88 | RegForm  (Slot) | CPA | 200 EUR | 10 EUR | daily | 50 | Android | ALL |  |  | KPI Yes | MbManada | Falcons";iOS;1;1;0;0;0
Singapore;52513942731626;3105195716346838;🇸🇬_SG_51_[WealthEastMoney];12240;"SG | Longfu88 | RegForm  (Slot) | CPA | 200 EUR | 10 EUR | daily | 50 | Android | ALL |  |  | KPI Yes | MbManada | Falcons";iOS;1;1;1;0;0
Singapore;52513943390226;3105195716346838;🇸🇬_SG_50_[WealthEastMoney];12240;"SG | Longfu88 | RegForm  (Slot) | CPA | 200 EUR | 10 EUR | daily | 50 | Android | ALL |  |  | KPI Yes | MbManada | Falcons";Android;1;1;0;0;0
Singapore;52513943391226;3105195716346838;🇸🇬_SG_50_[WealthEastMoney];12240;"SG | Longfu88 | RegForm  (Slot) | CPA | 200 EUR | 10 EUR | daily | 50 | Android | ALL |  |  | KPI Yes | MbManada | Falcons";Android;51;2;1;1;228.86
Singapore;52513943391626;3105195716346838;🇸🇬_SG_51_[WealthEastMoney];12240;"SG | Longfu88 | RegForm  (Slot) | CPA | 200 EUR | 10 EUR | daily | 50 | Android | ALL |  |  | KPI Yes | MbManada | Falcons";Android;1;1;0;0;0
Singapore;52513943391826;3105195716346838;🇸🇬_SG_51_[WealthEastMoney];12240;"SG | Longfu88 | RegForm  (Slot) | CPA | 200 EUR | 10 EUR | daily | 50 | Android | ALL |  |  | KPI Yes | MbManada | Falcons";iOS;1;1;0;0;0
Singapore;52513943392026;3105195716346838;🇸🇬_SG_51_[WealthEastMoney];12240;"SG | Longfu88 | RegForm  (Slot) | CPA | 200 EUR | 10 EUR | daily | 50 | Android | ALL |  |  | KPI Yes | MbManada | Falcons";Android;3;1;1;0;0
Singapore;52513943404626;3105195716346838;🇸🇬_SG_51_[WealthEastMoney];12240;"SG | Longfu88 | RegForm  (Slot) | CPA | 200 EUR | 10 EUR | daily | 50 | Android | ALL |  |  | KPI Yes | MbManada | Falcons";Android;2;1;0;0;0
Singapore;52513943404826;3105195716346838;🇸🇬_SG_50_[WealthEastMoney];12240;"SG | Longfu88 | RegForm  (Slot) | CPA | 200 EUR | 10 EUR | daily | 50 | Android | ALL |  |  | KPI Yes | MbManada | Falcons";Android;16;1;1;1;228.47
Singapore;52516603020125;1711062366737989;🇸🇬_SG_50_[WealthEastMoney];12240;"SG | Longfu88 | RegForm  (Slot) | CPA | 200 EUR | 10 EUR | daily | 50 | Android | ALL |  |  | KPI Yes | MbManada | Falcons";Android;1;1;0;0;0
Singapore;52517414592725;1711062366737989;🇸🇬_SG_50_[WealthEastMoney];12240;"SG | Longfu88 | RegForm  (Slot) | CPA | 200 EUR | 10 EUR | daily | 50 | Android | ALL |  |  | KPI Yes | MbManada | Falcons";Android;1;0;0;0;0
Singapore;52519537007725;1711062366737989;🇸🇬_SG_51_[WealthEastMoney];12240;"SG | Longfu88 | RegForm  (Slot) | CPA | 200 EUR | 10 EUR | daily | 50 | Android | ALL |  |  | KPI Yes | MbManada | Falcons";Android;1;0;0;0;0
Singapore;52519537008125;1711062366737989;🇸🇬_SG_50_[WealthEastMoney];12238;"SG | Longfu88 | RegForm  (Slot) | CPA | 170 EUR | 10 EUR | total | 80 | Android | ALL |  |  | KPI Yes | MbManada | Falcons | MbFlex";Android;2;0;0;0;0
Singapore;52521769659462;967965326099992;🇸🇬_SG_51_[WealthEastMoney];12240;"SG | Longfu88 | RegForm  (Slot) | CPA | 200 EUR | 10 EUR | daily | 50 | Android | ALL |  |  | KPI Yes | MbManada | Falcons";Android;4;1;0;0;0
Singapore;52521771028862;967965326099992;🇸🇬_SG_50_[WealthEastMoney];12240;"SG | Longfu88 | RegForm  (Slot) | CPA | 200 EUR | 10 EUR | daily | 50 | Android | ALL |  |  | KPI Yes | MbManada | Falcons";Android;6;4;1;0;0
Singapore;52521771028862;967965326099992;🇸🇬_SG_50_[WealthEastMoney];12240;"SG | Longfu88 | RegForm  (Slot) | CPA | 200 EUR | 10 EUR | daily | 50 | Android | ALL |  |  | KPI Yes | MbManada | Falcons";iOS;1;1;0;0;0
Singapore;52521771671462;967965326099992;🇸🇬_SG_50_[WealthEastMoney];12240;"SG | Longfu88 | RegForm  (Slot) | CPA | 200 EUR | 10 EUR | daily | 50 | Android | ALL |  |  | KPI Yes | MbManada | Falcons";Android;22;6;0;0;0
Singapore;52521771671462;967965326099992;🇸🇬_SG_50_[WealthEastMoney];12240;"SG | Longfu88 | RegForm  (Slot) | CPA | 200 EUR | 10 EUR | daily | 50 | Android | ALL |  |  | KPI Yes | MbManada | Falcons";iOS;7;4;2;0;0
Singapore;52521771671662;967965326099992;🇸🇬_SG_50_[WealthEastMoney];12240;"SG | Longfu88 | RegForm  (Slot) | CPA | 200 EUR | 10 EUR | daily | 50 | Android | ALL |  |  | KPI Yes | MbManada | Falcons";Android;9;7;1;0;0
Singapore;52521771671662;967965326099992;🇸🇬_SG_51_[WealthEastMoney];12240;"SG | Longfu88 | RegForm  (Slot) | CPA | 200 EUR | 10 EUR | daily | 50 | Android | ALL |  |  | KPI Yes | MbManada | Falcons";Android;7;1;0;0;0
Singapore;52521771671862;967965326099992;🇸🇬_SG_50_[WealthEastMoney];12240;"SG | Longfu88 | RegForm  (Slot) | CPA | 200 EUR | 10 EUR | daily | 50 | Android | ALL |  |  | KPI Yes | MbManada | Falcons";Android;2;1;0;0;0
Singapore;52521771671862;967965326099992;🇸🇬_SG_51_[WealthEastMoney];12240;"SG | Longfu88 | RegForm  (Slot) | CPA | 200 EUR | 10 EUR | daily | 50 | Android | ALL |  |  | KPI Yes | MbManada | Falcons";Android;4;1;0;0;0
Singapore;52521771673862;967965326099992;🇸🇬_SG_50_[WealthEastMoney];12240;"SG | Longfu88 | RegForm  (Slot) | CPA | 200 EUR | 10 EUR | daily | 50 | Android | ALL |  |  | KPI Yes | MbManada | Falcons";iOS;1;1;0;0;0
Singapore;52521771673862;967965326099992;🇸🇬_SG_51_[WealthEastMoney];12240;"SG | Longfu88 | RegForm  (Slot) | CPA | 200 EUR | 10 EUR | daily | 50 | Android | ALL |  |  | KPI Yes | MbManada | Falcons";Android;6;1;1;0;0
Singapore;52521771675262;967965326099992;🇸🇬_SG_50_[WealthEastMoney];12240;"SG | Longfu88 | RegForm  (Slot) | CPA | 200 EUR | 10 EUR | daily | 50 | Android | ALL |  |  | KPI Yes | MbManada | Falcons";Android;14;2;1;1;227.88
Singapore;52524732207662;967965326099992;🇸🇬_SG_64_[WealthEastMoney];12240;"SG | Longfu88 | RegForm  (Slot) | CPA | 200 EUR | 10 EUR | daily | 50 | Android | ALL |  |  | KPI Yes | MbManada | Falcons";Android;1;1;0;0;0
Singapore;52545686636219;1322431836444779;🇸🇬_SG_50_[WealthEastMoney];12240;"SG | Longfu88 | RegForm  (Slot) | CPA | 200 EUR | 10 EUR | daily | 50 | Android | ALL |  |  | KPI Yes | MbManada | Falcons";Android;9;1;0;0;0
Singapore;52564820362393;2158879451635825;🇸🇬_SG_51_[WealthEastMoney];10800;"SG | Longfu88 | Reg Form (slot) | CPA | 195 EUR | 15 SGD | total | 170 | Android | ALL | | | KPI Yes | MbManada | Falcons";Android;1;1;0;0;0
Singapore;52564820362393;2158879451635825;🇸🇬_SG_51_[WealthEastMoney];12240;"SG | Longfu88 | RegForm  (Slot) | CPA | 200 EUR | 10 EUR | daily | 50 | Android | ALL |  |  | KPI Yes | MbManada | Falcons";Android;6;3;2;0;0
Singapore;52564820362393;2158879451635825;🇸🇬_SG_51_[WealthEastMoney];12240;"SG | Longfu88 | RegForm  (Slot) | CPA | 200 EUR | 10 EUR | daily | 50 | Android | ALL |  |  | KPI Yes | MbManada | Falcons";iOS;1;1;0;0;0
Singapore;52564820559793;2158879451635825;🇸🇬_SG_50_[WealthEastMoney];12240;"SG | Longfu88 | RegForm  (Slot) | CPA | 200 EUR | 10 EUR | daily | 50 | Android | ALL |  |  | KPI Yes | MbManada | Falcons";Android;2;1;0;0;0
Singapore;52564820559793;2158879451635825;🇸🇬_SG_50_[WealthEastMoney];12240;"SG | Longfu88 | RegForm  (Slot) | CPA | 200 EUR | 10 EUR | daily | 50 | Android | ALL |  |  | KPI Yes | MbManada | Falcons";iOS;1;1;1;0;0
Singapore;52564820628993;2158879451635825;🇸🇬_SG_50_[WealthEastMoney];12238;"SG | Longfu88 | RegForm  (Slot) | CPA | 170 EUR | 10 EUR | total | 80 | Android | ALL |  |  | KPI Yes | MbManada | Falcons | MbFlex";Android;1;0;0;0;0
Singapore;52564820628993;2158879451635825;🇸🇬_SG_50_[WealthEastMoney];12240;"SG | Longfu88 | RegForm  (Slot) | CPA | 200 EUR | 10 EUR | daily | 50 | Android | ALL |  |  | KPI Yes | MbManada | Falcons";Android;6;2;2;0;0
Singapore;52564820628993;2158879451635825;🇸🇬_SG_50_[WealthEastMoney];12240;"SG | Longfu88 | RegForm  (Slot) | CPA | 200 EUR | 10 EUR | daily | 50 | Android | ALL |  |  | KPI Yes | MbManada | Falcons";iOS;2;1;0;0;0
Singapore;52564820629193;2158879451635825;🇸🇬_SG_50_[WealthEastMoney];12240;"SG | Longfu88 | RegForm  (Slot) | CPA | 200 EUR | 10 EUR | daily | 50 | Android | ALL |  |  | KPI Yes | MbManada | Falcons";Android;14;3;1;0;0
Singapore;52564820629393;2158879451635825;🇸🇬_SG_51_[WealthEastMoney];12240;"SG | Longfu88 | RegForm  (Slot) | CPA | 200 EUR | 10 EUR | daily | 50 | Android | ALL |  |  | KPI Yes | MbManada | Falcons";Android;7;3;1;0;0
Singapore;52564820632193;2158879451635825;🇸🇬_SG_51_[WealthEastMoney];12240;"SG | Longfu88 | RegForm  (Slot) | CPA | 200 EUR | 10 EUR | daily | 50 | Android | ALL |  |  | KPI Yes | MbManada | Falcons";Android;7;5;0;0;0
Singapore;52583412925020;919233674478297;🇸🇬_SG_50_[WealthEastMoney];12240;"SG | Longfu88 | RegForm  (Slot) | CPA | 200 EUR | 10 EUR | daily | 50 | Android | ALL |  |  | KPI Yes | MbManada | Falcons";Android;49;2;0;0;0
Singapore;52607912362286;1640893413669161;🇸🇬_SG_66_[WealthEastMoney];12240;"SG | Longfu88 | RegForm  (Slot) | CPA | 200 EUR | 10 EUR | daily | 50 | Android | ALL |  |  | KPI Yes | MbManada | Falcons";Android;1;1;0;0;0
Singapore;52607913132286;1640893413669161;🇸🇬_SG_63_[WealthEastMoney];12240;"SG | Longfu88 | RegForm  (Slot) | CPA | 200 EUR | 10 EUR | daily | 50 | Android | ALL |  |  | KPI Yes | MbManada | Falcons";iOS;1;1;0;0;0
Singapore;560077356230586603;5022489010670643;w???Z???_wN_33_[MIzVCRShcH];12240;"SG | Longfu88 | RegForm  (Slot) | CPA | 200 EUR | 10 EUR | daily | 50 | Android | ALL |  |  | KPI Yes | MbManada | Falcons";Android;1;1;0;0;0
Singapore;6971418063222;3105195716346838;🇸🇬_SG_50_[WealthEastMoney];12240;"SG | Longfu88 | RegForm  (Slot) | CPA | 200 EUR | 10 EUR | daily | 50 | Android | ALL |  |  | KPI Yes | MbManada | Falcons";Android;7;1;0;0;0
Singapore;6984706793622;3105195716346838;🇸🇬_SG_61_[WealthEastMoney];12240;"SG | Longfu88 | RegForm  (Slot) | CPA | 200 EUR | 10 EUR | daily | 50 | Android | ALL |  |  | KPI Yes | MbManada | Falcons";Android;3;2;0;0;0
Singapore;6995103139800;4540294639535106;🇸🇬_SG_51_[WealthEastMoney];12240;"SG | Longfu88 | RegForm  (Slot) | CPA | 200 EUR | 10 EUR | daily | 50 | Android | ALL |  |  | KPI Yes | MbManada | Falcons";Android;6;3;1;0;0
Singapore;6995103139800;4540294639535106;🇸🇬_SG_51_[WealthEastMoney];12240;"SG | Longfu88 | RegForm  (Slot) | CPA | 200 EUR | 10 EUR | daily | 50 | Android | ALL |  |  | KPI Yes | MbManada | Falcons";iOS;1;1;0;0;0
Singapore;6995115569000;4540294639535106;🇸🇬_SG_50_[WealthEastMoney];10800;"SG | Longfu88 | Reg Form (slot) | CPA | 195 EUR | 15 SGD | total | 170 | Android | ALL | | | KPI Yes | MbManada | Falcons";Android;1;0;0;0;0
Singapore;6995115569000;4540294639535106;🇸🇬_SG_50_[WealthEastMoney];12240;"SG | Longfu88 | RegForm  (Slot) | CPA | 200 EUR | 10 EUR | daily | 50 | Android | ALL |  |  | KPI Yes | MbManada | Falcons";Android;15;6;2;0;0
Singapore;6995115569000;4540294639535106;🇸🇬_SG_50_[WealthEastMoney];12240;"SG | Longfu88 | RegForm  (Slot) | CPA | 200 EUR | 10 EUR | daily | 50 | Android | ALL |  |  | KPI Yes | MbManada | Falcons";iOS;8;7;4;1;228.39
Singapore;6995115569000;4540294639535106;🇸🇬_SG_51_[WealthEastMoney];12240;"SG | Longfu88 | RegForm  (Slot) | CPA | 200 EUR | 10 EUR | daily | 50 | Android | ALL |  |  | KPI Yes | MbManada | Falcons";Android;196;4;2;1;228.39
Singapore;6995115597200;4540294639535106;🇸🇬_SG_50_[WealthEastMoney];12240;"SG | Longfu88 | RegForm  (Slot) | CPA | 200 EUR | 10 EUR | daily | 50 | Android | ALL |  |  | KPI Yes | MbManada | Falcons";Android;4;3;1;0;0
Singapore;6995115597200;4540294639535106;🇸🇬_SG_50_[WealthEastMoney];12240;"SG | Longfu88 | RegForm  (Slot) | CPA | 200 EUR | 10 EUR | daily | 50 | Android | ALL |  |  | KPI Yes | MbManada | Falcons";iOS;1;1;1;0;0
Singapore;6995115597400;4540294639535106;🇸🇬_SG_50_[WealthEastMoney];12240;"SG | Longfu88 | RegForm  (Slot) | CPA | 200 EUR | 10 EUR | daily | 50 | Android | ALL |  |  | KPI Yes | MbManada | Falcons";Android;3;2;0;0;0
Singapore;6995115597400;4540294639535106;🇸🇬_SG_51_[WealthEastMoney];12240;"SG | Longfu88 | RegForm  (Slot) | CPA | 200 EUR | 10 EUR | daily | 50 | Android | ALL |  |  | KPI Yes | MbManada | Falcons";Android;9;2;2;0;0
Singapore;6995115597400;4540294639535106;🇸🇬_SG_51_[WealthEastMoney];12240;"SG | Longfu88 | RegForm  (Slot) | CPA | 200 EUR | 10 EUR | daily | 50 | Android | ALL |  |  | KPI Yes | MbManada | Falcons";iOS;1;1;1;0;0
Singapore;6995115599400;4540294639535106;🇸🇬_SG_50_[WealthEastMoney];12240;"SG | Longfu88 | RegForm  (Slot) | CPA | 200 EUR | 10 EUR | daily | 50 | Android | ALL |  |  | KPI Yes | MbManada | Falcons";Android;2;1;0;0;0
Singapore;6995115599400;4540294639535106;🇸🇬_SG_51_[WealthEastMoney];12240;"SG | Longfu88 | RegForm  (Slot) | CPA | 200 EUR | 10 EUR | daily | 50 | Android | ALL |  |  | KPI Yes | MbManada | Falcons";Android;15;5;3;0;0
Singapore;6995115599400;4540294639535106;🇸🇬_SG_51_[WealthEastMoney];12240;"SG | Longfu88 | RegForm  (Slot) | CPA | 200 EUR | 10 EUR | daily | 50 | Android | ALL |  |  | KPI Yes | MbManada | Falcons";iOS;7;1;0;0;0
Singapore;6995115600800;4540294639535106;🇸🇬_SG_51_[WealthEastMoney];12240;"SG | Longfu88 | RegForm  (Slot) | CPA | 200 EUR | 10 EUR | daily | 50 | Android | ALL |  |  | KPI Yes | MbManada | Falcons";Android;5;1;0;0;0
Singapore;6995115601000;4540294639535106;🇸🇬_SG_50_[WealthEastMoney];12240;"SG | Longfu88 | RegForm  (Slot) | CPA | 200 EUR | 10 EUR | daily | 50 | Android | ALL |  |  | KPI Yes | MbManada | Falcons";Android;91;1;1;1;227.88
Singapore;6995115601000;4540294639535106;🇸🇬_SG_51_[WealthEastMoney];12240;"SG | Longfu88 | RegForm  (Slot) | CPA | 200 EUR | 10 EUR | daily | 50 | Android | ALL |  |  | KPI Yes | MbManada | Falcons";Android;2;1;1;0;0
Singapore;6995115601000;4540294639535106;🇸🇬_SG_51_[WealthEastMoney];12240;"SG | Longfu88 | RegForm  (Slot) | CPA | 200 EUR | 10 EUR | daily | 50 | Android | ALL |  |  | KPI Yes | MbManada | Falcons";iOS;1;1;1;0;0
Singapore;6995785553200;4540294639535106;🇸🇬_SG_50_[WealthEastMoney];12240;"SG | Longfu88 | RegForm  (Slot) | CPA | 200 EUR | 10 EUR | daily | 50 | Android | ALL |  |  | KPI Yes | MbManada | Falcons";Android;3;1;0;0;0
Singapore;6995785919200;4540294639535106;🇸🇬_SG_50_[WealthEastMoney];12240;"SG | Longfu88 | RegForm  (Slot) | CPA | 200 EUR | 10 EUR | daily | 50 | Android | ALL |  |  | KPI Yes | MbManada | Falcons";Android;47;2;1;1;228.86
Singapore;6995785919400;4540294639535106;🇸🇬_SG_51_[WealthEastMoney];12240;"SG | Longfu88 | RegForm  (Slot) | CPA | 200 EUR | 10 EUR | daily | 50 | Android | ALL |  |  | KPI Yes | MbManada | Falcons";iOS;1;1;0;0;0
Singapore;6995785920000;4540294639535106;🇸🇬_SG_50_[WealthEastMoney];12240;"SG | Longfu88 | RegForm  (Slot) | CPA | 200 EUR | 10 EUR | daily | 50 | Android | ALL |  |  | KPI Yes | MbManada | Falcons";Android;8;2;0;0;0
Singapore;6995785920200;4540294639535106;🇸🇬_SG_50_[WealthEastMoney];12240;"SG | Longfu88 | RegForm  (Slot) | CPA | 200 EUR | 10 EUR | daily | 50 | Android | ALL |  |  | KPI Yes | MbManada | Falcons";Android;2;0;0;0;0
Singapore;6995785920800;4540294639535106;🇸🇬_SG_51_[WealthEastMoney];12240;"SG | Longfu88 | RegForm  (Slot) | CPA | 200 EUR | 10 EUR | daily | 50 | Android | ALL |  |  | KPI Yes | MbManada | Falcons";Android;8;1;1;0;0
Singapore;6995785921600;4540294639535106;🇸🇬_SG_51_[WealthEastMoney];12240;"SG | Longfu88 | RegForm  (Slot) | CPA | 200 EUR | 10 EUR | daily | 50 | Android | ALL |  |  | KPI Yes | MbManada | Falcons";iOS;1;1;1;0;0
Singapore;6995785921800;4540294639535106;🇸🇬_SG_50_[WealthEastMoney];12240;"SG | Longfu88 | RegForm  (Slot) | CPA | 200 EUR | 10 EUR | daily | 50 | Android | ALL |  |  | KPI Yes | MbManada | Falcons";Android;3;1;1;0;0
Singapore;6995785921800;4540294639535106;🇸🇬_SG_50_[WealthEastMoney];12240;"SG | Longfu88 | RegForm  (Slot) | CPA | 200 EUR | 10 EUR | daily | 50 | Android | ALL |  |  | KPI Yes | MbManada | Falcons";iOS;1;1;0;0;0
Singapore;6995785932200;4540294639535106;🇸🇬_SG_51_[WealthEastMoney];12240;"SG | Longfu88 | RegForm  (Slot) | CPA | 200 EUR | 10 EUR | daily | 50 | Android | ALL |  |  | KPI Yes | MbManada | Falcons";Android;6;2;1;0;0
Singapore;6995785933200;4540294639535106;🇸🇬_SG_51_[WealthEastMoney];12240;"SG | Longfu88 | RegForm  (Slot) | CPA | 200 EUR | 10 EUR | daily | 50 | Android | ALL |  |  | KPI Yes | MbManada | Falcons";iOS;2;1;1;0;0
Singapore;6995787851800;4540294639535106;🇸🇬_SG_51_[WealthEastMoney];12240;"SG | Longfu88 | RegForm  (Slot) | CPA | 200 EUR | 10 EUR | daily | 50 | Android | ALL |  |  | KPI Yes | MbManada | Falcons";Android;6;1;0;0;0
Singapore;6995787994000;4540294639535106;🇸🇬_SG_51_[WealthEastMoney];12240;"SG | Longfu88 | RegForm  (Slot) | CPA | 200 EUR | 10 EUR | daily | 50 | Android | ALL |  |  | KPI Yes | MbManada | Falcons";Android;2;1;0;0;0
Singapore;6995787994200;4540294639535106;🇸🇬_SG_51_[WealthEastMoney];12240;"SG | Longfu88 | RegForm  (Slot) | CPA | 200 EUR | 10 EUR | daily | 50 | Android | ALL |  |  | KPI Yes | MbManada | Falcons";Android;9;2;0;0;0
Singapore;6995787994400;4540294639535106;🇸🇬_SG_51_[WealthEastMoney];12240;"SG | Longfu88 | RegForm  (Slot) | CPA | 200 EUR | 10 EUR | daily | 50 | Android | ALL |  |  | KPI Yes | MbManada | Falcons";Android;30;2;1;1;228.47
Singapore;6995787995000;4540294639535106;🇸🇬_SG_50_[WealthEastMoney];12240;"SG | Longfu88 | RegForm  (Slot) | CPA | 200 EUR | 10 EUR | daily | 50 | Android | ALL |  |  | KPI Yes | MbManada | Falcons";iOS;3;1;1;1;227.88
Singapore;6995787998400;4540294639535106;🇸🇬_SG_50_[WealthEastMoney];12240;"SG | Longfu88 | RegForm  (Slot) | CPA | 200 EUR | 10 EUR | daily | 50 | Android | ALL |  |  | KPI Yes | MbManada | Falcons";Android;2;1;0;0;0
Singapore;6995787998400;4540294639535106;🇸🇬_SG_50_[WealthEastMoney];12240;"SG | Longfu88 | RegForm  (Slot) | CPA | 200 EUR | 10 EUR | daily | 50 | Android | ALL |  |  | KPI Yes | MbManada | Falcons";iOS;1;1;0;0;0
Singapore;6995788007600;4540294639535106;🇸🇬_SG_51_[WealthEastMoney];12240;"SG | Longfu88 | RegForm  (Slot) | CPA | 200 EUR | 10 EUR | daily | 50 | Android | ALL |  |  | KPI Yes | MbManada | Falcons";Android;6;1;1;0;0
Singapore;6995788009800;4540294639535106;🇸🇬_SG_50_[WealthEastMoney];12240;"SG | Longfu88 | RegForm  (Slot) | CPA | 200 EUR | 10 EUR | daily | 50 | Android | ALL |  |  | KPI Yes | MbManada | Falcons";Android;7;1;0;0;0
Singapore;6995788009800;4540294639535106;🇸🇬_SG_50_[WealthEastMoney];12240;"SG | Longfu88 | RegForm  (Slot) | CPA | 200 EUR | 10 EUR | daily | 50 | Android | ALL |  |  | KPI Yes | MbManada | Falcons";iOS;1;1;0;0;0
Singapore;{sub_id_2};FP;{sub_id_5};12240;"SG | Longfu88 | RegForm  (Slot) | CPA | 200 EUR | 10 EUR | daily | 50 | Android | ALL |  |  | KPI Yes | MbManada | Falcons";Android;75;6;5;0;0
Singapore;{sub_id_2};FP;{sub_id_5};12240;"SG | Longfu88 | RegForm  (Slot) | CPA | 200 EUR | 10 EUR | daily | 50 | Android | ALL |  |  | KPI Yes | MbManada | Falcons";iOS;4;1;1;0;0
Singapore;{sub_id_2};{sub_id_4};{sub_id_5};10800;"SG | Longfu88 | Reg Form (slot) | CPA | 195 EUR | 15 SGD | total | 170 | Android | ALL | | | KPI Yes | MbManada | Falcons";Android;15;2;1;0;0
Singapore;{sub_id_2};{sub_id_4};{sub_id_5};12240;"SG | Longfu88 | RegForm  (Slot) | CPA | 200 EUR | 10 EUR | daily | 50 | Android | ALL |  |  | KPI Yes | MbManada | Falcons";Android;21;2;1;0;0
Singapore;{{campaign.id}};967965326099992;{{ad.name}};12240;"SG | Longfu88 | RegForm  (Slot) | CPA | 200 EUR | 10 EUR | daily | 50 | Android | ALL |  |  | KPI Yes | MbManada | Falcons";Android;21;1;1;1;227.88
;;;;;;;7492;1679;700;114;10836.44
