Country;"Sub ID 2";"Sub ID 4";"Sub ID 5";OS;#;Clicks;"UC (campaign)";Conv.;"ROI (confirmed)"
India;;;;Android;0;3;3;0;0
India;120246208615180106;1641083631350576;"🇮🇳 IN_93 [FortuneGems]";Android;0;2;1;0;0
India;120246208615200106;1641083631350576;"🇮🇳 IN_92 [FortuneGems]";iOS;0;1;1;0;0
India;120246208615230106;1641083631350576;"🇮🇳 IN_93 [FortuneGems]";Android;0;3;3;0;0
India;120246208615240106;1641083631350576;"🇮🇳 IN_92 [FortuneGems]";Android;0;6;6;0;0
India;120246208615380106;1641083631350576;"🇮🇳 IN_92 [FortuneGems]";Android;0;3;3;0;0
India;120246208615390106;1641083631350576;"🇮🇳 IN_92 [FortuneGems]";Android;0;21;20;0;0
India;120246208615390106;1641083631350576;"🇮🇳 IN_93 [FortuneGems]";iOS;0;1;1;0;0
India;120246208615410106;1641083631350576;"🇮🇳 IN_93 [FortuneGems]";Android;0;1;1;0;0
India;120246208615460106;1641083631350576;"🇮🇳 IN_92 [FortuneGems]";Android;0;2;2;0;0
India;120246232798060106;1641083631350576;"🇮🇳 IN_92 [FortuneGems]";Android;0;1;1;0;0
India;120246232813090106;1641083631350576;"🇮🇳 IN_92 [FortuneGems]";Android;0;4;4;0;0
India;120246232813300106;1641083631350576;"🇮🇳 IN_92 [FortuneGems]";Android;0;4;3;0;0
India;120246232813300106;1641083631350576;"🇮🇳 IN_92 [FortuneGems]";iOS;0;2;2;0;0
India;120246232813310106;1641083631350576;"🇮🇳 IN_92 [FortuneGems]";Android;0;5;5;0;0
India;120246232813320106;1641083631350576;"🇮🇳 IN_92 [FortuneGems]";Android;0;15;6;0;0
India;120246232813330106;1641083631350576;"🇮🇳 IN_92 [FortuneGems]";Android;0;1;1;0;0
India;120246232813340106;1641083631350576;"🇮🇳 IN_92 [FortuneGems]";Android;0;5;5;0;0
India;120246232813340106;1641083631350576;"🇮🇳 IN_92 [FortuneGems]";iOS;0;2;2;0;0
India;120246232813350106;1641083631350576;"🇮🇳 IN_92 [FortuneGems]";Android;0;6;5;0;0
India;120246232813360106;1641083631350576;"🇮🇳 IN_92 [FortuneGems]";Android;0;7;7;0;0
India;120246232813360106;1641083631350576;"🇮🇳 IN_92 [FortuneGems]";iOS;0;1;1;0;0
India;120246232813370106;1641083631350576;"🇮🇳 IN_92 [FortuneGems]";Android;0;7;7;0;0
India;120246232813400106;1641083631350576;"🇮🇳 IN_92 [FortuneGems]";Android;0;38;35;0;0
India;120246232813400106;1641083631350576;"🇮🇳 IN_92 [FortuneGems]";iOS;0;2;2;0;0
India;120246232813420106;1641083631350576;"🇮🇳 IN_92 [FortuneGems]";Android;0;6;6;0;0
India;120246232813420106;1641083631350576;"🇮🇳 IN_92 [FortuneGems]";iOS;0;1;1;0;0
India;120246240499830106;1641083631350576;"🇮🇳 IN_92 [FortuneGems]";Android;0;2;2;0;0
India;120246244261040106;1641083631350576;"🇮🇳 IN_93 [FortuneGems]";iOS;0;1;1;0;0
India;120246244620160106;1641083631350576;"🇮🇳 IN_92 [FortuneGems]";Android;0;7;6;0;0
India;120246244620410106;1641083631350576;"🇮🇳 IN_92 [FortuneGems]";Android;0;5;5;0;0
India;120246244620670106;1641083631350576;"🇮🇳 IN_92 [FortuneGems]";Android;0;3;3;0;0
India;120246244620680106;1641083631350576;"🇮🇳 IN_92 [FortuneGems]";Android;0;7;7;0;0
India;120246244620690106;1641083631350576;"🇮🇳 IN_92 [FortuneGems]";Android;0;2;2;0;0
India;120246244620700106;1641083631350576;"🇮🇳 IN_92 [FortuneGems]";Android;0;1;1;0;0
India;120246244620710106;1641083631350576;"🇮🇳 IN_92 [FortuneGems]";Android;0;2;2;0;0
India;120246244620710106;1641083631350576;"🇮🇳 IN_92 [FortuneGems]";iOS;0;1;1;0;0
India;120246244620720106;1641083631350576;"🇮🇳 IN_92 [FortuneGems]";Android;0;2;1;0;0
India;120246244620730106;1641083631350576;"🇮🇳 IN_92 [FortuneGems]";Android;0;2;1;0;0
India;120246244620740106;1641083631350576;"🇮🇳 IN_92 [FortuneGems]";Android;0;4;4;0;0
India;120246244620750106;1641083631350576;"🇮🇳 IN_92 [FortuneGems]";Android;0;1;1;0;0
India;120246244620760106;1641083631350576;"🇮🇳 IN_92 [FortuneGems]";Android;0;1;1;0;0
India;120246244620770106;1641083631350576;"🇮🇳 IN_92 [FortuneGems]";Android;0;2;2;0;0
India;120246244620780106;1641083631350576;"🇮🇳 IN_92 [FortuneGems]";Android;0;4;4;0;0
India;120246244620780106;1641083631350576;"🇮🇳 IN_92 [FortuneGems]";iOS;0;1;1;0;0
India;120246244620790106;1641083631350576;"🇮🇳 IN_92 [FortuneGems]";Android;0;3;3;0;0
India;120246244620800106;1641083631350576;"🇮🇳 IN_92 [FortuneGems]";Android;0;2;2;0;0
India;120246244620810106;1641083631350576;"🇮🇳 IN_92 [FortuneGems]";Android;0;5;5;0;0
India;120246244620820106;1641083631350576;"🇮🇳 IN_92 [FortuneGems]";Android;0;8;7;0;0
India;120246244620830106;1641083631350576;"🇮🇳 IN_92 [FortuneGems]";Android;0;2;2;0;0
India;120246244620850106;1641083631350576;"🇮🇳 IN_92 [FortuneGems]";Android;0;3;3;0;0
India;120246244620860106;1641083631350576;"🇮🇳 IN_92 [FortuneGems]";Android;0;3;3;0;0
India;120246244620880106;1641083631350576;"🇮🇳 IN_92 [FortuneGems]";Android;0;2;2;0;0
India;120246244620900106;1641083631350576;"🇮🇳 IN_92 [FortuneGems]";Android;0;3;3;0;0
India;120246244620910106;1641083631350576;"🇮🇳 IN_92 [FortuneGems]";Android;0;2;2;0;0
India;120246244620930106;1641083631350576;"🇮🇳 IN_92 [FortuneGems]";Android;0;2;2;0;0
India;120246244620940106;1641083631350576;"🇮🇳 IN_92 [FortuneGems]";Android;0;2;2;0;0
India;120246244620960106;1641083631350576;"🇮🇳 IN_92 [FortuneGems]";Android;0;7;6;0;0
India;120246244620970106;1641083631350576;"🇮🇳 IN_92 [FortuneGems]";Android;0;1;1;0;0
India;120246244621050106;1641083631350576;"🇮🇳 IN_92 [FortuneGems]";Android;0;2;2;0;0
India;120246244621100106;1641083631350576;"🇮🇳 IN_92 [FortuneGems]";Android;0;5;5;0;0
India;120246244621110106;1641083631350576;"🇮🇳 IN_92 [FortuneGems]";Android;0;3;3;0;0
India;120246244621120106;1641083631350576;"🇮🇳 IN_92 [FortuneGems]";Android;0;8;7;0;0
India;120246244621130106;1641083631350576;"🇮🇳 IN_92 [FortuneGems]";Android;0;2;2;0;0
India;120246244621140106;1641083631350576;"🇮🇳 IN_92 [FortuneGems]";Android;0;5;4;0;0
India;120246244621140106;1641083631350576;"🇮🇳 IN_92 [FortuneGems]";iOS;0;1;1;0;0
India;120246244621150106;1641083631350576;"🇮🇳 IN_92 [FortuneGems]";Android;0;9;9;0;0
India;120246244621160106;1641083631350576;"🇮🇳 IN_92 [FortuneGems]";Android;0;2;2;0;0
India;120246244670230106;1641083631350576;"🇮🇳 IN_93 [FortuneGems]";Android;0;1;1;0;0
India;120246244675630106;1641083631350576;"🇮🇳 IN_93 [FortuneGems]";Android;0;3;3;0;0
India;120246244675730106;1641083631350576;"🇮🇳 IN_93 [FortuneGems]";Android;0;3;3;0;0
India;120246244675800106;1641083631350576;"🇮🇳 IN_93 [FortuneGems]";Android;0;1;1;0;0
India;120246244675810106;1641083631350576;"🇮🇳 IN_93 [FortuneGems]";Android;0;2;2;0;0
India;120246244675820106;1641083631350576;"🇮🇳 IN_93 [FortuneGems]";Android;0;1;1;0;0
India;120246244675830106;1641083631350576;"🇮🇳 IN_93 [FortuneGems]";Android;0;3;3;0;0
India;120246244675830106;1641083631350576;"🇮🇳 IN_93 [FortuneGems]";iOS;0;1;1;0;0
India;120246260465330106;1641083631350576;"🇮🇳 IN_92 [FortuneGems]";Android;0;2;2;0;0
India;120246260465340106;1641083631350576;"🇮🇳 IN_92 [FortuneGems]";Android;0;4;4;0;0
India;120246260465340106;1641083631350576;"🇮🇳 IN_92 [FortuneGems]";iOS;0;1;1;0;0
India;120246260465350106;1641083631350576;"🇮🇳 IN_92 [FortuneGems]";Android;0;2;2;0;0
India;120246260465720106;1641083631350576;"🇮🇳 IN_92 [FortuneGems]";Android;0;4;4;0;0
India;120246260465740106;1641083631350576;"🇮🇳 IN_92 [FortuneGems]";Android;0;2;2;0;0
India;120246260465750106;1641083631350576;"🇮🇳 IN_92 [FortuneGems]";Android;0;5;5;0;0
India;120246260465760106;1641083631350576;"🇮🇳 IN_92 [FortuneGems]";Android;0;2;2;0;0
India;120246260465790106;1641083631350576;"🇮🇳 IN_92 [FortuneGems]";Android;0;2;2;0;0
India;120246260465810106;1641083631350576;"🇮🇳 IN_92 [FortuneGems]";Android;0;2;2;0;0
India;120246260465820106;1641083631350576;"🇮🇳 IN_92 [FortuneGems]";Android;0;2;2;0;0
India;120246260465870106;1641083631350576;"🇮🇳 IN_92 [FortuneGems]";Android;0;1;1;0;0
India;120246260465890106;1641083631350576;"🇮🇳 IN_92 [FortuneGems]";iOS;0;2;1;0;0
India;120246260465990106;1641083631350576;"🇮🇳 IN_92 [FortuneGems]";Android;0;5;5;0;0
India;120246260466060106;1641083631350576;"🇮🇳 IN_92 [FortuneGems]";Android;0;5;5;0;0
India;120246260466070106;1641083631350576;"🇮🇳 IN_92 [FortuneGems]";Android;0;2;2;0;0
India;120246276712280106;1641083631350576;"🇮🇳 IN_92 [FortuneGems]";Android;0;6;6;0;0
India;120246276847160106;1641083631350576;"🇮🇳 IN_94 [FortuneGems]";Android;0;3;3;0;0
India;120246276847170106;1641083631350576;"🇮🇳 IN_94 [FortuneGems]";Android;0;4;4;0;0
India;120246276847170106;1641083631350576;"🇮🇳 IN_94 [FortuneGems]";iOS;0;1;1;0;0
India;120246276847220106;1641083631350576;"🇮🇳 IN_94 [FortuneGems]";Android;0;1;1;0;0
India;120246276847220106;1641083631350576;"🇮🇳 IN_94 [FortuneGems]";iOS;0;1;1;0;0
India;120246276847310106;1641083631350576;"🇮🇳 IN_94 [FortuneGems]";Android;0;3;3;0;0
India;120246276847390106;1641083631350576;"🇮🇳 IN_94 [FortuneGems]";Android;0;2;2;0;0
India;120246276847390106;1641083631350576;"🇮🇳 IN_94 [FortuneGems]";iOS;0;1;1;0;0
India;120246276847410106;1641083631350576;"🇮🇳 IN_94 [FortuneGems]";Android;0;2;2;0;0
India;120246276847410106;1641083631350576;"🇮🇳 IN_94 [FortuneGems]";iOS;0;1;1;0;0
India;120246276847420106;1641083631350576;"🇮🇳 IN_94 [FortuneGems]";Android;0;2;2;0;0
India;120246276847420106;1641083631350576;"🇮🇳 IN_94 [FortuneGems]";iOS;0;1;1;0;0
India;120246277024990106;1641083631350576;"🇮🇳 IN_92 [FortuneGems]";Android;0;12;11;0;0
India;120246277035760106;1641083631350576;"🇮🇳 IN_92 [FortuneGems]";Android;0;10;9;0;0
India;120246277035770106;1641083631350576;"🇮🇳 IN_92 [FortuneGems]";Android;0;6;6;0;0
India;120246277035780106;1641083631350576;"🇮🇳 IN_92 [FortuneGems]";Android;0;2;2;0;0
India;120246277035780106;1641083631350576;"🇮🇳 IN_92 [FortuneGems]";iOS;0;1;1;0;0
India;120246277036060106;1641083631350576;"🇮🇳 IN_92 [FortuneGems]";Android;0;3;3;0;0
India;120246277036070106;1641083631350576;"🇮🇳 IN_92 [FortuneGems]";Android;0;6;5;0;0
India;120246277036100106;1641083631350576;"🇮🇳 IN_92 [FortuneGems]";Android;0;7;7;0;0
India;120246277036100106;1641083631350576;"🇮🇳 IN_92 [FortuneGems]";iOS;0;1;1;0;0
India;120246277036140106;1641083631350576;"🇮🇳 IN_92 [FortuneGems]";Android;0;5;5;0;0
India;120246277036150106;1641083631350576;"🇮🇳 IN_92 [FortuneGems]";Android;0;2;2;0;0
India;120246277036160106;1641083631350576;"🇮🇳 IN_92 [FortuneGems]";Android;0;4;4;0;0
India;120246277036170106;1641083631350576;"🇮🇳 IN_92 [FortuneGems]";Android;0;5;4;0;0
India;120246277036180106;1641083631350576;"🇮🇳 IN_92 [FortuneGems]";Android;0;2;2;0;0
India;120246277036190106;1641083631350576;"🇮🇳 IN_92 [FortuneGems]";Android;0;3;3;0;0
India;120246277036190106;1641083631350576;"🇮🇳 IN_92 [FortuneGems]";iOS;0;1;1;0;0
India;120246277036200106;1641083631350576;"🇮🇳 IN_92 [FortuneGems]";Android;0;5;5;0;0
India;120246277036210106;1641083631350576;"🇮🇳 IN_92 [FortuneGems]";Android;0;2;2;0;0
India;120246277036220106;1641083631350576;"🇮🇳 IN_92 [FortuneGems]";Android;0;4;4;0;0
India;120246277036230106;1641083631350576;"🇮🇳 IN_92 [FortuneGems]";Android;0;5;5;0;0
India;120246277036240106;1641083631350576;"🇮🇳 IN_92 [FortuneGems]";Android;0;10;8;0;0
India;120246277036250106;1641083631350576;"🇮🇳 IN_92 [FortuneGems]";Android;0;7;6;0;0
India;120246277036250106;1641083631350576;"🇮🇳 IN_92 [FortuneGems]";iOS;0;1;1;0;0
India;120246277036260106;1641083631350576;"🇮🇳 IN_92 [FortuneGems]";Android;0;4;4;0;0
India;120246277036270106;1641083631350576;"🇮🇳 IN_92 [FortuneGems]";Android;0;5;5;0;0
India;120246277036280106;1641083631350576;"🇮🇳 IN_92 [FortuneGems]";Android;0;3;3;0;0
India;120246277036290106;1641083631350576;"🇮🇳 IN_92 [FortuneGems]";Android;0;4;4;0;0
India;120246277036300106;1641083631350576;"🇮🇳 IN_92 [FortuneGems]";Android;0;11;11;0;0
India;120246277036300106;1641083631350576;"🇮🇳 IN_92 [FortuneGems]";iOS;0;1;1;0;0
India;120246277036310106;1641083631350576;"🇮🇳 IN_92 [FortuneGems]";Android;0;2;2;0;0
India;120246277036320106;1641083631350576;"🇮🇳 IN_92 [FortuneGems]";Android;0;2;2;0;0
India;120246277036330106;1641083631350576;"🇮🇳 IN_92 [FortuneGems]";Android;0;4;4;0;0
India;120246277036340106;1641083631350576;"🇮🇳 IN_92 [FortuneGems]";Android;0;5;5;0;0
India;120246277036340106;1641083631350576;"🇮🇳 IN_92 [FortuneGems]";iOS;0;1;1;0;0
India;120246277036350106;1641083631350576;"🇮🇳 IN_92 [FortuneGems]";Android;0;7;6;0;0
India;120246277036360106;1641083631350576;"🇮🇳 IN_92 [FortuneGems]";Android;0;2;2;0;0
India;120246277036370106;1641083631350576;"🇮🇳 IN_92 [FortuneGems]";Android;0;5;4;0;0
India;120246277036380106;1641083631350576;"🇮🇳 IN_92 [FortuneGems]";Android;0;8;7;0;0
India;120246277036420106;1641083631350576;"🇮🇳 IN_92 [FortuneGems]";Android;0;5;5;0;0
India;120246277036430106;1641083631350576;"🇮🇳 IN_92 [FortuneGems]";Android;0;7;7;0;0
India;120246277036430106;1641083631350576;"🇮🇳 IN_92 [FortuneGems]";iOS;0;1;1;0;0
India;120246277036440106;1641083631350576;"🇮🇳 IN_92 [FortuneGems]";Android;0;4;4;0;0
India;120246277036440106;1641083631350576;"🇮🇳 IN_92 [FortuneGems]";iOS;0;2;2;0;0
India;120246277036450106;1641083631350576;"🇮🇳 IN_92 [FortuneGems]";Android;0;3;3;0;0
India;120246277036520106;1641083631350576;"🇮🇳 IN_92 [FortuneGems]";Android;0;2;2;0;0
India;120246277036630106;1641083631350576;"🇮🇳 IN_92 [FortuneGems]";Android;0;4;3;0;0
India;120246277036680106;1641083631350576;"🇮🇳 IN_92 [FortuneGems]";Android;0;6;6;0;0
India;120246292291890106;1641083631350576;"🇮🇳 IN_94 [FortuneGems]";Android;0;7;7;0;0
India;120246292291890106;1641083631350576;"🇮🇳 IN_94 [FortuneGems]";iOS;0;1;1;0;0
India;120246292361440106;1641083631350576;"🇮🇳 IN_94 [FortuneGems]";Android;0;6;6;0;0
India;120246292361450106;1641083631350576;"🇮🇳 IN_94 [FortuneGems]";Android;0;4;4;0;0
India;120246292361450106;1641083631350576;"🇮🇳 IN_94 [FortuneGems]";iOS;0;2;1;0;0
India;120246292361740106;1641083631350576;"🇮🇳 IN_94 [FortuneGems]";Android;0;1;1;0;0
India;120246292361750106;1641083631350576;"🇮🇳 IN_94 [FortuneGems]";Android;0;7;7;0;0
India;120246292361760106;1641083631350576;"🇮🇳 IN_94 [FortuneGems]";Android;0;5;5;0;0
India;120246292361760106;1641083631350576;"🇮🇳 IN_94 [FortuneGems]";iOS;0;3;3;0;0
India;120246292361770106;1641083631350576;"🇮🇳 IN_94 [FortuneGems]";Android;0;7;7;0;0
India;120246292361770106;1641083631350576;"🇮🇳 IN_94 [FortuneGems]";iOS;0;11;9;0;0
India;120246292361780106;1641083631350576;"🇮🇳 IN_94 [FortuneGems]";Android;0;2;2;0;0
India;120246292361790106;1641083631350576;"🇮🇳 IN_94 [FortuneGems]";Android;0;2;1;0;0
India;120246292361800106;1641083631350576;"🇮🇳 IN_94 [FortuneGems]";Android;0;3;2;0;0
India;120246292361810106;1641083631350576;"🇮🇳 IN_94 [FortuneGems]";Android;0;4;4;0;0
India;120246292361820106;1641083631350576;"🇮🇳 IN_94 [FortuneGems]";Android;0;12;11;0;0
India;120246292361830106;1641083631350576;"🇮🇳 IN_94 [FortuneGems]";Android;0;1;1;0;0
India;120246292361840106;1641083631350576;"🇮🇳 IN_94 [FortuneGems]";Android;0;7;7;0;0
India;120246292361860106;1641083631350576;"🇮🇳 IN_94 [FortuneGems]";Android;0;9;7;0;0
India;120246292361870106;1641083631350576;"🇮🇳 IN_94 [FortuneGems]";Android;0;2;2;0;0
India;120246292361870106;1641083631350576;"🇮🇳 IN_94 [FortuneGems]";iOS;0;1;1;0;0
India;120246292361880106;1641083631350576;"🇮🇳 IN_94 [FortuneGems]";Android;0;8;8;0;0
India;120246292361880106;1641083631350576;"🇮🇳 IN_94 [FortuneGems]";iOS;0;1;1;0;0
India;120246292361900106;1641083631350576;"🇮🇳 IN_94 [FortuneGems]";Android;0;13;13;0;0
India;120246292361900106;1641083631350576;"🇮🇳 IN_94 [FortuneGems]";iOS;0;3;3;0;0
India;120246292361930106;1641083631350576;"🇮🇳 IN_94 [FortuneGems]";Android;0;3;3;0;0
India;120246292361930106;1641083631350576;"🇮🇳 IN_94 [FortuneGems]";iOS;0;2;2;0;0
India;120246293063550106;1641083631350576;"🇮🇳 IN_92 [FortuneGems]";Android;0;3;3;0;0
India;120246293082230106;1641083631350576;"🇮🇳 IN_92 [FortuneGems]";Android;0;1;1;0;0
India;120246293082250106;1641083631350576;"🇮🇳 IN_92 [FortuneGems]";Android;0;6;6;0;0
India;120246293082530106;1641083631350576;"🇮🇳 IN_92 [FortuneGems]";Android;0;1;1;0;0
India;120246293082540106;1641083631350576;"🇮🇳 IN_92 [FortuneGems]";Android;0;23;23;0;0
India;120246293082550106;1641083631350576;"🇮🇳 IN_92 [FortuneGems]";Android;0;12;12;0;0
India;120246293082560106;1641083631350576;"🇮🇳 IN_92 [FortuneGems]";Android;0;10;10;0;0
India;120246293082570106;1641083631350576;"🇮🇳 IN_92 [FortuneGems]";Android;0;9;9;0;0
India;120246293082580106;1641083631350576;"🇮🇳 IN_92 [FortuneGems]";Android;0;14;14;0;0
India;120246293082590106;1641083631350576;"🇮🇳 IN_92 [FortuneGems]";Android;0;18;17;0;0
India;120246293082600106;1641083631350576;"🇮🇳 IN_92 [FortuneGems]";Android;0;15;15;0;0
India;120246293082600106;1641083631350576;"🇮🇳 IN_92 [FortuneGems]";iOS;0;1;1;0;0
India;120246293082610106;1641083631350576;"🇮🇳 IN_92 [FortuneGems]";Android;0;17;17;0;0
India;120246293082620106;1641083631350576;"🇮🇳 IN_92 [FortuneGems]";Android;0;10;10;0;0
India;120246293082630106;1641083631350576;"🇮🇳 IN_92 [FortuneGems]";Android;0;3;3;0;0
India;120246293082640106;1641083631350576;"🇮🇳 IN_92 [FortuneGems]";Android;0;7;7;0;0
India;120246293082650106;1641083631350576;"🇮🇳 IN_92 [FortuneGems]";Android;0;10;10;0;0
India;120246293082660106;1641083631350576;"🇮🇳 IN_92 [FortuneGems]";Android;0;13;13;0;0
India;120246293082660106;1641083631350576;"🇮🇳 IN_92 [FortuneGems]";iOS;0;1;1;0;0
India;120246293082670106;1641083631350576;"🇮🇳 IN_92 [FortuneGems]";Android;0;12;11;0;0
India;120246293082680106;1641083631350576;"🇮🇳 IN_92 [FortuneGems]";Android;0;11;11;0;0
India;120246310593000106;1641083631350576;"🇮🇳 IN_92 [FortuneGems]";Android;0;3;3;0;0
India;120246310625370106;1641083631350576;"🇮🇳 IN_94 [FortuneGems]";Android;0;6;6;0;0
India;120246310625370106;1641083631350576;"🇮🇳 IN_94 [FortuneGems]";iOS;0;1;1;0;0
India;120246310625430106;1641083631350576;"🇮🇳 IN_92 [FortuneGems]";Android;0;7;7;0;0
India;120246310625430106;1641083631350576;"🇮🇳 IN_94 [FortuneGems]";Android;0;4;4;0;0
India;120246310625440106;1641083631350576;"🇮🇳 IN_95 [FortuneGems]";Android;0;1;1;0;0
India;120246310625450106;1641083631350576;"🇮🇳 IN_94 [FortuneGems]";Android;0;8;7;0;0
India;120246310625460106;1641083631350576;"🇮🇳 IN_92 [FortuneGems]";Android;0;32;29;0;0
India;120246310625460106;1641083631350576;"🇮🇳 IN_92 [FortuneGems]";iOS;0;1;1;0;0
India;120246310625470106;1641083631350576;"🇮🇳 IN_92 [FortuneGems]";Android;0;7;7;0;0
India;120246310625470106;1641083631350576;"🇮🇳 IN_95 [FortuneGems]";Android;0;2;2;0;0
India;120246310625480106;1641083631350576;"🇮🇳 IN_92 [FortuneGems]";Android;0;16;16;0;0
India;120246310625480106;1641083631350576;"🇮🇳 IN_94 [FortuneGems]";Android;0;2;2;0;0
India;120246310625480106;1641083631350576;"🇮🇳 IN_94 [FortuneGems]";iOS;0;1;1;0;0
India;120246310625500106;1641083631350576;"🇮🇳 IN_95 [FortuneGems]";Android;0;3;3;0;0
India;120246310625510106;1641083631350576;"🇮🇳 IN_92 [FortuneGems]";Android;0;32;31;0;0
India;120246310625510106;1641083631350576;"🇮🇳 IN_92 [FortuneGems]";iOS;0;1;1;0;0
India;120246310625510106;1641083631350576;"🇮🇳 IN_94 [FortuneGems]";Android;0;1;1;0;0
India;120246310625510106;1641083631350576;"🇮🇳 IN_94 [FortuneGems]";iOS;0;1;1;0;0
India;120246310625520106;1641083631350576;"🇮🇳 IN_92 [FortuneGems]";Android;0;7;7;0;0
India;120246310625520106;1641083631350576;"🇮🇳 IN_94 [FortuneGems]";Android;0;2;2;0;0
India;120246310625530106;1641083631350576;"🇮🇳 IN_92 [FortuneGems]";Android;0;33;31;0;0
India;120246310625540106;1641083631350576;"🇮🇳 IN_92 [FortuneGems]";Android;0;9;9;0;0
India;120246310625540106;1641083631350576;"🇮🇳 IN_95 [FortuneGems]";Android;0;1;1;0;0
India;120246310625550106;1641083631350576;"🇮🇳 IN_94 [FortuneGems]";Android;0;9;9;0;0
India;120246310625550106;1641083631350576;"🇮🇳 IN_94 [FortuneGems]";iOS;0;1;1;0;0
India;120246310625560106;1641083631350576;"🇮🇳 IN_92 [FortuneGems]";Android;0;27;25;0;0
India;120246310625560106;1641083631350576;"🇮🇳 IN_94 [FortuneGems]";Android;0;1;1;0;0
India;120246310625570106;1641083631350576;"🇮🇳 IN_92 [FortuneGems]";Android;0;2;2;0;0
India;120246310625570106;1641083631350576;"🇮🇳 IN_94 [FortuneGems]";Android;0;8;7;0;0
India;120246310625570106;1641083631350576;"🇮🇳 IN_94 [FortuneGems]";iOS;0;1;1;0;0
India;120246310625580106;1641083631350576;"🇮🇳 IN_94 [FortuneGems]";Android;0;6;5;0;0
India;120246310625590106;1641083631350576;"🇮🇳 IN_92 [FortuneGems]";Android;0;12;12;0;0
India;120246310625590106;1641083631350576;"🇮🇳 IN_94 [FortuneGems]";Android;0;5;5;0;0
India;120246310625600106;1641083631350576;"🇮🇳 IN_95 [FortuneGems]";Android;0;2;2;0;0
India;120246310625730106;1641083631350576;"🇮🇳 IN_92 [FortuneGems]";Android;0;15;15;0;0
India;120246311284060106;1641083631350576;"🇮🇳 IN_94 [FortuneGems]";Android;0;4;4;0;0
India;120246311284070106;1641083631350576;"🇮🇳 IN_94 [FortuneGems]";Android;0;3;3;0;0
India;120246311284590106;1641083631350576;"🇮🇳 IN_94 [FortuneGems]";Android;0;1;1;0;0
India;120246311284630106;1641083631350576;"🇮🇳 IN_94 [FortuneGems]";Android;0;2;2;0;0
India;120246311284630106;1641083631350576;"🇮🇳 IN_94 [FortuneGems]";iOS;0;2;2;0;0
India;120246311284650106;1641083631350576;"🇮🇳 IN_94 [FortuneGems]";Android;0;5;5;0;0
India;120246311284650106;1641083631350576;"🇮🇳 IN_94 [FortuneGems]";iOS;0;1;1;0;0
India;120246311284650106;1641083631350576;"🇮🇳 IN_95 [FortuneGems]";Android;0;1;1;0;0
India;120246311284740106;1641083631350576;"🇮🇳 IN_92 [FortuneGems]";Android;0;4;4;0;0
India;120246311284740106;1641083631350576;"🇮🇳 IN_95 [FortuneGems]";Android;0;3;3;0;0
India;120246311284750106;1641083631350576;"🇮🇳 IN_94 [FortuneGems]";Android;0;5;5;0;0
India;120246311284760106;1641083631350576;"🇮🇳 IN_94 [FortuneGems]";Android;0;1;1;0;0
India;120246311284760106;1641083631350576;"🇮🇳 IN_95 [FortuneGems]";Android;0;3;3;0;0
India;120246311284770106;1641083631350576;"🇮🇳 IN_92 [FortuneGems]";Android;0;6;6;0;0
India;120246311284770106;1641083631350576;"🇮🇳 IN_92 [FortuneGems]";iOS;0;1;1;0;0
India;120246311284770106;1641083631350576;"🇮🇳 IN_94 [FortuneGems]";Android;0;1;1;0;0
India;120246311284770106;1641083631350576;"🇮🇳 IN_95 [FortuneGems]";Android;0;11;11;0;0
India;120246311284770106;1641083631350576;"🇮🇳 IN_95 [FortuneGems]";iOS;0;2;2;0;0
India;120246311284780106;1641083631350576;"🇮🇳 IN_94 [FortuneGems]";Android;0;1;1;0;0
India;120246311284790106;1641083631350576;"🇮🇳 IN_95 [FortuneGems]";Android;0;3;3;0;0
India;120246311284790106;1641083631350576;"🇮🇳 IN_95 [FortuneGems]";iOS;0;1;1;0;0
India;120246311284800106;1641083631350576;"🇮🇳 IN_92 [FortuneGems]";Android;0;2;2;0;0
India;120246311284810106;1641083631350576;"🇮🇳 IN_94 [FortuneGems]";Android;0;1;1;0;0
India;120246311284820106;1641083631350576;"🇮🇳 IN_94 [FortuneGems]";Android;0;1;1;0;0
India;120246311284830106;1641083631350576;"🇮🇳 IN_92 [FortuneGems]";Android;0;1;1;0;0
India;120246311284830106;1641083631350576;"🇮🇳 IN_94 [FortuneGems]";Android;0;2;2;0;0
India;120246311284910106;1641083631350576;"🇮🇳 IN_95 [FortuneGems]";Android;0;5;5;0;0
India;120246311284910106;1641083631350576;"🇮🇳 IN_95 [FortuneGems]";iOS;0;3;3;0;0
India;120246311284960106;1641083631350576;"🇮🇳 IN_94 [FortuneGems]";Android;0;3;3;0;0
India;120246311284970106;1641083631350576;"🇮🇳 IN_94 [FortuneGems]";Android;0;3;2;0;0
India;120246311284990106;1641083631350576;"🇮🇳 IN_92 [FortuneGems]";Android;0;3;3;0;0
India;120246311284990106;1641083631350576;"🇮🇳 IN_95 [FortuneGems]";Android;0;1;1;0;0
India;120246311285010106;1641083631350576;"🇮🇳 IN_92 [FortuneGems]";Android;0;5;5;0;0
India;120246311285010106;1641083631350576;"🇮🇳 IN_94 [FortuneGems]";Android;0;1;1;0;0
India;120246311285020106;1641083631350576;"🇮🇳 IN_94 [FortuneGems]";Android;0;5;5;0;0
India;120246311285040106;1641083631350576;"🇮🇳 IN_94 [FortuneGems]";Android;0;2;2;0;0
India;120246311285040106;1641083631350576;"🇮🇳 IN_94 [FortuneGems]";iOS;0;1;1;0;0
India;120246311285050106;1641083631350576;"🇮🇳 IN_92 [FortuneGems]";Android;0;7;7;0;0
India;120246311285050106;1641083631350576;"🇮🇳 IN_94 [FortuneGems]";Android;0;8;8;0;0
India;120246311285050106;1641083631350576;"🇮🇳 IN_95 [FortuneGems]";Android;0;23;22;0;0
India;120246311285050106;1641083631350576;"🇮🇳 IN_95 [FortuneGems]";iOS;0;2;2;0;0
India;120246363324460106;1641083631350576;"🇮🇳 IN_94 [FortuneGems]";Android;0;1;1;0;0
India;120246363369440106;1641083631350576;"🇮🇳 IN_92 [FortuneGems]";Android;0;1;1;0;0
India;120246363398090106;1641083631350576;"🇮🇳 IN_92 [FortuneGems]";Android;0;2;2;0;0
India;120246363398090106;1641083631350576;"🇮🇳 IN_94 [FortuneGems]";Android;0;4;4;0;0
India;120246363398100106;1641083631350576;"🇮🇳 IN_94 [FortuneGems]";Android;0;1;1;0;0
India;120246363398610106;1641083631350576;"🇮🇳 IN_92 [FortuneGems]";Android;0;4;3;0;0
India;120246363398610106;1641083631350576;"🇮🇳 IN_94 [FortuneGems]";Android;0;5;5;0;0
India;120246363398620106;1641083631350576;"🇮🇳 IN_92 [FortuneGems]";Android;0;4;3;0;0
India;120246363398620106;1641083631350576;"🇮🇳 IN_94 [FortuneGems]";Android;0;3;3;0;0
India;120246363398630106;1641083631350576;"🇮🇳 IN_92 [FortuneGems]";Android;0;2;2;0;0
India;120246363398630106;1641083631350576;"🇮🇳 IN_94 [FortuneGems]";Android;0;3;3;0;0
India;120246363398640106;1641083631350576;"🇮🇳 IN_94 [FortuneGems]";Android;0;3;2;0;0
India;120246363398650106;1641083631350576;"🇮🇳 IN_94 [FortuneGems]";Android;0;6;6;0;0
India;120246363398660106;1641083631350576;"🇮🇳 IN_92 [FortuneGems]";Android;0;9;9;0;0
India;120246363398670106;1641083631350576;"🇮🇳 IN_94 [FortuneGems]";Android;0;1;1;0;0
India;120246363398670106;1641083631350576;"🇮🇳 IN_94 [FortuneGems]";iOS;0;1;1;0;0
India;120246363398680106;1641083631350576;"🇮🇳 IN_94 [FortuneGems]";Android;0;1;1;0;0
India;120246363398690106;1641083631350576;"🇮🇳 IN_94 [FortuneGems]";Android;0;1;1;0;0
India;120246363398700106;1641083631350576;"🇮🇳 IN_94 [FortuneGems]";Android;0;2;2;0;0
India;120246363398700106;1641083631350576;"🇮🇳 IN_94 [FortuneGems]";iOS;0;1;1;0;0
India;120246363398710106;1641083631350576;"🇮🇳 IN_94 [FortuneGems]";Android;0;2;2;0;0
India;120246363398710106;1641083631350576;"🇮🇳 IN_94 [FortuneGems]";iOS;0;2;1;0;0
India;120246363398720106;1641083631350576;"🇮🇳 IN_94 [FortuneGems]";Android;0;3;3;0;0
India;120246363398730106;1641083631350576;"🇮🇳 IN_94 [FortuneGems]";Android;0;3;2;0;0
India;120246363398740106;1641083631350576;"🇮🇳 IN_92 [FortuneGems]";Android;0;1;1;0;0
India;120246363398740106;1641083631350576;"🇮🇳 IN_92 [FortuneGems]";iOS;0;1;1;0;0
India;120246363398750106;1641083631350576;"🇮🇳 IN_94 [FortuneGems]";Android;0;1;1;0;0
India;120246363398750106;1641083631350576;"🇮🇳 IN_94 [FortuneGems]";iOS;0;1;1;0;0
India;120246363398760106;1641083631350576;"🇮🇳 IN_94 [FortuneGems]";Android;0;2;2;0;0
India;120246363398770106;1641083631350576;"🇮🇳 IN_92 [FortuneGems]";Android;0;5;5;0;0
India;120246363398770106;1641083631350576;"🇮🇳 IN_92 [FortuneGems]";iOS;0;1;1;0;0
India;120246363398780106;1641083631350576;"🇮🇳 IN_92 [FortuneGems]";Android;0;2;2;0;0
India;120246363398780106;1641083631350576;"🇮🇳 IN_92 [FortuneGems]";iOS;0;1;1;0;0
India;120246363398790106;1641083631350576;"🇮🇳 IN_92 [FortuneGems]";Android;0;7;7;0;0
India;120246363398790106;1641083631350576;"🇮🇳 IN_94 [FortuneGems]";Android;0;5;5;0;0
India;120246363398800106;1641083631350576;"🇮🇳 IN_94 [FortuneGems]";Android;0;2;2;0;0
India;120246363398810106;1641083631350576;"🇮🇳 IN_92 [FortuneGems]";Android;0;3;2;0;0
India;120246363398810106;1641083631350576;"🇮🇳 IN_94 [FortuneGems]";Android;0;2;2;0;0
India;120246363398820106;1641083631350576;"🇮🇳 IN_92 [FortuneGems]";Android;0;2;2;0;0
India;120246363398820106;1641083631350576;"🇮🇳 IN_92 [FortuneGems]";iOS;0;1;1;0;0
India;120246363398820106;1641083631350576;"🇮🇳 IN_94 [FortuneGems]";Android;0;5;5;0;0
India;120246363398830106;1641083631350576;"🇮🇳 IN_92 [FortuneGems]";Android;0;6;6;0;0
India;120246363398830106;1641083631350576;"🇮🇳 IN_94 [FortuneGems]";Android;0;5;4;0;0
India;120246363398840106;1641083631350576;"🇮🇳 IN_94 [FortuneGems]";Android;0;6;6;0;0
India;120246363398850106;1641083631350576;"🇮🇳 IN_94 [FortuneGems]";Android;0;2;2;0;0
India;120246363398990106;1641083631350576;"🇮🇳 IN_94 [FortuneGems]";Android;0;4;4;0;0
India;120246365946530106;1641083631350576;"🇮🇳 IN_92 [FortuneGems]";Android;0;6;6;0;0
India;120246365946530106;1641083631350576;"🇮🇳 IN_92 [FortuneGems]";iOS;0;2;2;0;0
India;120246365993490106;1641083631350576;"🇮🇳 IN_92 [FortuneGems]";Android;0;4;2;0;0
India;120246365993780106;1641083631350576;"🇮🇳 IN_92 [FortuneGems]";Android;0;5;5;0;0
India;120246365993780106;1641083631350576;"🇮🇳 IN_92 [FortuneGems]";iOS;0;2;1;0;0
India;120246365993790106;1641083631350576;"🇮🇳 IN_92 [FortuneGems]";Android;0;1;1;0;0
India;120246365993800106;1641083631350576;"🇮🇳 IN_92 [FortuneGems]";Android;0;4;4;0;0
India;120246365993810106;1641083631350576;"🇮🇳 IN_92 [FortuneGems]";Android;0;3;3;0;0
India;120246365993820106;1641083631350576;"🇮🇳 IN_92 [FortuneGems]";Android;0;2;2;0;0
India;120246365993830106;1641083631350576;"🇮🇳 IN_92 [FortuneGems]";Android;0;3;3;0;0
India;120246365993840106;1641083631350576;"🇮🇳 IN_92 [FortuneGems]";Android;0;3;3;0;0
India;120246365993840106;1641083631350576;"🇮🇳 IN_92 [FortuneGems]";iOS;0;1;1;0;0
India;120246365993850106;1641083631350576;"🇮🇳 IN_92 [FortuneGems]";Android;0;3;3;0;0
India;120246365993860106;1641083631350576;"🇮🇳 IN_92 [FortuneGems]";Android;0;4;4;0;0
India;120246365993860106;1641083631350576;"🇮🇳 IN_92 [FortuneGems]";iOS;0;1;1;0;0
India;120246365993870106;1641083631350576;"🇮🇳 IN_92 [FortuneGems]";Android;0;1;1;0;0
India;120246365993890106;1641083631350576;"🇮🇳 IN_92 [FortuneGems]";Android;0;5;5;0;0
India;120246365993900106;1641083631350576;"🇮🇳 IN_92 [FortuneGems]";Android;0;5;5;0;0
India;120246365993910106;1641083631350576;"🇮🇳 IN_92 [FortuneGems]";Android;0;1;1;0;0
India;120246365993910106;1641083631350576;"🇮🇳 IN_92 [FortuneGems]";iOS;0;1;1;0;0
India;120246365993920106;1641083631350576;"🇮🇳 IN_92 [FortuneGems]";Android;0;1;1;0;0
India;120246365993930106;1641083631350576;"🇮🇳 IN_92 [FortuneGems]";Android;0;6;6;0;0
India;120246365994010106;1641083631350576;"🇮🇳 IN_92 [FortuneGems]";Android;0;5;4;0;0
India;120246365994020106;1641083631350576;"🇮🇳 IN_92 [FortuneGems]";Android;0;2;1;0;0
India;120246377795500106;1641083631350576;"🇮🇳 IN_92 [FortuneGems]";Android;0;10;7;0;0
India;120246377916910106;1641083631350576;"🇮🇳 IN_97 [FortuneGems]";Android;0;5;5;0;0
India;120246377916910106;1641083631350576;"🇮🇳 IN_98 [FortuneGems]";Android;0;6;5;0;0
India;120246378361580106;1641083631350576;"🇮🇳 IN_92 [FortuneGems]";Android;0;4;4;0;0
India;120246378363700106;1641083631350576;"🇮🇳 IN_92 [FortuneGems]";Android;0;7;7;0;0
India;120246378363710106;1641083631350576;"🇮🇳 IN_92 [FortuneGems]";Android;0;5;5;0;0
India;120246378363710106;1641083631350576;"🇮🇳 IN_92 [FortuneGems]";iOS;0;1;1;0;0
India;120246378363720106;1641083631350576;"🇮🇳 IN_92 [FortuneGems]";Android;0;3;3;0;0
India;120246378363810106;1641083631350576;"🇮🇳 IN_92 [FortuneGems]";Android;0;2;2;0;0
India;120246378363840106;1641083631350576;"🇮🇳 IN_92 [FortuneGems]";Android;0;5;5;0;0
India;120246378363850106;1641083631350576;"🇮🇳 IN_92 [FortuneGems]";Android;0;1;1;0;0
India;120246378363860106;1641083631350576;"🇮🇳 IN_92 [FortuneGems]";Android;0;7;7;0;0
India;120246378364130106;1641083631350576;"🇮🇳 IN_92 [FortuneGems]";Android;0;3;3;0;0
India;120246378364170106;1641083631350576;"🇮🇳 IN_92 [FortuneGems]";Android;0;5;5;0;0
India;120246378364180106;1641083631350576;"🇮🇳 IN_92 [FortuneGems]";Android;0;7;7;0;0
India;120246378364200106;1641083631350576;"🇮🇳 IN_92 [FortuneGems]";Android;0;4;4;0;0
India;120246378364250106;1641083631350576;"🇮🇳 IN_92 [FortuneGems]";Android;0;1;1;0;0
India;120246378364280106;1641083631350576;"🇮🇳 IN_92 [FortuneGems]";Android;0;6;6;0;0
India;120246378364290106;1641083631350576;"🇮🇳 IN_92 [FortuneGems]";Android;0;3;3;0;0
India;120246378364300106;1641083631350576;"🇮🇳 IN_92 [FortuneGems]";Android;0;2;2;0;0
India;120246378364320106;1641083631350576;"🇮🇳 IN_92 [FortuneGems]";Android;0;1;1;0;0
India;120246378364330106;1641083631350576;"🇮🇳 IN_92 [FortuneGems]";Android;0;6;6;0;0
India;120246378364330106;1641083631350576;"🇮🇳 IN_92 [FortuneGems]";iOS;0;1;1;0;0
India;120246378364440106;1641083631350576;"🇮🇳 IN_92 [FortuneGems]";Android;0;6;6;0;0
India;120246378364450106;1641083631350576;"🇮🇳 IN_92 [FortuneGems]";Android;0;2;2;0;0
India;120246378364480106;1641083631350576;"🇮🇳 IN_92 [FortuneGems]";Android;0;8;8;0;0
India;120246378364490106;1641083631350576;"🇮🇳 IN_92 [FortuneGems]";Android;0;1;1;0;0
India;120246378845310106;1641083631350576;"🇮🇳 IN_92 [FortuneGems]";Android;0;9;9;0;0
India;120246379235150106;1641083631350576;"🇮🇳 IN_96 [FortuneGems]";Android;0;7;7;0;0
India;120246379235150106;1641083631350576;"🇮🇳 IN_98 [FortuneGems]";Android;0;2;2;0;0
India;120246379238440106;1641083631350576;"🇮🇳 IN_97 [FortuneGems]";Android;0;6;6;0;0
India;120246379238450106;1641083631350576;"🇮🇳 IN_97 [FortuneGems]";Android;0;1;1;0;0
India;120246379238470106;1641083631350576;"🇮🇳 IN_98 [FortuneGems]";Android;0;5;4;0;0
India;120246379238530106;1641083631350576;"🇮🇳 IN_97 [FortuneGems]";Android;0;2;2;0;0
India;120246379238610106;1641083631350576;"🇮🇳 IN_97 [FortuneGems]";Android;0;2;2;0;0
India;120246379238800106;1641083631350576;"🇮🇳 IN_98 [FortuneGems]";Android;0;1;1;0;0
India;120246379238820106;1641083631350576;"🇮🇳 IN_96 [FortuneGems]";Android;0;3;3;0;0
India;120246379238820106;1641083631350576;"🇮🇳 IN_98 [FortuneGems]";Android;0;1;1;0;0
India;120246379238830106;1641083631350576;"🇮🇳 IN_97 [FortuneGems]";Android;0;6;6;0;0
India;120246379238940106;1641083631350576;"🇮🇳 IN_96 [FortuneGems]";Android;0;4;4;0;0
India;120246379238940106;1641083631350576;"🇮🇳 IN_96 [FortuneGems]";iOS;0;1;1;0;0
India;120246379238940106;1641083631350576;"🇮🇳 IN_98 [FortuneGems]";iOS;0;2;2;0;0
India;120246407207210106;1641083631350576;"🇮🇳 IN_97 [FortuneGems]";Android;0;3;3;0;0
India;120246407207210106;1641083631350576;"🇮🇳 IN_99 [FortuneGems]";Android;0;2;2;0;0
India;120246408069820106;1641083631350576;"🇮🇳 IN_98 [FortuneGems]";Android;0;5;3;0;0
India;120246408069830106;1641083631350576;"🇮🇳 IN_96 [FortuneGems]";Android;0;4;3;0;0
India;120246408070340106;1641083631350576;"🇮🇳 IN_96 [FortuneGems]";Android;0;1;1;0;0
India;120246408070340106;1641083631350576;"🇮🇳 IN_97 [FortuneGems]";Android;0;1;1;0;0
India;120246408070340106;1641083631350576;"🇮🇳 IN_99 [FortuneGems]";iOS;0;1;1;0;0
India;120246408070360106;1641083631350576;"🇮🇳 IN_98 [FortuneGems]";Android;0;6;5;0;0
India;120246408070370106;1641083631350576;"🇮🇳 IN_97 [FortuneGems]";Android;0;2;2;0;0
India;120246408070370106;1641083631350576;"🇮🇳 IN_99 [FortuneGems]";Android;0;1;1;0;0
India;120246408070380106;1641083631350576;"🇮🇳 IN_98 [FortuneGems]";Android;0;4;3;0;0
India;120246408070380106;1641083631350576;"🇮🇳 IN_98 [FortuneGems]";iOS;0;1;1;0;0
India;120246408070390106;1641083631350576;"🇮🇳 IN_96 [FortuneGems]";Android;0;1;1;0;0
India;120246408070390106;1641083631350576;"🇮🇳 IN_98 [FortuneGems]";Android;0;2;2;0;0
India;120246408070390106;1641083631350576;"🇮🇳 IN_98 [FortuneGems]";iOS;0;1;1;0;0
India;120246408070400106;1641083631350576;"🇮🇳 IN_96 [FortuneGems]";Android;0;2;2;0;0
India;120246408070400106;1641083631350576;"🇮🇳 IN_99 [FortuneGems]";iOS;0;1;1;0;0
India;120246408070410106;1641083631350576;"🇮🇳 IN_98 [FortuneGems]";Android;0;7;7;0;0
India;120246408070420106;1641083631350576;"🇮🇳 IN_96 [FortuneGems]";Android;0;1;1;0;0
India;120246408070420106;1641083631350576;"🇮🇳 IN_98 [FortuneGems]";Android;0;5;5;0;0
India;120246408070420106;1641083631350576;"🇮🇳 IN_98 [FortuneGems]";iOS;0;1;1;0;0
India;120246408070430106;1641083631350576;"🇮🇳 IN_98 [FortuneGems]";Android;0;2;2;0;0
India;120246408070440106;1641083631350576;"🇮🇳 IN_97 [FortuneGems]";Android;0;5;3;0;0
India;120246408070440106;1641083631350576;"🇮🇳 IN_99 [FortuneGems]";Android;0;5;5;0;0
India;120246408070440106;1641083631350576;"🇮🇳 IN_99 [FortuneGems]";iOS;0;1;1;0;0
India;120246408070450106;1641083631350576;"🇮🇳 IN_97 [FortuneGems]";Android;0;1;0;0;0
India;120246408070460106;1641083631350576;"🇮🇳 IN_96 [FortuneGems]";Android;0;1;1;0;0
India;120246408070460106;1641083631350576;"🇮🇳 IN_98 [FortuneGems]";Android;0;1;1;0;0
India;120246408070480106;1641083631350576;"🇮🇳 IN_98 [FortuneGems]";Android;0;6;5;0;0
India;120246408070480106;1641083631350576;"🇮🇳 IN_98 [FortuneGems]";iOS;0;1;1;0;0
India;120246408070490106;1641083631350576;"🇮🇳 IN_96 [FortuneGems]";Android;0;1;1;0;0
India;120246408070490106;1641083631350576;"🇮🇳 IN_97 [FortuneGems]";Android;0;3;3;0;0
India;120246408070490106;1641083631350576;"🇮🇳 IN_99 [FortuneGems]";Android;0;1;1;0;0
India;120246408070500106;1641083631350576;"🇮🇳 IN_98 [FortuneGems]";Android;0;4;4;0;0
India;120246408070510106;1641083631350576;"🇮🇳 IN_98 [FortuneGems]";Android;0;3;3;0;0
India;120246408070520106;1641083631350576;"🇮🇳 IN_96 [FortuneGems]";Android;0;3;3;0;0
India;120246408070530106;1641083631350576;"🇮🇳 IN_98 [FortuneGems]";Android;0;2;2;0;0
India;120246408070540106;1641083631350576;"🇮🇳 IN_98 [FortuneGems]";Android;0;9;9;0;0
India;120246408070550106;1641083631350576;"🇮🇳 IN_96 [FortuneGems]";Android;0;1;1;0;0
India;120246408070550106;1641083631350576;"🇮🇳 IN_98 [FortuneGems]";Android;0;2;2;0;0
India;120246408070560106;1641083631350576;"🇮🇳 IN_96 [FortuneGems]";Android;0;3;3;0;0
India;120246408070560106;1641083631350576;"🇮🇳 IN_97 [FortuneGems]";Android;0;1;1;0;0
India;120246408070570106;1641083631350576;"🇮🇳 IN_98 [FortuneGems]";Android;0;2;2;0;0
India;120246408070570106;1641083631350576;"🇮🇳 IN_99 [FortuneGems]";Android;0;1;1;0;0
India;120246408070580106;1641083631350576;"🇮🇳 IN_96 [FortuneGems]";Android;0;3;3;0;0
India;120246408070580106;1641083631350576;"🇮🇳 IN_97 [FortuneGems]";Android;0;2;2;0;0
India;120246408070670106;1641083631350576;"🇮🇳 IN_96 [FortuneGems]";Android;0;1;1;0;0
India;120246408070670106;1641083631350576;"🇮🇳 IN_98 [FortuneGems]";Android;0;8;8;0;0
India;120246408070720106;1641083631350576;"🇮🇳 IN_96 [FortuneGems]";Android;0;1;0;0;0
India;120246408070720106;1641083631350576;"🇮🇳 IN_97 [FortuneGems]";Android;0;2;1;0;0
India;120246408070740106;1641083631350576;"🇮🇳 IN_96 [FortuneGems]";Android;0;4;3;0;0
India;120246408070740106;1641083631350576;"🇮🇳 IN_97 [FortuneGems]";Android;0;1;1;0;0
India;120246408070750106;1641083631350576;"🇮🇳 IN_96 [FortuneGems]";Android;0;1;1;0;0
India;120246408070750106;1641083631350576;"🇮🇳 IN_98 [FortuneGems]";Android;0;14;13;0;0
India;120248265746940122;1085410707243238;"🇸🇬 SG_50 [WealthEastMoney]";Android;0;1;1;0;0
India;120248337600480122;1085410707243238;"🇮🇳 IN_92 [FortuneGems]";Android;0;2;2;0;0
India;120248337620640122;1085410707243238;"🇮🇳 IN_92 [FortuneGems]";Android;0;1;1;0;0
India;120248337620650122;1085410707243238;"🇮🇳 IN_93 [FortuneGems]";Android;0;3;2;0;0
India;120248337620670122;1085410707243238;"🇮🇳 IN_93 [FortuneGems]";Android;0;1;1;0;0
India;120248337621020122;1085410707243238;"🇮🇳 IN_92 [FortuneGems]";Android;0;1;1;0;0
India;120248337621050122;1085410707243238;"🇮🇳 IN_92 [FortuneGems]";Android;0;1;1;0;0
India;120248337621070122;1085410707243238;"🇮🇳 IN_92 [FortuneGems]";Android;0;4;3;0;0
India;120248337621110122;1085410707243238;"🇮🇳 IN_92 [FortuneGems]";Android;0;1;1;0;0
India;120253944856420670;2030701011138690;"🇸🇬 SG_51 [WealthEastMoney]";Android;0;1;1;0;0
India;120253948276100670;2030701011138690;"🇮🇳 IN_93 [FortuneGems]";Android;0;1;1;0;0
India;120253948276370670;2030701011138690;"🇮🇳 IN_92 [FortuneGems]";Android;0;1;1;0;0
India;120253948276390670;2030701011138690;"🇮🇳 IN_93 [FortuneGems]";Android;0;2;2;0;0
India;52514020122626;3105195716346838;"🇮🇳 IN_92 [FortuneGems]";Android;0;1;1;0;0
India;52521771671462;967965326099992;"🇸🇬 SG_51 [WealthEastMoney]";Android;0;3;1;0;0
India;6995848436400;4540294639535106;"🇮🇳 IN_93 [FortuneGems]";Android;0;1;1;0;0
India;6995848440400;4540294639535106;"🇮🇳 IN_92 [FortuneGems]";Android;0;1;1;0;0
India;6995848442400;4540294639535106;"🇮🇳 IN_92 [FortuneGems]";Android;0;1;1;0;0
India;6995848442800;4540294639535106;"🇮🇳 IN_92 [FortuneGems]";Android;0;2;2;0;0
India;6995848443000;4540294639535106;"🇮🇳 IN_92 [FortuneGems]";Android;0;3;3;0;0
India;6995848443200;4540294639535106;"🇮🇳 IN_92 [FortuneGems]";Android;0;2;1;0;0
India;{{campaign.id}};1085410707243238;"🇮🇳 IN_93 [FortuneGems]";Android;0;2;0;0;0
India;{{campaign.id}};1641083631350576;"🇮🇳 IN_92 [FortuneGems]";Android;0;3;3;0;0
India;{{campaign.id}};1641083631350576;"🇮🇳 IN_93 [FortuneGems]";Android;0;3;3;0;0
"South Korea";120246168189450106;1641083631350576;"🇸🇬 SG_51 [WealthEastMoney]";Android;0;1;1;0;0
"South Korea";120246544326070106;1641083631350576;🇰🇷_KR_54_[Olympus];Android;0;1;1;0;0
"South Korea";120246544397330106;1641083631350576;🇰🇷_KR_54_[Olympus];Android;0;2;2;0;0
"South Korea";120246544397340106;1641083631350576;🇰🇷_KR_54_[Olympus];iOS;0;2;2;0;0
"South Korea";120246544397550106;1641083631350576;🇰🇷_KR_54_[Olympus];iOS;0;1;1;0;0
"South Korea";120246544397580106;1641083631350576;🇰🇷_KR_54_[Olympus];Android;0;1;1;0;0
"South Korea";120246544397580106;1641083631350576;🇰🇷_KR_54_[Olympus];iOS;0;2;1;0;0
"South Korea";120246544397590106;1641083631350576;🇰🇷_KR_54_[Olympus];iOS;0;1;1;0;0
"South Korea";120246544397610106;1641083631350576;🇰🇷_KR_54_[Olympus];iOS;0;2;2;0;0
"South Korea";120246544397620106;1641083631350576;🇰🇷_KR_54_[Olympus];Android;0;4;4;0;0
"South Korea";120246544397630106;1641083631350576;🇰🇷_KR_54_[Olympus];Android;0;1;1;0;0
"South Korea";120246559809040106;1641083631350576;🇰🇷_KR_54_[Olympus];Android;0;1;1;0;0
"South Korea";120246559809040106;1641083631350576;🇰🇷_KR_54_[Olympus];iOS;0;1;1;0;0
"South Korea";120246559809090106;1641083631350576;🇰🇷_KR_54_[Olympus];Android;0;3;3;0;0
"South Korea";120246559809090106;1641083631350576;🇰🇷_KR_54_[Olympus];iOS;0;3;3;0;0
"South Korea";120246559809110106;1641083631350576;🇰🇷_KR_54_[Olympus];Android;0;1;1;0;0
"South Korea";120246559809150106;1641083631350576;🇰🇷_KR_54_[Olympus];Android;0;3;2;0;0
"South Korea";120246559809160106;1641083631350576;🇰🇷_KR_54_[Olympus];Android;0;2;2;0;0
"South Korea";120246559809180106;1641083631350576;🇰🇷_KR_54_[Olympus];Android;0;1;1;0;0
"South Korea";120246559809180106;1641083631350576;🇰🇷_KR_54_[Olympus];iOS;0;1;1;0;0
"South Korea";120246559809190106;1641083631350576;🇰🇷_KR_54_[Olympus];Android;0;3;3;0;0
"South Korea";120246559809190106;1641083631350576;🇰🇷_KR_54_[Olympus];iOS;0;1;1;0;0
"South Korea";120246559809200106;1641083631350576;🇰🇷_KR_54_[Olympus];Android;0;1;1;0;0
"South Korea";120246559809210106;1641083631350576;🇰🇷_KR_54_[Olympus];Android;0;1;1;0;0
"South Korea";120246559809210106;1641083631350576;🇰🇷_KR_54_[Olympus];iOS;0;1;1;0;0
"South Korea";120246559809220106;1641083631350576;🇰🇷_KR_54_[Olympus];Android;0;1;1;0;0
"South Korea";120246559809230106;1641083631350576;🇰🇷_KR_54_[Olympus];Android;0;1;1;0;0
"South Korea";120246559809240106;1641083631350576;🇰🇷_KR_54_[Olympus];Android;0;1;1;0;0
"South Korea";120246559809260106;1641083631350576;🇰🇷_KR_54_[Olympus];Android;0;4;4;0;0
"South Korea";120246559809260106;1641083631350576;🇰🇷_KR_54_[Olympus];iOS;0;1;1;0;0
"South Korea";120246559809300106;1641083631350576;🇰🇷_KR_54_[Olympus];Android;0;2;2;0;0
"South Korea";120246559809300106;1641083631350576;🇰🇷_KR_54_[Olympus];iOS;0;4;3;0;0
"South Korea";120246559809370106;1641083631350576;🇰🇷_KR_54_[Olympus];Android;0;4;4;0;0
"South Korea";120246559809370106;1641083631350576;🇰🇷_KR_54_[Olympus];iOS;0;1;1;0;0
"South Korea";120246559809430106;1641083631350576;🇰🇷_KR_54_[Olympus];Android;0;2;2;0;0
"South Korea";120246559809430106;1641083631350576;🇰🇷_KR_54_[Olympus];iOS;0;1;1;0;0
"South Korea";120246559809460106;1641083631350576;🇰🇷_KR_54_[Olympus];Android;0;20;19;0;0
"South Korea";120246559809460106;1641083631350576;🇰🇷_KR_54_[Olympus];iOS;0;13;11;0;0
"South Korea";120246572845000106;1641083631350576;🇰🇷_KR_54_[Olympus];iOS;0;1;1;0;0
"South Korea";120246572933090106;1641083631350576;🇰🇷_KR_54_[Olympus];Android;0;1;1;0;0
"South Korea";120246572933100106;1641083631350576;🇰🇷_KR_54_[Olympus];iOS;0;1;1;0;0
"South Korea";120246572933110106;1641083631350576;🇰🇷_KR_54_[Olympus];iOS;0;1;1;0;0
"South Korea";120246572933130106;1641083631350576;🇰🇷_KR_54_[Olympus];iOS;0;1;0;0;0
"South Korea";120246572933140106;1641083631350576;🇰🇷_KR_54_[Olympus];iOS;0;1;1;0;0
"South Korea";120246572933170106;1641083631350576;🇰🇷_KR_54_[Olympus];iOS;0;1;0;0;0
"South Korea";120246572933180106;1641083631350576;🇰🇷_KR_54_[Olympus];iOS;0;2;0;0;0
"South Korea";120246572933190106;1641083631350576;🇰🇷_KR_54_[Olympus];iOS;0;2;2;0;0
"South Korea";120246572933230106;1641083631350576;🇰🇷_KR_54_[Olympus];Android;0;1;1;0;0
"South Korea";120246572933240106;1641083631350576;🇰🇷_KR_54_[Olympus];iOS;0;1;1;0;0
"South Korea";120246572933270106;1641083631350576;🇰🇷_KR_54_[Olympus];Android;0;1;1;0;0
"South Korea";120246572933280106;1641083631350576;🇰🇷_KR_54_[Olympus];iOS;0;1;0;0;0
"South Korea";120246572933390106;1641083631350576;🇰🇷_KR_54_[Olympus];Android;0;3;3;0;0
"South Korea";120246572933390106;1641083631350576;🇰🇷_KR_54_[Olympus];iOS;0;1;1;0;0
"South Korea";120246572933410106;1641083631350576;🇰🇷_KR_54_[Olympus];Android;0;2;2;0;0
"South Korea";120246572933440106;1641083631350576;🇰🇷_KR_54_[Olympus];Android;0;1;1;0;0
"South Korea";120246572933460106;1641083631350576;🇰🇷_KR_54_[Olympus];Android;0;2;2;0;0
"South Korea";120246572933470106;1641083631350576;🇰🇷_KR_54_[Olympus];Android;0;3;3;0;0
"South Korea";120246572933470106;1641083631350576;🇰🇷_KR_54_[Olympus];iOS;0;2;2;0;0
"South Korea";120246586199600106;1641083631350576;🇰🇷_KR_54_[Olympus];iOS;0;1;1;0;0
"South Korea";120246588486040106;1641083631350576;🇰🇷_KR_54_[Olympus];Android;0;2;2;0;0
"South Korea";120246588486080106;1641083631350576;🇰🇷_KR_54_[Olympus];Android;0;1;1;0;0
"South Korea";120246588486110106;1641083631350576;🇰🇷_KR_54_[Olympus];Android;0;1;1;0;0
"South Korea";120246588486120106;1641083631350576;🇰🇷_KR_54_[Olympus];Android;0;1;1;0;0
"South Korea";120246588486130106;1641083631350576;🇰🇷_KR_54_[Olympus];iOS;0;1;1;0;0
"South Korea";120246588486140106;1641083631350576;🇰🇷_KR_54_[Olympus];Android;0;2;2;0;0
"South Korea";120248627969470786;1548268670068192;🇰🇷_KR_54_[Olympus];Android;0;2;2;0;0
"South Korea";120248628208570786;1548268670068192;🇰🇷_KR_54_[Olympus];Android;0;3;3;0;0
"South Korea";120248628208570786;1548268670068192;🇰🇷_KR_54_[Olympus];iOS;0;3;1;0;0
"South Korea";120248628208620786;1548268670068192;🇰🇷_KR_54_[Olympus];Android;0;1;1;0;0
"South Korea";120248628208620786;1548268670068192;🇰🇷_KR_54_[Olympus];iOS;0;1;1;0;0
"South Korea";120248628208630786;1548268670068192;🇰🇷_KR_54_[Olympus];Android;0;1;1;0;0
"South Korea";120248628208630786;1548268670068192;🇰🇷_KR_54_[Olympus];iOS;0;1;1;0;0
"South Korea";120248628208640786;1548268670068192;🇰🇷_KR_54_[Olympus];Android;0;1;1;0;0
"South Korea";120248628208650786;1548268670068192;🇰🇷_KR_54_[Olympus];Android;0;3;3;0;0
"South Korea";120248654847800786;1548268670068192;🇰🇷_KR_54_[Olympus];iOS;0;1;1;0;0
"South Korea";120248839736320122;1085410707243238;🇰🇷_KR_54_[Olympus];iOS;0;1;1;0;0
"South Korea";120248839745700122;1085410707243238;🇰🇷_KR_54_[Olympus];Android;0;2;2;0;0
"South Korea";120248839745770122;1085410707243238;🇰🇷_KR_54_[Olympus];Android;0;1;1;0;0
"South Korea";120248839745770122;1085410707243238;🇰🇷_KR_54_[Olympus];iOS;0;2;2;0;0
"South Korea";120248862153320122;1085410707243238;🇰🇷_KR_54_[Olympus];iOS;0;1;1;0;0
"South Korea";120248862153320122;1085410707243238;🇰🇷_KR_55_[Olympus];iOS;0;1;1;0;0
"South Korea";120249290724210783;1002716982684382;🇰🇷_KR_54_[Olympus];Android;0;1;1;0;0
"South Korea";120249290724220783;1002716982684382;🇰🇷_KR_54_[Olympus];Android;0;1;1;0;0
"South Korea";120249290724240783;1002716982684382;🇰🇷_KR_54_[Olympus];Android;0;1;1;0;0
"South Korea";120249290724240783;1002716982684382;🇰🇷_KR_54_[Olympus];iOS;0;1;1;0;0
"South Korea";120249290724260783;1002716982684382;🇰🇷_KR_54_[Olympus];Android;0;3;1;0;0
"South Korea";120249290724300783;1002716982684382;🇰🇷_KR_54_[Olympus];iOS;0;2;2;0;0
"South Korea";120250188946230551;2482129615638921;🇰🇷_KR_54_[Olympus];Android;0;3;3;0;0
"South Korea";120250188946230551;2482129615638921;🇰🇷_KR_54_[Olympus];iOS;0;3;3;0;0
"South Korea";120250188948540551;2482129615638921;🇰🇷_KR_54_[Olympus];Android;0;2;2;0;0
"South Korea";120250188948540551;2482129615638921;🇰🇷_KR_54_[Olympus];iOS;0;1;1;0;0
"South Korea";120250188948550551;2482129615638921;🇰🇷_KR_54_[Olympus];Android;0;1;1;0;0
"South Korea";120254406021740670;2030701011138690;🇰🇷_KR_54_[Olympus];iOS;0;1;1;0;0
"South Korea";120254406032530670;2030701011138690;🇰🇷_KR_54_[Olympus];Android;0;2;2;0;0
"South Korea";120254406032530670;2030701011138690;🇰🇷_KR_54_[Olympus];iOS;0;1;1;0;0
"South Korea";120254406032580670;2030701011138690;🇰🇷_KR_54_[Olympus];Android;0;12;12;0;0
"South Korea";120254406032580670;2030701011138690;🇰🇷_KR_54_[Olympus];iOS;0;2;1;0;0
"South Korea";120254406032600670;2030701011138690;🇰🇷_KR_54_[Olympus];Android;0;3;2;0;0
"South Korea";120254406032600670;2030701011138690;🇰🇷_KR_54_[Olympus];iOS;0;10;8;0;0
"South Korea";120254426441780670;2030701011138690;🇰🇷_KR_54_[Olympus];iOS;0;1;1;0;0
"South Korea";120254426447950670;2030701011138690;🇰🇷_KR_54_[Olympus];Android;0;1;1;0;0
"South Korea";120254426447950670;2030701011138690;🇰🇷_KR_54_[Olympus];iOS;0;1;1;0;0
"South Korea";120254426447960670;2030701011138690;🇰🇷_KR_54_[Olympus];Android;0;1;1;0;0
"South Korea";120254426447970670;2030701011138690;🇰🇷_KR_54_[Olympus];Android;0;1;1;0;0
"South Korea";120254426448070670;2030701011138690;🇰🇷_KR_54_[Olympus];Android;0;2;2;0;0
"South Korea";120254426448070670;2030701011138690;🇰🇷_KR_54_[Olympus];iOS;0;2;2;0;0
"South Korea";120254426448180670;2030701011138690;🇰🇷_KR_54_[Olympus];Android;0;1;1;0;0
"South Korea";120254426448180670;2030701011138690;🇰🇷_KR_54_[Olympus];iOS;0;2;1;0;0
"South Korea";120254426448190670;2030701011138690;🇰🇷_KR_54_[Olympus];Android;0;3;3;0;0
"South Korea";120254426448190670;2030701011138690;🇰🇷_KR_54_[Olympus];iOS;0;1;1;0;0
"South Korea";52528785482262;967965326099992;🇰🇷_KR_54_[Olympus];iOS;0;1;1;0;0
"South Korea";52528785528462;967965326099992;🇰🇷_KR_54_[Olympus];Android;0;2;1;0;0
"South Korea";52572504308393;2158879451635825;🇰🇷_KR_54_[Olympus];Android;0;1;1;0;0
"South Korea";52572504308393;2158879451635825;🇰🇷_KR_54_[Olympus];iOS;0;1;0;0;0
"South Korea";52572505006793;2158879451635825;🇰🇷_KR_54_[Olympus];Android;0;1;1;0;0
"South Korea";{{campaign.id}};1085410707243238;🇰🇷_KR_54_[Olympus];iOS;0;1;1;0;0
"South Korea";{{campaign.id}};2030701011138690;🇰🇷_KR_54_[Olympus];Android;0;1;1;0;0
Singapore;120246168175420106;1641083631350576;"🇸🇬 SG_50 [WealthEastMoney]";Android;0;6;5;0;0
Singapore;120246168175420106;1641083631350576;"🇸🇬 SG_50 [WealthEastMoney]";iOS;0;2;2;0;0
Singapore;120246168175420106;1641083631350576;"🇸🇬 SG_51 [WealthEastMoney]";Android;0;1;1;0;0
Singapore;120246168175420106;1641083631350576;"🇸🇬 SG_51 [WealthEastMoney]";iOS;0;2;2;0;0
Singapore;120246168189450106;1641083631350576;"🇸🇬 SG_50 [WealthEastMoney]";Android;0;5;3;0;0
Singapore;120246168189450106;1641083631350576;"🇸🇬 SG_50 [WealthEastMoney]";iOS;0;1;1;0;0
Singapore;120246168189450106;1641083631350576;"🇸🇬 SG_51 [WealthEastMoney]";Android;0;23;22;0;0
Singapore;120246168189450106;1641083631350576;"🇸🇬 SG_51 [WealthEastMoney]";iOS;0;9;8;0;0
Singapore;120246168193080106;1641083631350576;"🇸🇬 SG_50 [WealthEastMoney]";Android;0;7;7;0;0
Singapore;120246168193080106;1641083631350576;"🇸🇬 SG_50 [WealthEastMoney]";iOS;0;2;2;0;0
Singapore;120246168193080106;1641083631350576;"🇸🇬 SG_51 [WealthEastMoney]";Android;0;2;2;0;0
Singapore;120246168193090106;1641083631350576;"🇸🇬 SG_50 [WealthEastMoney]";Android;0;4;4;0;0
Singapore;120246168193090106;1641083631350576;"🇸🇬 SG_51 [WealthEastMoney]";Android;0;12;10;0;0
Singapore;120246168193090106;1641083631350576;"🇸🇬 SG_51 [WealthEastMoney]";iOS;0;8;8;0;0
Singapore;120246168193100106;1641083631350576;"🇸🇬 SG_50 [WealthEastMoney]";Android;0;20;17;0;0
Singapore;120246168193100106;1641083631350576;"🇸🇬 SG_50 [WealthEastMoney]";iOS;0;11;11;0;0
Singapore;120246168193100106;1641083631350576;"🇸🇬 SG_51 [WealthEastMoney]";Android;0;3;3;0;0
Singapore;120246168193100106;1641083631350576;"🇸🇬 SG_51 [WealthEastMoney]";iOS;0;1;1;0;0
Singapore;120246168193110106;1641083631350576;"🇸🇬 SG_50 [WealthEastMoney]";Android;0;22;15;0;0
Singapore;120246168193110106;1641083631350576;"🇸🇬 SG_50 [WealthEastMoney]";iOS;0;8;7;0;0
Singapore;120246168193110106;1641083631350576;"🇸🇬 SG_51 [WealthEastMoney]";Android;0;52;47;0;0
Singapore;120246168193110106;1641083631350576;"🇸🇬 SG_51 [WealthEastMoney]";iOS;0;12;12;0;0
Singapore;120246168193150106;1641083631350576;"🇸🇬 SG_50 [WealthEastMoney]";Android;0;9;9;0;0
Singapore;120246168193150106;1641083631350576;"🇸🇬 SG_50 [WealthEastMoney]";iOS;0;5;5;0;0
Singapore;120246168193150106;1641083631350576;"🇸🇬 SG_51 [WealthEastMoney]";Android;0;7;7;0;0
Singapore;120246168193150106;1641083631350576;"🇸🇬 SG_51 [WealthEastMoney]";iOS;0;1;0;0;0
Singapore;120246205272140106;1641083631350576;"🇸🇬 SG_51 [WealthEastMoney]";iOS;0;2;2;0;0
Singapore;120246205340850106;1641083631350576;"🇸🇬 SG_51 [WealthEastMoney]";iOS;0;1;1;0;0
Singapore;120246205341580106;1641083631350576;"🇸🇬 SG_51 [WealthEastMoney]";iOS;0;1;1;0;0
Singapore;120246205341590106;1641083631350576;"🇸🇬 SG_50 [WealthEastMoney]";Android;0;2;2;0;0
Singapore;120246205341590106;1641083631350576;"🇸🇬 SG_50 [WealthEastMoney]";iOS;0;1;1;0;0
Singapore;120246205341600106;1641083631350576;"🇸🇬 SG_50 [WealthEastMoney]";iOS;0;1;1;0;0
Singapore;120246205341610106;1641083631350576;"🇸🇬 SG_50 [WealthEastMoney]";Android;0;4;3;0;0
Singapore;120246205341620106;1641083631350576;"🇸🇬 SG_50 [WealthEastMoney]";iOS;0;1;1;0;0
Singapore;120246205341630106;1641083631350576;"🇸🇬 SG_50 [WealthEastMoney]";Android;0;1;1;0;0
Singapore;120246205341630106;1641083631350576;"🇸🇬 SG_50 [WealthEastMoney]";iOS;0;3;2;0;0
Singapore;120246205341640106;1641083631350576;"🇸🇬 SG_50 [WealthEastMoney]";Android;0;2;2;0;0
Singapore;120246205341650106;1641083631350576;"🇸🇬 SG_51 [WealthEastMoney]";Android;0;1;1;0;0
Singapore;120246205341780106;1641083631350576;"🇸🇬 SG_50 [WealthEastMoney]";iOS;0;1;1;0;0
Singapore;120246205341980106;1641083631350576;"🇸🇬 SG_50 [WealthEastMoney]";Android;0;1;1;0;0
Singapore;120246205342240106;1641083631350576;"🇸🇬 SG_51 [WealthEastMoney]";Android;0;1;1;0;0
Singapore;120246205342250106;1641083631350576;"🇸🇬 SG_51 [WealthEastMoney]";Android;0;2;2;0;0
Singapore;120246205342260106;1641083631350576;"🇸🇬 SG_50 [WealthEastMoney]";Android;0;1;1;0;0
Singapore;120246205342260106;1641083631350576;"🇸🇬 SG_50 [WealthEastMoney]";iOS;0;4;2;0;0
Singapore;120246205342310106;1641083631350576;"🇸🇬 SG_51 [WealthEastMoney]";Android;0;2;2;0;0
Singapore;120246205342320106;1641083631350576;"🇸🇬 SG_51 [WealthEastMoney]";iOS;0;1;1;0;0
Singapore;120246205342330106;1641083631350576;"🇸🇬 SG_50 [WealthEastMoney]";iOS;0;1;1;0;0
Singapore;120246205342400106;1641083631350576;"🇸🇬 SG_50 [WealthEastMoney]";Android;0;2;2;0;0
Singapore;120246205342400106;1641083631350576;"🇸🇬 SG_50 [WealthEastMoney]";iOS;0;3;3;0;0
Singapore;120246205370070106;1641083631350576;"🇸🇬 SG_51 [WealthEastMoney]";Android;0;1;0;0;0
Singapore;120246205370070106;1641083631350576;"🇸🇬 SG_51 [WealthEastMoney]";iOS;0;1;1;0;0
Singapore;120246205370090106;1641083631350576;"🇸🇬 SG_50 [WealthEastMoney]";Android;0;2;2;0;0
Singapore;120246205370100106;1641083631350576;"🇸🇬 SG_51 [WealthEastMoney]";Android;0;1;1;0;0
Singapore;120246205370120106;1641083631350576;"🇸🇬 SG_51 [WealthEastMoney]";Android;0;1;1;0;0
Singapore;120246205370130106;1641083631350576;"🇸🇬 SG_51 [WealthEastMoney]";Android;0;3;3;0;0
Singapore;120246205370580106;1641083631350576;"🇸🇬 SG_51 [WealthEastMoney]";Android;0;1;1;0;0
Singapore;120246205370600106;1641083631350576;"🇸🇬 SG_50 [WealthEastMoney]";Android;0;2;2;0;0
Singapore;120246205370770106;1641083631350576;"🇸🇬 SG_51 [WealthEastMoney]";Android;0;2;2;0;0
Singapore;120246205370860106;1641083631350576;"🇸🇬 SG_51 [WealthEastMoney]";Android;0;1;1;0;0
Singapore;120246318699820106;1641083631350576;🇸🇬_SG_66_[WealthEastMoney];iOS;0;1;1;0;0
Singapore;120246318700270106;1641083631350576;🇸🇬_SG_63_[WealthEastMoney];Android;0;1;1;0;0
Singapore;120247941112430786;1548268670068192;"🇸🇬 SG_50 [WealthEastMoney]";Android;0;5;5;0;0
Singapore;120247941112430786;1548268670068192;"🇸🇬 SG_51 [WealthEastMoney]";Android;0;16;14;0;0
Singapore;120247941112430786;1548268670068192;"🇸🇬 SG_51 [WealthEastMoney]";iOS;0;2;2;0;0
Singapore;120247941131600786;1548268670068192;"🇸🇬 SG_50 [WealthEastMoney]";Android;0;7;6;0;0
Singapore;120247941131600786;1548268670068192;"🇸🇬 SG_50 [WealthEastMoney]";iOS;0;1;1;0;0
Singapore;120247941131600786;1548268670068192;"🇸🇬 SG_51 [WealthEastMoney]";Android;0;8;8;0;0
Singapore;120247941134730786;1548268670068192;"🇸🇬 SG_50 [WealthEastMoney]";Android;0;5;5;0;0
Singapore;120247941134730786;1548268670068192;"🇸🇬 SG_50 [WealthEastMoney]";iOS;0;3;3;0;0
Singapore;120247941134730786;1548268670068192;"🇸🇬 SG_51 [WealthEastMoney]";Android;0;7;7;0;0
Singapore;120247941134730786;1548268670068192;"🇸🇬 SG_51 [WealthEastMoney]";iOS;0;3;3;0;0
Singapore;120247941134840786;1548268670068192;"🇸🇬 SG_50 [WealthEastMoney]";Android;0;7;6;0;0
Singapore;120247941134840786;1548268670068192;"🇸🇬 SG_50 [WealthEastMoney]";iOS;0;3;3;0;0
Singapore;120247941134840786;1548268670068192;"🇸🇬 SG_51 [WealthEastMoney]";iOS;0;1;1;0;0
Singapore;120247941134860786;1548268670068192;"🇸🇬 SG_50 [WealthEastMoney]";Android;0;3;3;0;0
Singapore;120247941134860786;1548268670068192;"🇸🇬 SG_51 [WealthEastMoney]";Android;0;13;13;0;0
Singapore;120247941134860786;1548268670068192;"🇸🇬 SG_51 [WealthEastMoney]";iOS;0;3;3;0;0
Singapore;120247941134880786;1548268670068192;"🇸🇬 SG_50 [WealthEastMoney]";Android;0;4;4;0;0
Singapore;120247941134880786;1548268670068192;"🇸🇬 SG_51 [WealthEastMoney]";Android;0;1;1;0;0
Singapore;120247941134920786;1548268670068192;"🇸🇬 SG_50 [WealthEastMoney]";Android;0;1;1;0;0
Singapore;120247941134920786;1548268670068192;"🇸🇬 SG_51 [WealthEastMoney]";Android;0;22;19;0;0
Singapore;120247941134920786;1548268670068192;"🇸🇬 SG_51 [WealthEastMoney]";iOS;0;1;1;0;0
Singapore;120248017688430786;1548268670068192;"🇸🇬 SG_50 [WealthEastMoney]";Android;0;1;1;0;0
Singapore;120248017688480786;1548268670068192;"🇸🇬 SG_51 [WealthEastMoney]";Android;0;1;1;0;0
Singapore;120248017688590786;1548268670068192;"🇸🇬 SG_51 [WealthEastMoney]";iOS;0;2;2;0;0
Singapore;120248017688650786;1548268670068192;"🇸🇬 SG_50 [WealthEastMoney]";Android;0;1;1;0;0
Singapore;120248017723040786;1548268670068192;"🇸🇬 SG_50 [WealthEastMoney]";Android;0;1;1;0;0
Singapore;120248017723040786;1548268670068192;"🇸🇬 SG_51 [WealthEastMoney]";Android;0;1;1;0;0
Singapore;120248017734670786;1548268670068192;"🇸🇬 SG_51 [WealthEastMoney]";Android;0;4;4;0;0
Singapore;120248017734670786;1548268670068192;"🇸🇬 SG_51 [WealthEastMoney]";iOS;0;2;2;0;0
Singapore;120248017734680786;1548268670068192;"🇸🇬 SG_51 [WealthEastMoney]";Android;0;2;2;0;0
Singapore;120248017734690786;1548268670068192;"🇸🇬 SG_50 [WealthEastMoney]";Android;0;1;1;0;0
Singapore;120248017734690786;1548268670068192;"🇸🇬 SG_51 [WealthEastMoney]";iOS;0;1;1;0;0
Singapore;120248017734720786;1548268670068192;"🇸🇬 SG_50 [WealthEastMoney]";Android;0;3;3;0;0
Singapore;120248017734730786;1548268670068192;"🇸🇬 SG_51 [WealthEastMoney]";Android;0;1;1;0;0
Singapore;120248017734750786;1548268670068192;"🇸🇬 SG_51 [WealthEastMoney]";Android;0;1;1;0;0
Singapore;120248017734760786;1548268670068192;"🇸🇬 SG_51 [WealthEastMoney]";Android;0;1;1;0;0
Singapore;120248017734970786;1548268670068192;"🇸🇬 SG_51 [WealthEastMoney]";Android;0;1;1;0;0
Singapore;120248017734980786;1548268670068192;"🇸🇬 SG_51 [WealthEastMoney]";Android;0;1;1;0;0
Singapore;120248017734990786;1548268670068192;"🇸🇬 SG_50 [WealthEastMoney]";Android;0;1;1;0;0
Singapore;120248017734990786;1548268670068192;"🇸🇬 SG_50 [WealthEastMoney]";iOS;0;1;1;0;0
Singapore;120248017735080786;1548268670068192;"🇸🇬 SG_50 [WealthEastMoney]";Android;0;1;1;0;0
Singapore;120248017735080786;1548268670068192;"🇸🇬 SG_51 [WealthEastMoney]";iOS;0;1;1;0;0
Singapore;120248265652840122;1085410707243238;"🇸🇬 SG_50 [WealthEastMoney]";Android;0;1;1;0;0
Singapore;120248265652840122;1085410707243238;"🇸🇬 SG_51 [WealthEastMoney]";Android;0;2;2;0;0
Singapore;120248265652840122;1085410707243238;"🇸🇬 SG_51 [WealthEastMoney]";iOS;0;1;1;0;0
Singapore;120248265729730122;1085410707243238;"🇸🇬 SG_50 [WealthEastMoney]";iOS;0;1;1;0;0
Singapore;120248265729730122;1085410707243238;"🇸🇬 SG_51 [WealthEastMoney]";Android;0;1;1;0;0
Singapore;120248265746820122;1085410707243238;"🇸🇬 SG_51 [WealthEastMoney]";Android;0;1;1;0;0
Singapore;120248265746820122;1085410707243238;"🇸🇬 SG_51 [WealthEastMoney]";iOS;0;1;1;0;0
Singapore;120248265746830122;1085410707243238;"🇸🇬 SG_50 [WealthEastMoney]";Android;0;1;1;0;0
Singapore;120248265746830122;1085410707243238;"🇸🇬 SG_51 [WealthEastMoney]";Android;0;1;1;0;0
Singapore;120248265746940122;1085410707243238;"🇸🇬 SG_50 [WealthEastMoney]";Android;0;2;2;0;0
Singapore;120248265746940122;1085410707243238;"🇸🇬 SG_50 [WealthEastMoney]";iOS;0;1;1;0;0
Singapore;120248265746940122;1085410707243238;"🇸🇬 SG_51 [WealthEastMoney]";Android;0;1;1;0;0
Singapore;120248265747010122;1085410707243238;"🇸🇬 SG_50 [WealthEastMoney]";Android;0;4;4;0;0
Singapore;120248265747010122;1085410707243238;"🇸🇬 SG_51 [WealthEastMoney]";Android;0;1;1;0;0
Singapore;120248265747020122;1085410707243238;"🇸🇬 SG_50 [WealthEastMoney]";Android;0;4;4;0;0
Singapore;120248265747020122;1085410707243238;"🇸🇬 SG_51 [WealthEastMoney]";Android;0;2;2;0;0
Singapore;120248265747020122;1085410707243238;"🇸🇬 SG_51 [WealthEastMoney]";iOS;0;1;1;0;0
Singapore;120248274434140786;1548268670068192;🇸🇬_SG_62_[WealthEastMoney];Android;0;1;1;0;0
Singapore;120248274457720786;1548268670068192;🇸🇬_SG_65_[WealthEastMoney];Android;0;1;1;0;0
Singapore;120248510456780122;1085410707243238;🇸🇬_SG_68_[WealthEastSlot];iOS;0;4;2;0;0
Singapore;120248544326880122;1085410707243238;🇸🇬_SG_63_[WealthEastMoney];Android;0;2;2;0;0
Singapore;120248544326880122;1085410707243238;🇸🇬_SG_66_[WealthEastMoney];Android;0;1;1;0;0
Singapore;120248544326880122;1085410707243238;🇸🇬_SG_66_[WealthEastMoney];iOS;0;1;1;0;0
Singapore;120248544505270122;1085410707243238;🇸🇬_SG_62_[WealthEastMoney];Android;0;1;1;0;0
Singapore;120248544505270122;1085410707243238;🇸🇬_SG_62_[WealthEastMoney];iOS;0;1;1;0;0
Singapore;120248544505270122;1085410707243238;🇸🇬_SG_63_[WealthEastMoney];Android;0;2;1;0;0
Singapore;120248544505290122;1085410707243238;🇸🇬_SG_62_[WealthEastMoney];Android;0;2;2;0;0
Singapore;120248544505290122;1085410707243238;🇸🇬_SG_62_[WealthEastMoney];iOS;0;2;2;0;0
Singapore;120248544505300122;1085410707243238;🇸🇬_SG_66_[WealthEastMoney];Android;0;4;4;0;0
Singapore;120248544505300122;1085410707243238;🇸🇬_SG_66_[WealthEastMoney];iOS;0;1;1;0;0
Singapore;120248544505310122;1085410707243238;🇸🇬_SG_62_[WealthEastMoney];Android;0;2;2;0;0
Singapore;120248544505310122;1085410707243238;🇸🇬_SG_64_[WealthEastMoney];Android;0;4;3;0;0
Singapore;120248544505310122;1085410707243238;🇸🇬_SG_64_[WealthEastMoney];iOS;0;1;1;0;0
Singapore;120248544505320122;1085410707243238;🇸🇬_SG_62_[WealthEastMoney];Android;0;1;1;0;0
Singapore;120248544505510122;1085410707243238;🇸🇬_SG_64_[WealthEastMoney];Android;0;2;2;0;0
Singapore;120248544505510122;1085410707243238;🇸🇬_SG_65_[WealthEastMoney];iOS;0;1;1;0;0
Singapore;120248544505520122;1085410707243238;🇸🇬_SG_63_[WealthEastMoney];Android;0;4;4;0;0
Singapore;120248544505520122;1085410707243238;🇸🇬_SG_63_[WealthEastMoney];iOS;0;2;2;0;0
Singapore;120248544505520122;1085410707243238;🇸🇬_SG_66_[WealthEastMoney];Android;0;1;1;0;0
Singapore;120248544505690122;1085410707243238;🇸🇬_SG_64_[WealthEastMoney];iOS;0;1;1;0;0
Singapore;120248544505690122;1085410707243238;🇸🇬_SG_65_[WealthEastMoney];Android;0;1;1;0;0
Singapore;120249032575200783;1002716982684382;🇸🇬_SG_63_[WealthEastMoney];Android;0;1;1;0;0
Singapore;120249032575220783;1002716982684382;🇸🇬_SG_65_[WealthEastMoney];Android;0;1;1;0;0
Singapore;120249062562680783;1002716982684382;🇸🇬_SG_63_[WealthEastMoney];Android;0;4;4;0;0
Singapore;120249062562680783;1002716982684382;🇸🇬_SG_63_[WealthEastMoney];iOS;0;1;1;0;0
Singapore;120249062562680783;1002716982684382;🇸🇬_SG_66_[WealthEastMoney];iOS;0;1;1;0;0
Singapore;120249062632160783;1002716982684382;🇸🇬_SG_63_[WealthEastMoney];Android;0;3;1;0;0
Singapore;120249062632160783;1002716982684382;🇸🇬_SG_63_[WealthEastMoney];iOS;0;1;1;0;0
Singapore;120249062632160783;1002716982684382;🇸🇬_SG_65_[WealthEastMoney];Android;0;1;1;0;0
Singapore;120249062636220783;1002716982684382;🇸🇬_SG_62_[WealthEastMoney];Android;0;2;2;0;0
Singapore;120249062636220783;1002716982684382;🇸🇬_SG_62_[WealthEastMoney];iOS;0;1;1;0;0
Singapore;120249062636220783;1002716982684382;🇸🇬_SG_64_[WealthEastMoney];Android;0;2;2;0;0
Singapore;120249062636220783;1002716982684382;🇸🇬_SG_64_[WealthEastMoney];iOS;0;2;0;0;0
Singapore;120249062636230783;1002716982684382;🇸🇬_SG_64_[WealthEastMoney];iOS;0;2;2;0;0
Singapore;120249062636240783;1002716982684382;🇸🇬_SG_63_[WealthEastMoney];Android;0;1;1;0;0
Singapore;120249062636240783;1002716982684382;🇸🇬_SG_63_[WealthEastMoney];iOS;0;5;2;0;0
Singapore;120249062636250783;1002716982684382;🇸🇬_SG_62_[WealthEastMoney];Android;0;2;2;0;0
Singapore;120249062636250783;1002716982684382;🇸🇬_SG_62_[WealthEastMoney];iOS;0;2;2;0;0
Singapore;120249062636250783;1002716982684382;🇸🇬_SG_64_[WealthEastMoney];iOS;0;2;2;0;0
Singapore;120249062636530783;1002716982684382;🇸🇬_SG_64_[WealthEastMoney];Android;0;1;1;0;0
Singapore;120249062636540783;1002716982684382;🇸🇬_SG_62_[WealthEastMoney];Android;0;1;1;0;0
Singapore;120249062636540783;1002716982684382;🇸🇬_SG_64_[WealthEastMoney];Android;0;1;1;0;0
Singapore;120249062636550783;1002716982684382;🇸🇬_SG_64_[WealthEastMoney];Android;0;1;1;0;0
Singapore;120249062636550783;1002716982684382;🇸🇬_SG_64_[WealthEastMoney];iOS;0;1;1;0;0
Singapore;120249062636650783;1002716982684382;🇸🇬_SG_64_[WealthEastMoney];Android;0;1;1;0;0
Singapore;120249062636650783;1002716982684382;🇸🇬_SG_64_[WealthEastMoney];iOS;0;1;1;0;0
Singapore;120249100359240783;1002716982684382;🇸🇬_SG_64_[WealthEastMoney];Android;0;2;2;0;0
Singapore;120249100392000783;1002716982684382;🇸🇬_SG_62_[WealthEastMoney];Android;0;3;3;0;0
Singapore;120249100392760783;1002716982684382;🇸🇬_SG_66_[WealthEastMoney];iOS;0;2;1;0;0
Singapore;120249100392780783;1002716982684382;🇸🇬_SG_64_[WealthEastMoney];Android;0;1;1;0;0
Singapore;120249100392820783;1002716982684382;🇸🇬_SG_63_[WealthEastMoney];iOS;0;1;1;0;0
Singapore;120249100392860783;1002716982684382;🇸🇬_SG_63_[WealthEastMoney];iOS;0;3;1;0;0
Singapore;120249100392870783;1002716982684382;🇸🇬_SG_62_[WealthEastMoney];iOS;0;1;1;0;0
Singapore;120249100392870783;1002716982684382;🇸🇬_SG_64_[WealthEastMoney];Android;0;1;1;0;0
Singapore;120249100392870783;1002716982684382;🇸🇬_SG_64_[WealthEastMoney];iOS;0;1;1;0;0
Singapore;120249100392890783;1002716982684382;🇸🇬_SG_66_[WealthEastMoney];Android;0;1;1;0;0
Singapore;120249100392910783;1002716982684382;🇸🇬_SG_63_[WealthEastMoney];Android;0;1;1;0;0
Singapore;120249100392910783;1002716982684382;🇸🇬_SG_65_[WealthEastMoney];Android;0;2;2;0;0
Singapore;120249100392920783;1002716982684382;🇸🇬_SG_63_[WealthEastMoney];Android;0;2;2;0;0
Singapore;120249100392940783;1002716982684382;🇸🇬_SG_65_[WealthEastMoney];Android;0;2;2;0;0
Singapore;120249100392940783;1002716982684382;🇸🇬_SG_65_[WealthEastMoney];iOS;0;1;1;0;0
Singapore;120249100392960783;1002716982684382;🇸🇬_SG_64_[WealthEastMoney];iOS;0;1;1;0;0
Singapore;120249100392960783;1002716982684382;🇸🇬_SG_66_[WealthEastMoney];Android;0;1;1;0;0
Singapore;120249100392960783;1002716982684382;🇸🇬_SG_66_[WealthEastMoney];iOS;0;1;1;0;0
Singapore;120249100614720783;1002716982684382;🇸🇬_SG_63_[WealthEastMoney];Android;0;3;2;0;0
Singapore;120249100614720783;1002716982684382;🇸🇬_SG_65_[WealthEastMoney];Android;0;1;1;0;0
Singapore;120249100624820783;1002716982684382;🇸🇬_SG_65_[WealthEastMoney];iOS;0;2;2;0;0
Singapore;120249100624840783;1002716982684382;🇸🇬_SG_62_[WealthEastMoney];Android;0;2;2;0;0
Singapore;120249100624840783;1002716982684382;🇸🇬_SG_62_[WealthEastMoney];iOS;0;1;1;0;0
Singapore;120249100624860783;1002716982684382;🇸🇬_SG_63_[WealthEastMoney];iOS;0;1;1;0;0
Singapore;120249100625070783;1002716982684382;🇸🇬_SG_63_[WealthEastMoney];Android;0;1;1;0;0
Singapore;120249100625150783;1002716982684382;🇸🇬_SG_65_[WealthEastMoney];iOS;0;2;2;0;0
Singapore;120249100625180783;1002716982684382;🇸🇬_SG_65_[WealthEastMoney];Android;0;1;0;0;0
Singapore;120249100625180783;1002716982684382;🇸🇬_SG_65_[WealthEastMoney];iOS;0;1;1;0;0
Singapore;120249100625190783;1002716982684382;🇸🇬_SG_64_[WealthEastMoney];Android;0;3;2;0;0
Singapore;120249100625210783;1002716982684382;🇸🇬_SG_65_[WealthEastMoney];Android;0;2;2;0;0
Singapore;120249100625220783;1002716982684382;🇸🇬_SG_63_[WealthEastMoney];Android;0;1;1;0;0
Singapore;120249100625220783;1002716982684382;🇸🇬_SG_63_[WealthEastMoney];iOS;0;2;1;0;0
Singapore;120251072782030702;2196857937748455;🇸🇬_SG_67_[WealthEastSlot];Android;0;1;1;0;0
Singapore;120251072787570702;2196857937748455;🇸🇬_SG_62_[WealthEastMoney];Android;0;2;2;0;0
Singapore;120251072787680702;2196857937748455;🇸🇬_SG_62_[WealthEastMoney];iOS;0;1;1;0;0
Singapore;120251074436970414;3039536919569691;🇸🇬_SG_68_[WealthEastSlot];iOS;0;1;1;0;0
Singapore;120251098641790702;2196857937748455;🇸🇬_SG_62_[WealthEastMoney];Android;0;1;1;0;0
Singapore;120251098641790702;2196857937748455;🇸🇬_SG_62_[WealthEastMoney];iOS;0;2;2;0;0
Singapore;120251099098640702;2196857937748455;🇸🇬_SG_65_[WealthEastMoney];Android;0;2;2;0;0
Singapore;120251099098640702;2196857937748455;🇸🇬_SG_65_[WealthEastMoney];iOS;0;1;1;0;0
Singapore;120251099098660702;2196857937748455;🇸🇬_SG_64_[WealthEastMoney];Android;0;3;3;0;0
Singapore;120251099098670702;2196857937748455;🇸🇬_SG_65_[WealthEastMoney];Android;0;3;3;0;0
Singapore;120251099098680702;2196857937748455;🇸🇬_SG_64_[WealthEastMoney];Android;0;3;1;0;0
Singapore;120251099098690702;2196857937748455;🇸🇬_SG_65_[WealthEastMoney];Android;0;2;2;0;0
Singapore;120251099098690702;2196857937748455;🇸🇬_SG_66_[WealthEastMoney];Android;0;2;2;0;0
Singapore;120251099098700702;2196857937748455;🇸🇬_SG_62_[WealthEastMoney];Android;0;1;1;0;0
Singapore;120251099098700702;2196857937748455;🇸🇬_SG_62_[WealthEastMoney];iOS;0;2;2;0;0
Singapore;120251099098700702;2196857937748455;🇸🇬_SG_65_[WealthEastMoney];Android;0;1;1;0;0
Singapore;120251099098790702;2196857937748455;🇸🇬_SG_65_[WealthEastMoney];Android;0;2;2;0;0
Singapore;120252762670960230;4006504742992585;"🇸🇬 SG_51 [WealthEastMoney]";Android;0;3;3;0;0
Singapore;120252763041780230;4006504742992585;"🇸🇬 SG_50 [WealthEastMoney]";Android;0;1;1;0;0
Singapore;120252763041780230;4006504742992585;"🇸🇬 SG_50 [WealthEastMoney]";iOS;0;1;1;0;0
Singapore;120252763074830230;4006504742992585;"🇸🇬 SG_50 [WealthEastMoney]";Android;0;1;1;0;0
Singapore;120252763074840230;4006504742992585;"🇸🇬 SG_50 [WealthEastMoney]";Android;0;1;1;0;0
Singapore;120252763075150230;4006504742992585;"🇸🇬 SG_50 [WealthEastMoney]";Android;0;1;1;0;0
Singapore;120252763075150230;4006504742992585;"🇸🇬 SG_50 [WealthEastMoney]";iOS;0;1;1;0;0
Singapore;120252763075160230;4006504742992585;"🇸🇬 SG_50 [WealthEastMoney]";Android;0;2;2;0;0
Singapore;120252763075160230;4006504742992585;"🇸🇬 SG_50 [WealthEastMoney]";iOS;0;1;1;0;0
Singapore;120252763075160230;4006504742992585;"🇸🇬 SG_51 [WealthEastMoney]";iOS;0;3;2;0;0
Singapore;120252763075170230;4006504742992585;"🇸🇬 SG_51 [WealthEastMoney]";Android;0;5;4;0;0
Singapore;120253888678120670;2030701011138690;"🇸🇬 SG_50 [WealthEastMoney]";Android;0;6;6;0;0
Singapore;120253888678120670;2030701011138690;"🇸🇬 SG_50 [WealthEastMoney]";iOS;0;3;2;0;0
Singapore;120253888678120670;2030701011138690;"🇸🇬 SG_51 [WealthEastMoney]";Android;0;2;2;0;0
Singapore;120253888699290670;2030701011138690;"🇸🇬 SG_50 [WealthEastMoney]";Android;0;3;3;0;0
Singapore;120253888699290670;2030701011138690;"🇸🇬 SG_51 [WealthEastMoney]";Android;0;16;15;0;0
Singapore;120253888699290670;2030701011138690;"🇸🇬 SG_51 [WealthEastMoney]";iOS;0;6;6;0;0
Singapore;120253888703090670;2030701011138690;"🇸🇬 SG_50 [WealthEastMoney]";Android;0;7;5;0;0
Singapore;120253888703090670;2030701011138690;"🇸🇬 SG_50 [WealthEastMoney]";iOS;0;1;1;0;0
Singapore;120253888703090670;2030701011138690;"🇸🇬 SG_51 [WealthEastMoney]";Android;0;1;1;0;0
Singapore;120253888703200670;2030701011138690;"🇸🇬 SG_50 [WealthEastMoney]";iOS;0;1;0;0;0
Singapore;120253888703260670;2030701011138690;"🇸🇬 SG_50 [WealthEastMoney]";Android;0;6;5;0;0
Singapore;120253888703260670;2030701011138690;"🇸🇬 SG_50 [WealthEastMoney]";iOS;0;1;1;0;0
Singapore;120253888703260670;2030701011138690;"🇸🇬 SG_51 [WealthEastMoney]";Android;0;10;9;0;0
Singapore;120253944806640670;2030701011138690;"🇸🇬 SG_51 [WealthEastMoney]";Android;0;1;1;0;0
Singapore;120253944806640670;2030701011138690;"🇸🇬 SG_51 [WealthEastMoney]";iOS;0;1;1;0;0
Singapore;120253944815600670;2030701011138690;"🇸🇬 SG_51 [WealthEastMoney]";Android;0;2;2;0;0
Singapore;120253944815610670;2030701011138690;"🇸🇬 SG_50 [WealthEastMoney]";iOS;0;1;1;0;0
Singapore;120253944815620670;2030701011138690;"🇸🇬 SG_50 [WealthEastMoney]";iOS;0;2;1;0;0
Singapore;120253944815620670;2030701011138690;"🇸🇬 SG_51 [WealthEastMoney]";Android;0;1;1;0;0
Singapore;120253944815630670;2030701011138690;"🇸🇬 SG_50 [WealthEastMoney]";Android;0;1;1;0;0
Singapore;120253944815630670;2030701011138690;"🇸🇬 SG_50 [WealthEastMoney]";iOS;0;1;1;0;0
Singapore;120253944815630670;2030701011138690;"🇸🇬 SG_51 [WealthEastMoney]";Android;0;6;4;0;0
Singapore;120253944815640670;2030701011138690;"🇸🇬 SG_51 [WealthEastMoney]";Android;0;1;1;0;0
Singapore;120253944815640670;2030701011138690;"🇸🇬 SG_51 [WealthEastMoney]";iOS;0;1;1;0;0
Singapore;120253944815720670;2030701011138690;"🇸🇬 SG_51 [WealthEastMoney]";Android;0;2;2;0;0
Singapore;120253944815740670;2030701011138690;"🇸🇬 SG_50 [WealthEastMoney]";Android;0;1;1;0;0
Singapore;120253944815740670;2030701011138690;"🇸🇬 SG_51 [WealthEastMoney]";Android;0;3;3;0;0
Singapore;120253944815750670;2030701011138690;"🇸🇬 SG_50 [WealthEastMoney]";Android;0;1;1;0;0
Singapore;120253944815750670;2030701011138690;"🇸🇬 SG_51 [WealthEastMoney]";Android;0;2;2;0;0
Singapore;120253944815760670;2030701011138690;"🇸🇬 SG_51 [WealthEastMoney]";iOS;0;3;3;0;0
Singapore;120253944815770670;2030701011138690;"🇸🇬 SG_51 [WealthEastMoney]";Android;0;1;1;0;0
Singapore;120253944815780670;2030701011138690;"🇸🇬 SG_51 [WealthEastMoney]";Android;0;2;2;0;0
Singapore;120253944815790670;2030701011138690;"🇸🇬 SG_51 [WealthEastMoney]";Android;0;1;1;0;0
Singapore;120253944815800670;2030701011138690;"🇸🇬 SG_50 [WealthEastMoney]";iOS;0;1;1;0;0
Singapore;120253944815810670;2030701011138690;"🇸🇬 SG_51 [WealthEastMoney]";Android;0;1;1;0;0
Singapore;120253944815820670;2030701011138690;"🇸🇬 SG_50 [WealthEastMoney]";Android;0;1;1;0;0
Singapore;120253944815840670;2030701011138690;"🇸🇬 SG_50 [WealthEastMoney]";iOS;0;1;1;0;0
Singapore;120253944815840670;2030701011138690;"🇸🇬 SG_51 [WealthEastMoney]";Android;0;1;1;0;0
Singapore;120253944815850670;2030701011138690;"🇸🇬 SG_50 [WealthEastMoney]";Android;0;1;1;0;0
Singapore;120253944815850670;2030701011138690;"🇸🇬 SG_51 [WealthEastMoney]";Android;0;1;1;0;0
Singapore;120253944815850670;2030701011138690;"🇸🇬 SG_51 [WealthEastMoney]";iOS;0;1;1;0;0
Singapore;120253944815870670;2030701011138690;"🇸🇬 SG_51 [WealthEastMoney]";Android;0;1;1;0;0
Singapore;120253944815900670;2030701011138690;"🇸🇬 SG_51 [WealthEastMoney]";Android;0;1;1;0;0
Singapore;120253944815950670;2030701011138690;"🇸🇬 SG_50 [WealthEastMoney]";Android;0;2;2;0;0
Singapore;120253944815950670;2030701011138690;"🇸🇬 SG_51 [WealthEastMoney]";Android;0;1;1;0;0
Singapore;120253944815950670;2030701011138690;"🇸🇬 SG_51 [WealthEastMoney]";iOS;0;2;2;0;0
Singapore;120253944815990670;2030701011138690;"🇸🇬 SG_50 [WealthEastMoney]";Android;0;2;2;0;0
Singapore;120253944815990670;2030701011138690;"🇸🇬 SG_51 [WealthEastMoney]";Android;0;2;2;0;0
Singapore;120253944815990670;2030701011138690;"🇸🇬 SG_51 [WealthEastMoney]";iOS;0;1;1;0;0
Singapore;120253944838380670;2030701011138690;"🇸🇬 SG_50 [WealthEastMoney]";Android;0;2;2;0;0
Singapore;120253944838380670;2030701011138690;"🇸🇬 SG_50 [WealthEastMoney]";iOS;0;1;1;0;0
Singapore;120253944855860670;2030701011138690;"🇸🇬 SG_51 [WealthEastMoney]";iOS;0;1;1;0;0
Singapore;120253944856330670;2030701011138690;"🇸🇬 SG_50 [WealthEastMoney]";iOS;0;1;1;0;0
Singapore;120253944856350670;2030701011138690;"🇸🇬 SG_51 [WealthEastMoney]";iOS;0;1;1;0;0
Singapore;120253944856390670;2030701011138690;"🇸🇬 SG_50 [WealthEastMoney]";Android;0;3;3;0;0
Singapore;120253944856390670;2030701011138690;"🇸🇬 SG_51 [WealthEastMoney]";Android;0;1;1;0;0
Singapore;120253944856410670;2030701011138690;"🇸🇬 SG_50 [WealthEastMoney]";Android;0;1;1;0;0
Singapore;120253944856420670;2030701011138690;"🇸🇬 SG_50 [WealthEastMoney]";Android;0;1;1;0;0
Singapore;120253944856450670;2030701011138690;"🇸🇬 SG_50 [WealthEastMoney]";Android;0;1;1;0;0
Singapore;120253944856450670;2030701011138690;"🇸🇬 SG_51 [WealthEastMoney]";iOS;0;3;2;0;0
Singapore;120253944856460670;2030701011138690;"🇸🇬 SG_50 [WealthEastMoney]";Android;0;2;2;0;0
Singapore;120253944856460670;2030701011138690;"🇸🇬 SG_51 [WealthEastMoney]";Android;0;3;2;0;0
Singapore;120253944856460670;2030701011138690;"🇸🇬 SG_51 [WealthEastMoney]";iOS;0;2;2;0;0
Singapore;120253944856490670;2030701011138690;"🇸🇬 SG_50 [WealthEastMoney]";iOS;0;1;1;0;0
Singapore;120253944856500670;2030701011138690;"🇸🇬 SG_50 [WealthEastMoney]";Android;0;1;1;0;0
Singapore;120253944856500670;2030701011138690;"🇸🇬 SG_51 [WealthEastMoney]";Android;0;1;1;0;0
Singapore;120253944856510670;2030701011138690;"🇸🇬 SG_51 [WealthEastMoney]";Android;0;1;1;0;0
Singapore;120253944856520670;2030701011138690;"🇸🇬 SG_50 [WealthEastMoney]";Android;0;2;2;0;0
Singapore;120253944856530670;2030701011138690;"🇸🇬 SG_50 [WealthEastMoney]";Android;0;3;2;0;0
Singapore;120253944856530670;2030701011138690;"🇸🇬 SG_51 [WealthEastMoney]";iOS;0;2;2;0;0
Singapore;120253944856580670;2030701011138690;"🇸🇬 SG_50 [WealthEastMoney]";Android;0;1;1;0;0
Singapore;120253944856670670;2030701011138690;"🇸🇬 SG_51 [WealthEastMoney]";Android;0;3;3;0;0
Singapore;120253944856680670;2030701011138690;"🇸🇬 SG_51 [WealthEastMoney]";Android;0;1;1;0;0
Singapore;120253944856680670;2030701011138690;"🇸🇬 SG_51 [WealthEastMoney]";iOS;0;1;1;0;0
Singapore;120253944856710670;2030701011138690;"🇸🇬 SG_51 [WealthEastMoney]";iOS;0;1;1;0;0
Singapore;120253944856760670;2030701011138690;"🇸🇬 SG_50 [WealthEastMoney]";Android;0;2;1;0;0
Singapore;120253944856760670;2030701011138690;"🇸🇬 SG_50 [WealthEastMoney]";iOS;0;2;0;0;0
Singapore;120253944856760670;2030701011138690;"🇸🇬 SG_51 [WealthEastMoney]";Android;0;1;1;0;0
Singapore;120253944856760670;2030701011138690;"🇸🇬 SG_51 [WealthEastMoney]";iOS;0;1;1;0;0
Singapore;120253944856770670;2030701011138690;"🇸🇬 SG_50 [WealthEastMoney]";Android;0;3;2;0;0
Singapore;120253944856770670;2030701011138690;"🇸🇬 SG_51 [WealthEastMoney]";Android;0;6;3;0;0
Singapore;120253987293200670;2030701011138690;"🇸🇬 SG_50 [WealthEastMoney]";Android;0;6;6;0;0
Singapore;120253987366990670;2030701011138690;"🇸🇬 SG_50 [WealthEastMoney]";Android;0;3;3;0;0
Singapore;120253987366990670;2030701011138690;"🇸🇬 SG_50 [WealthEastMoney]";iOS;0;1;1;0;0
Singapore;120253987439550670;2030701011138690;"🇸🇬 SG_50 [WealthEastMoney]";Android;0;2;2;0;0
Singapore;120253987439550670;2030701011138690;"🇸🇬 SG_50 [WealthEastMoney]";iOS;0;3;2;0;0
Singapore;120253987440030670;2030701011138690;"🇸🇬 SG_50 [WealthEastMoney]";Android;0;1;1;0;0
Singapore;120253987440030670;2030701011138690;"🇸🇬 SG_51 [WealthEastMoney]";Android;0;1;1;0;0
Singapore;120253987440040670;2030701011138690;"🇸🇬 SG_50 [WealthEastMoney]";Android;0;1;1;0;0
Singapore;120253987440050670;2030701011138690;"🇸🇬 SG_51 [WealthEastMoney]";Android;0;2;2;0;0
Singapore;120253987440050670;2030701011138690;"🇸🇬 SG_51 [WealthEastMoney]";iOS;0;1;1;0;0
Singapore;120253987440070670;2030701011138690;"🇸🇬 SG_50 [WealthEastMoney]";Android;0;2;2;0;0
Singapore;120253987440090670;2030701011138690;"🇸🇬 SG_50 [WealthEastMoney]";Android;0;2;1;0;0
Singapore;120253987440090670;2030701011138690;"🇸🇬 SG_50 [WealthEastMoney]";iOS;0;1;1;0;0
Singapore;120253987440090670;2030701011138690;"🇸🇬 SG_51 [WealthEastMoney]";Android;0;1;1;0;0
Singapore;120253987440120670;2030701011138690;"🇸🇬 SG_50 [WealthEastMoney]";Android;0;3;3;0;0
Singapore;120253987440120670;2030701011138690;"🇸🇬 SG_50 [WealthEastMoney]";iOS;0;1;1;0;0
Singapore;120253987440130670;2030701011138690;"🇸🇬 SG_50 [WealthEastMoney]";Android;0;1;1;0;0
Singapore;120253987440130670;2030701011138690;"🇸🇬 SG_51 [WealthEastMoney]";iOS;0;1;1;0;0
Singapore;120253987440140670;2030701011138690;"🇸🇬 SG_50 [WealthEastMoney]";Android;0;5;5;0;0
Singapore;120253987440160670;2030701011138690;"🇸🇬 SG_50 [WealthEastMoney]";Android;0;3;3;0;0
Singapore;120253987440160670;2030701011138690;"🇸🇬 SG_50 [WealthEastMoney]";iOS;0;1;1;0;0
Singapore;120253987440170670;2030701011138690;"🇸🇬 SG_50 [WealthEastMoney]";Android;0;6;5;0;0
Singapore;120253987440170670;2030701011138690;"🇸🇬 SG_50 [WealthEastMoney]";iOS;0;1;1;0;0
Singapore;120253987440180670;2030701011138690;"🇸🇬 SG_50 [WealthEastMoney]";Android;0;3;3;0;0
Singapore;120253987440180670;2030701011138690;"🇸🇬 SG_50 [WealthEastMoney]";iOS;0;1;1;0;0
Singapore;120253987440190670;2030701011138690;"🇸🇬 SG_50 [WealthEastMoney]";Android;0;2;2;0;0
Singapore;120253987440190670;2030701011138690;"🇸🇬 SG_50 [WealthEastMoney]";iOS;0;1;1;0;0
Singapore;120253987440200670;2030701011138690;"🇸🇬 SG_50 [WealthEastMoney]";Android;0;1;1;0;0
Singapore;120253987440200670;2030701011138690;"🇸🇬 SG_50 [WealthEastMoney]";iOS;0;1;1;0;0
Singapore;120253987440210670;2030701011138690;"🇸🇬 SG_51 [WealthEastMoney]";Android;0;1;1;0;0
Singapore;120253987440220670;2030701011138690;"🇸🇬 SG_51 [WealthEastMoney]";Android;0;1;1;0;0
Singapore;120253987440230670;2030701011138690;"🇸🇬 SG_50 [WealthEastMoney]";Android;0;2;1;0;0
Singapore;120253987440230670;2030701011138690;"🇸🇬 SG_51 [WealthEastMoney]";Android;0;1;1;0;0
Singapore;120253987440240670;2030701011138690;"🇸🇬 SG_50 [WealthEastMoney]";Android;0;2;2;0;0
Singapore;120253987440240670;2030701011138690;"🇸🇬 SG_50 [WealthEastMoney]";iOS;0;1;1;0;0
Singapore;120253987440260670;2030701011138690;"🇸🇬 SG_50 [WealthEastMoney]";Android;0;1;1;0;0
Singapore;120253987440260670;2030701011138690;"🇸🇬 SG_51 [WealthEastMoney]";Android;0;1;1;0;0
Singapore;120253987440260670;2030701011138690;"🇸🇬 SG_51 [WealthEastMoney]";iOS;0;2;1;0;0
Singapore;120253987440390670;2030701011138690;"🇸🇬 SG_50 [WealthEastMoney]";Android;0;3;3;0;0
Singapore;120253987440390670;2030701011138690;"🇸🇬 SG_50 [WealthEastMoney]";iOS;0;1;1;0;0
Singapore;120253987504610670;2030701011138690;"🇸🇬 SG_38 [WealthEastMoney]";Android;0;3;3;0;0
Singapore;120253987504610670;2030701011138690;"🇸🇬 SG_51 [WealthEastMoney]";Android;0;1;1;0;0
Singapore;120253987736710670;2030701011138690;"🇸🇬 SG_51 [WealthEastMoney]";Android;0;2;2;0;0
Singapore;120253987736710670;2030701011138690;"🇸🇬 SG_51 [WealthEastMoney]";iOS;0;1;1;0;0
Singapore;120253987739370670;2030701011138690;"🇸🇬 SG_38 [WealthEastMoney]";Android;0;1;1;0;0
Singapore;120253987739370670;2030701011138690;"🇸🇬 SG_38 [WealthEastMoney]";iOS;0;1;1;0;0
Singapore;120253987739370670;2030701011138690;"🇸🇬 SG_51 [WealthEastMoney]";Android;0;2;2;0;0
Singapore;120253987740730670;2030701011138690;"🇸🇬 SG_38 [WealthEastMoney]";Android;0;1;1;0;0
Singapore;120253987740730670;2030701011138690;"🇸🇬 SG_38 [WealthEastMoney]";iOS;0;1;1;0;0
Singapore;120253987740730670;2030701011138690;"🇸🇬 SG_51 [WealthEastMoney]";Android;0;1;1;0;0
Singapore;120253987752900670;2030701011138690;"🇸🇬 SG_38 [WealthEastMoney]";Android;0;1;1;0;0
Singapore;120253987752930670;2030701011138690;"🇸🇬 SG_51 [WealthEastMoney]";Android;0;2;2;0;0
Singapore;120253987752940670;2030701011138690;"🇸🇬 SG_51 [WealthEastMoney]";iOS;0;1;1;0;0
Singapore;120254084572030670;2030701011138690;🇸🇬_SG_64_[WealthEastMoney];Android;0;1;1;0;0
Singapore;120254084576210670;2030701011138690;🇸🇬_SG_68_[WealthEastSlot];Android;0;1;1;0;0
Singapore;52513227349226;3105195716346838;"🇸🇬 SG_51 [WealthEastMoney]";Android;0;2;2;0;0
Singapore;52513229233826;3105195716346838;"🇸🇬 SG_50 [WealthEastMoney]";Android;0;2;2;0;0
Singapore;52513229233826;3105195716346838;"🇸🇬 SG_50 [WealthEastMoney]";iOS;0;2;2;0;0
Singapore;52513229233826;3105195716346838;"🇸🇬 SG_51 [WealthEastMoney]";Android;0;7;7;0;0
Singapore;52513229233826;3105195716346838;"🇸🇬 SG_51 [WealthEastMoney]";iOS;0;2;2;0;0
Singapore;52513229359026;3105195716346838;"🇸🇬 SG_50 [WealthEastMoney]";Android;0;4;4;0;0
Singapore;52513229359026;3105195716346838;"🇸🇬 SG_50 [WealthEastMoney]";iOS;0;5;3;0;0
Singapore;52513229359026;3105195716346838;"🇸🇬 SG_51 [WealthEastMoney]";Android;0;1;1;0;0
Singapore;52513229359226;3105195716346838;"🇸🇬 SG_50 [WealthEastMoney]";Android;0;2;2;0;0
Singapore;52513229359226;3105195716346838;"🇸🇬 SG_51 [WealthEastMoney]";Android;0;5;5;0;0
Singapore;52513229359226;3105195716346838;"🇸🇬 SG_51 [WealthEastMoney]";iOS;0;3;3;0;0
Singapore;52513229366826;3105195716346838;"🇸🇬 SG_51 [WealthEastMoney]";Android;0;9;9;0;0
Singapore;52513229366826;3105195716346838;"🇸🇬 SG_51 [WealthEastMoney]";iOS;0;1;1;0;0
Singapore;52513229367026;3105195716346838;"🇸🇬 SG_50 [WealthEastMoney]";Android;0;1;1;0;0
Singapore;52513229367226;3105195716346838;"🇸🇬 SG_50 [WealthEastMoney]";Android;0;1;1;0;0
Singapore;52513229367426;3105195716346838;"🇸🇬 SG_50 [WealthEastMoney]";Android;0;1;1;0;0
Singapore;52513229367426;3105195716346838;"🇸🇬 SG_51 [WealthEastMoney]";Android;0;5;5;0;0
Singapore;52513229367426;3105195716346838;"🇸🇬 SG_51 [WealthEastMoney]";iOS;0;6;6;0;0
Singapore;52513229367626;3105195716346838;"🇸🇬 SG_50 [WealthEastMoney]";Android;0;3;2;0;0
Singapore;52513229367626;3105195716346838;"🇸🇬 SG_50 [WealthEastMoney]";iOS;0;2;2;0;0
Singapore;52513229367626;3105195716346838;"🇸🇬 SG_51 [WealthEastMoney]";Android;0;3;3;0;0
Singapore;52513229368026;3105195716346838;"🇸🇬 SG_50 [WealthEastMoney]";Android;0;1;1;0;0
Singapore;52513229368026;3105195716346838;"🇸🇬 SG_50 [WealthEastMoney]";iOS;0;6;4;0;0
Singapore;52513229368026;3105195716346838;"🇸🇬 SG_51 [WealthEastMoney]";Android;0;1;1;0;0
Singapore;52513229368226;3105195716346838;"🇸🇬 SG_50 [WealthEastMoney]";Android;0;5;5;0;0
Singapore;52513229368226;3105195716346838;"🇸🇬 SG_50 [WealthEastMoney]";iOS;0;1;1;0;0
Singapore;52513229368226;3105195716346838;"🇸🇬 SG_51 [WealthEastMoney]";Android;0;2;2;0;0
Singapore;52513229368426;3105195716346838;"🇸🇬 SG_50 [WealthEastMoney]";Android;0;1;1;0;0
Singapore;52513229368426;3105195716346838;"🇸🇬 SG_51 [WealthEastMoney]";Android;0;5;5;0;0
Singapore;52513229368426;3105195716346838;"🇸🇬 SG_51 [WealthEastMoney]";iOS;0;4;4;0;0
Singapore;52513229368626;3105195716346838;"🇸🇬 SG_50 [WealthEastMoney]";Android;0;9;9;0;0
Singapore;52513229368626;3105195716346838;"🇸🇬 SG_50 [WealthEastMoney]";iOS;0;1;1;0;0
Singapore;52513229368626;3105195716346838;"🇸🇬 SG_51 [WealthEastMoney]";Android;0;13;12;0;0
Singapore;52513229368626;3105195716346838;"🇸🇬 SG_51 [WealthEastMoney]";iOS;0;5;5;0;0
Singapore;52513229368826;3105195716346838;"🇸🇬 SG_50 [WealthEastMoney]";Android;0;4;4;0;0
Singapore;52513229368826;3105195716346838;"🇸🇬 SG_50 [WealthEastMoney]";iOS;0;2;2;0;0
Singapore;52513229368826;3105195716346838;"🇸🇬 SG_51 [WealthEastMoney]";Android;0;3;3;0;0
Singapore;52513229368826;3105195716346838;"🇸🇬 SG_51 [WealthEastMoney]";iOS;0;1;1;0;0
Singapore;52513229369026;3105195716346838;"🇸🇬 SG_51 [WealthEastMoney]";Android;0;4;4;0;0
Singapore;52513229369026;3105195716346838;"🇸🇬 SG_51 [WealthEastMoney]";iOS;0;4;3;0;0
Singapore;52513229369226;3105195716346838;"🇸🇬 SG_50 [WealthEastMoney]";Android;0;6;6;0;0
Singapore;52513229369226;3105195716346838;"🇸🇬 SG_51 [WealthEastMoney]";Android;0;7;7;0;0
Singapore;52513229369226;3105195716346838;"🇸🇬 SG_51 [WealthEastMoney]";iOS;0;2;2;0;0
Singapore;52513229369426;3105195716346838;"🇸🇬 SG_51 [WealthEastMoney]";Android;0;4;4;0;0
Singapore;52513229369426;3105195716346838;"🇸🇬 SG_51 [WealthEastMoney]";iOS;0;1;1;0;0
Singapore;52513229369626;3105195716346838;"🇸🇬 SG_50 [WealthEastMoney]";Android;0;4;4;0;0
Singapore;52513229369626;3105195716346838;"🇸🇬 SG_50 [WealthEastMoney]";iOS;0;1;1;0;0
Singapore;52513229369626;3105195716346838;"🇸🇬 SG_51 [WealthEastMoney]";Android;0;8;8;0;0
Singapore;52513229369626;3105195716346838;"🇸🇬 SG_51 [WealthEastMoney]";iOS;0;5;5;0;0
Singapore;52513229369826;3105195716346838;"🇸🇬 SG_50 [WealthEastMoney]";Android;0;5;5;0;0
Singapore;52513229370226;3105195716346838;"🇸🇬 SG_50 [WealthEastMoney]";Android;0;4;4;0;0
Singapore;52513229370226;3105195716346838;"🇸🇬 SG_50 [WealthEastMoney]";iOS;0;1;1;0;0
Singapore;52513229370226;3105195716346838;"🇸🇬 SG_51 [WealthEastMoney]";Android;0;4;2;0;0
Singapore;52513229370426;3105195716346838;"🇸🇬 SG_50 [WealthEastMoney]";Android;0;5;5;0;0
Singapore;52513229370426;3105195716346838;"🇸🇬 SG_50 [WealthEastMoney]";iOS;0;5;5;0;0
Singapore;52513229370426;3105195716346838;"🇸🇬 SG_51 [WealthEastMoney]";Android;0;1;1;0;0
Singapore;52513229372426;3105195716346838;"🇸🇬 SG_51 [WealthEastMoney]";Android;0;1;1;0;0
Singapore;52513229375626;3105195716346838;"🇸🇬 SG_50 [WealthEastMoney]";iOS;0;1;1;0;0
Singapore;52513229375626;3105195716346838;"🇸🇬 SG_51 [WealthEastMoney]";Android;0;3;3;0;0
Singapore;52513942122826;3105195716346838;"🇸🇬 SG_50 [WealthEastMoney]";Android;0;1;1;0;0
Singapore;52513942122826;3105195716346838;"🇸🇬 SG_50 [WealthEastMoney]";iOS;0;1;1;0;0
Singapore;52513942715426;3105195716346838;"🇸🇬 SG_50 [WealthEastMoney]";Android;0;1;1;0;0
Singapore;52513942715426;3105195716346838;"🇸🇬 SG_51 [WealthEastMoney]";iOS;0;1;1;0;0
Singapore;52513942715626;3105195716346838;"🇸🇬 SG_51 [WealthEastMoney]";Android;0;1;1;0;0
Singapore;52513942715826;3105195716346838;"🇸🇬 SG_50 [WealthEastMoney]";Android;0;3;2;0;0
Singapore;52513942715826;3105195716346838;"🇸🇬 SG_50 [WealthEastMoney]";iOS;0;3;3;0;0
Singapore;52513942715826;3105195716346838;"🇸🇬 SG_51 [WealthEastMoney]";Android;0;2;2;0;0
Singapore;52513942715826;3105195716346838;"🇸🇬 SG_51 [WealthEastMoney]";iOS;0;2;2;0;0
Singapore;52513942716026;3105195716346838;"🇸🇬 SG_50 [WealthEastMoney]";iOS;0;1;1;0;0
Singapore;52513942716026;3105195716346838;"🇸🇬 SG_51 [WealthEastMoney]";Android;0;1;1;0;0
Singapore;52513942725226;3105195716346838;"🇸🇬 SG_50 [WealthEastMoney]";Android;0;5;5;0;0
Singapore;52513942725226;3105195716346838;"🇸🇬 SG_50 [WealthEastMoney]";iOS;0;3;3;0;0
Singapore;52513942725626;3105195716346838;"🇸🇬 SG_50 [WealthEastMoney]";Android;0;4;4;0;0
Singapore;52513942725626;3105195716346838;"🇸🇬 SG_50 [WealthEastMoney]";iOS;0;1;1;0;0
Singapore;52513942725626;3105195716346838;"🇸🇬 SG_51 [WealthEastMoney]";Android;0;1;1;0;0
Singapore;52513942726026;3105195716346838;"🇸🇬 SG_51 [WealthEastMoney]";iOS;0;2;2;0;0
Singapore;52513942726226;3105195716346838;"🇸🇬 SG_51 [WealthEastMoney]";Android;0;1;1;0;0
Singapore;52513942726226;3105195716346838;"🇸🇬 SG_51 [WealthEastMoney]";iOS;0;1;1;0;0
Singapore;52513942726426;3105195716346838;"🇸🇬 SG_50 [WealthEastMoney]";Android;0;3;3;0;0
Singapore;52513942726426;3105195716346838;"🇸🇬 SG_50 [WealthEastMoney]";iOS;0;2;2;0;0
Singapore;52513942726626;3105195716346838;"🇸🇬 SG_50 [WealthEastMoney]";Android;0;4;4;0;0
Singapore;52513942726626;3105195716346838;"🇸🇬 SG_50 [WealthEastMoney]";iOS;0;2;1;0;0
Singapore;52513942727026;3105195716346838;"🇸🇬 SG_51 [WealthEastMoney]";Android;0;4;3;0;0
Singapore;52513942727026;3105195716346838;"🇸🇬 SG_51 [WealthEastMoney]";iOS;0;2;2;0;0
Singapore;52513942727426;3105195716346838;"🇸🇬 SG_50 [WealthEastMoney]";Android;0;3;3;0;0
Singapore;52513942727426;3105195716346838;"🇸🇬 SG_50 [WealthEastMoney]";iOS;0;1;1;0;0
Singapore;52513942727626;3105195716346838;"🇸🇬 SG_50 [WealthEastMoney]";Android;0;1;1;0;0
Singapore;52513942727626;3105195716346838;"🇸🇬 SG_50 [WealthEastMoney]";iOS;0;1;1;0;0
Singapore;52513942727826;3105195716346838;"🇸🇬 SG_50 [WealthEastMoney]";Android;0;5;5;0;0
Singapore;52513942728026;3105195716346838;"🇸🇬 SG_50 [WealthEastMoney]";Android;0;2;2;0;0
Singapore;52513942728226;3105195716346838;"🇸🇬 SG_51 [WealthEastMoney]";Android;0;3;3;0;0
Singapore;52513942728426;3105195716346838;"🇸🇬 SG_50 [WealthEastMoney]";Android;0;4;4;0;0
Singapore;52513942728426;3105195716346838;"🇸🇬 SG_50 [WealthEastMoney]";iOS;0;1;1;0;0
Singapore;52513942728626;3105195716346838;"🇸🇬 SG_50 [WealthEastMoney]";Android;0;1;1;0;0
Singapore;52513942728626;3105195716346838;"🇸🇬 SG_51 [WealthEastMoney]";Android;0;2;2;0;0
Singapore;52513942728626;3105195716346838;"🇸🇬 SG_51 [WealthEastMoney]";iOS;0;1;1;0;0
Singapore;52513942728826;3105195716346838;"🇸🇬 SG_50 [WealthEastMoney]";Android;0;1;1;0;0
Singapore;52513942729026;3105195716346838;"🇸🇬 SG_50 [WealthEastMoney]";iOS;0;1;1;0;0
Singapore;52513942729026;3105195716346838;"🇸🇬 SG_51 [WealthEastMoney]";Android;0;3;3;0;0
Singapore;52513942729226;3105195716346838;"🇸🇬 SG_51 [WealthEastMoney]";Android;0;2;2;0;0
Singapore;52513942731626;3105195716346838;"🇸🇬 SG_51 [WealthEastMoney]";Android;0;1;0;0;0
Singapore;52513942731626;3105195716346838;"🇸🇬 SG_51 [WealthEastMoney]";iOS;0;1;1;0;0
Singapore;52513943104826;3105195716346838;"🇸🇬 SG_51 [WealthEastMoney]";Android;0;3;3;0;0
Singapore;52513943389226;3105195716346838;"🇸🇬 SG_51 [WealthEastMoney]";Android;0;2;2;0;0
Singapore;52513943390226;3105195716346838;"🇸🇬 SG_50 [WealthEastMoney]";Android;0;1;1;0;0
Singapore;52513943390626;3105195716346838;"🇸🇬 SG_50 [WealthEastMoney]";Android;0;1;1;0;0
Singapore;52513943391226;3105195716346838;"🇸🇬 SG_50 [WealthEastMoney]";Android;0;2;2;0;0
Singapore;52513943391426;3105195716346838;"🇸🇬 SG_50 [WealthEastMoney]";iOS;0;1;1;0;0
Singapore;52513943391626;3105195716346838;"🇸🇬 SG_51 [WealthEastMoney]";Android;0;2;2;0;0
Singapore;52513943391826;3105195716346838;"🇸🇬 SG_51 [WealthEastMoney]";iOS;0;1;1;0;0
Singapore;52513943392026;3105195716346838;"🇸🇬 SG_51 [WealthEastMoney]";Android;0;3;3;0;0
Singapore;52513943392026;3105195716346838;"🇸🇬 SG_51 [WealthEastMoney]";iOS;0;1;1;0;0
Singapore;52513943392226;3105195716346838;"🇸🇬 SG_50 [WealthEastMoney]";Android;0;1;1;0;0
Singapore;52513943401426;3105195716346838;"🇸🇬 SG_50 [WealthEastMoney]";Android;0;3;3;0;0
Singapore;52513943403226;3105195716346838;"🇸🇬 SG_50 [WealthEastMoney]";iOS;0;1;1;0;0
Singapore;52513943403826;3105195716346838;"🇸🇬 SG_51 [WealthEastMoney]";iOS;0;1;1;0;0
Singapore;52513943404426;3105195716346838;"🇸🇬 SG_50 [WealthEastMoney]";iOS;0;1;1;0;0
Singapore;52513943404626;3105195716346838;"🇸🇬 SG_51 [WealthEastMoney]";Android;0;2;2;0;0
Singapore;52513943404826;3105195716346838;"🇸🇬 SG_50 [WealthEastMoney]";Android;0;1;1;0;0
Singapore;52513943405026;3105195716346838;"🇸🇬 SG_51 [WealthEastMoney]";Android;0;1;1;0;0
Singapore;52513943405226;3105195716346838;"🇸🇬 SG_51 [WealthEastMoney]";Android;0;1;1;0;0
Singapore;52513943405226;3105195716346838;"🇸🇬 SG_51 [WealthEastMoney]";iOS;0;1;1;0;0
Singapore;52521769659462;967965326099992;"🇸🇬 SG_50 [WealthEastMoney]";Android;0;4;4;0;0
Singapore;52521769659462;967965326099992;"🇸🇬 SG_50 [WealthEastMoney]";iOS;0;1;1;0;0
Singapore;52521769659462;967965326099992;"🇸🇬 SG_51 [WealthEastMoney]";Android;0;5;5;0;0
Singapore;52521771028862;967965326099992;"🇸🇬 SG_50 [WealthEastMoney]";Android;0;6;6;0;0
Singapore;52521771028862;967965326099992;"🇸🇬 SG_50 [WealthEastMoney]";iOS;0;1;1;0;0
Singapore;52521771028862;967965326099992;"🇸🇬 SG_51 [WealthEastMoney]";Android;0;4;4;0;0
Singapore;52521771028862;967965326099992;"🇸🇬 SG_51 [WealthEastMoney]";iOS;0;2;2;0;0
Singapore;52521771671462;967965326099992;"🇸🇬 SG_50 [WealthEastMoney]";Android;0;17;16;0;0
Singapore;52521771671462;967965326099992;"🇸🇬 SG_50 [WealthEastMoney]";iOS;0;10;6;0;0
Singapore;52521771671462;967965326099992;"🇸🇬 SG_51 [WealthEastMoney]";Android;0;2;2;0;0
Singapore;52521771671662;967965326099992;"🇸🇬 SG_50 [WealthEastMoney]";Android;0;10;10;0;0
Singapore;52521771671662;967965326099992;"🇸🇬 SG_51 [WealthEastMoney]";Android;0;5;4;0;0
Singapore;52521771671862;967965326099992;"🇸🇬 SG_50 [WealthEastMoney]";Android;0;5;5;0;0
Singapore;52521771671862;967965326099992;"🇸🇬 SG_50 [WealthEastMoney]";iOS;0;1;1;0;0
Singapore;52521771671862;967965326099992;"🇸🇬 SG_51 [WealthEastMoney]";Android;0;3;1;0;0
Singapore;52521771673862;967965326099992;"🇸🇬 SG_50 [WealthEastMoney]";Android;0;3;3;0;0
Singapore;52521771673862;967965326099992;"🇸🇬 SG_50 [WealthEastMoney]";iOS;0;2;2;0;0
Singapore;52521771673862;967965326099992;"🇸🇬 SG_51 [WealthEastMoney]";Android;0;2;1;0;0
Singapore;52521771675262;967965326099992;"🇸🇬 SG_50 [WealthEastMoney]";Android;0;3;3;0;0
Singapore;52521771675262;967965326099992;"🇸🇬 SG_50 [WealthEastMoney]";iOS;0;1;1;0;0
Singapore;52521771675262;967965326099992;"🇸🇬 SG_51 [WealthEastMoney]";Android;0;7;7;0;0
Singapore;52524732207662;967965326099992;🇸🇬_SG_64_[WealthEastMoney];Android;0;1;1;0;0
Singapore;52564820362393;2158879451635825;"🇸🇬 SG_51 [WealthEastMoney]";Android;0;9;9;0;0
Singapore;52564820362393;2158879451635825;"🇸🇬 SG_51 [WealthEastMoney]";iOS;0;1;1;0;0
Singapore;52564820559793;2158879451635825;"🇸🇬 SG_50 [WealthEastMoney]";Android;0;12;11;0;0
Singapore;52564820559793;2158879451635825;"🇸🇬 SG_50 [WealthEastMoney]";iOS;0;1;1;0;0
Singapore;52564820628993;2158879451635825;"🇸🇬 SG_50 [WealthEastMoney]";Android;0;17;13;0;0
Singapore;52564820628993;2158879451635825;"🇸🇬 SG_50 [WealthEastMoney]";iOS;0;2;2;0;0
Singapore;52564820629193;2158879451635825;"🇸🇬 SG_50 [WealthEastMoney]";Android;0;4;4;0;0
Singapore;52564820629193;2158879451635825;"🇸🇬 SG_50 [WealthEastMoney]";iOS;0;2;1;0;0
Singapore;52564820629393;2158879451635825;"🇸🇬 SG_51 [WealthEastMoney]";Android;0;12;10;0;0
Singapore;52564820632193;2158879451635825;"🇸🇬 SG_51 [WealthEastMoney]";Android;0;19;16;0;0
Singapore;52564820632193;2158879451635825;"🇸🇬 SG_51 [WealthEastMoney]";iOS;0;2;2;0;0
Singapore;52607582824286;1640893413669161;🇸🇬_SG_65_[WealthEastMoney];iOS;0;1;1;0;0
Singapore;52607582824286;1640893413669161;🇸🇬_SG_66_[WealthEastMoney];Android;0;1;1;0;0
Singapore;52607582867686;1640893413669161;🇸🇬_SG_65_[WealthEastMoney];Android;0;1;1;0;0
Singapore;52607582869486;1640893413669161;🇸🇬_SG_62_[WealthEastMoney];iOS;0;1;1;0;0
Singapore;52607582869486;1640893413669161;🇸🇬_SG_68_[WealthEastSlot];iOS;0;1;1;0;0
Singapore;52607912362286;1640893413669161;🇸🇬_SG_66_[WealthEastMoney];Android;0;1;1;0;0
Singapore;52607913130686;1640893413669161;🇸🇬_SG_63_[WealthEastMoney];Android;0;1;1;0;0
Singapore;52607913131086;1640893413669161;🇸🇬_SG_63_[WealthEastMoney];Android;0;1;1;0;0
Singapore;52607913132086;1640893413669161;🇸🇬_SG_65_[WealthEastMoney];Android;0;1;1;0;0
Singapore;52607913132286;1640893413669161;🇸🇬_SG_63_[WealthEastMoney];iOS;0;1;1;0;0
Singapore;52607913132286;1640893413669161;🇸🇬_SG_66_[WealthEastMoney];Android;0;1;1;0;0
Singapore;6995103139800;4540294639535106;"🇸🇬 SG_50 [WealthEastMoney]";Android;0;6;4;0;0
Singapore;6995103139800;4540294639535106;"🇸🇬 SG_50 [WealthEastMoney]";iOS;0;2;2;0;0
Singapore;6995103139800;4540294639535106;"🇸🇬 SG_51 [WealthEastMoney]";Android;0;12;12;0;0
Singapore;6995103139800;4540294639535106;"🇸🇬 SG_51 [WealthEastMoney]";iOS;0;3;2;0;0
Singapore;6995115569000;4540294639535106;"🇸🇬 SG_50 [WealthEastMoney]";Android;0;27;24;0;0
Singapore;6995115569000;4540294639535106;"🇸🇬 SG_50 [WealthEastMoney]";iOS;0;11;9;0;0
Singapore;6995115569000;4540294639535106;"🇸🇬 SG_51 [WealthEastMoney]";Android;0;8;8;0;0
Singapore;6995115569000;4540294639535106;"🇸🇬 SG_51 [WealthEastMoney]";iOS;0;4;4;0;0
Singapore;6995115597200;4540294639535106;"🇸🇬 SG_50 [WealthEastMoney]";Android;0;12;11;0;0
Singapore;6995115597200;4540294639535106;"🇸🇬 SG_50 [WealthEastMoney]";iOS;0;3;3;0;0
Singapore;6995115597200;4540294639535106;"🇸🇬 SG_51 [WealthEastMoney]";Android;0;2;2;0;0
Singapore;6995115597200;4540294639535106;"🇸🇬 SG_51 [WealthEastMoney]";iOS;0;1;1;0;0
Singapore;6995115597400;4540294639535106;"🇸🇬 SG_50 [WealthEastMoney]";Android;0;7;7;0;0
Singapore;6995115597400;4540294639535106;"🇸🇬 SG_51 [WealthEastMoney]";Android;0;10;7;0;0
Singapore;6995115597400;4540294639535106;"🇸🇬 SG_51 [WealthEastMoney]";iOS;0;3;3;0;0
Singapore;6995115599400;4540294639535106;"🇸🇬 SG_50 [WealthEastMoney]";Android;0;4;4;0;0
Singapore;6995115599400;4540294639535106;"🇸🇬 SG_50 [WealthEastMoney]";iOS;0;1;1;0;0
Singapore;6995115599400;4540294639535106;"🇸🇬 SG_51 [WealthEastMoney]";Android;0;19;16;0;0
Singapore;6995115599400;4540294639535106;"🇸🇬 SG_51 [WealthEastMoney]";iOS;0;9;9;0;0
Singapore;6995115600800;4540294639535106;"🇸🇬 SG_50 [WealthEastMoney]";Android;0;1;1;0;0
Singapore;6995115600800;4540294639535106;"🇸🇬 SG_51 [WealthEastMoney]";Android;0;11;11;0;0
Singapore;6995115600800;4540294639535106;"🇸🇬 SG_51 [WealthEastMoney]";iOS;0;3;3;0;0
Singapore;6995115601000;4540294639535106;"🇸🇬 SG_50 [WealthEastMoney]";Android;0;4;4;0;0
Singapore;6995115601000;4540294639535106;"🇸🇬 SG_50 [WealthEastMoney]";iOS;0;2;2;0;0
Singapore;6995115601000;4540294639535106;"🇸🇬 SG_51 [WealthEastMoney]";Android;0;16;15;0;0
Singapore;6995115601000;4540294639535106;"🇸🇬 SG_51 [WealthEastMoney]";iOS;0;8;8;0;0
Singapore;6995785080200;4540294639535106;"🇸🇬 SG_51 [WealthEastMoney]";Android;0;3;3;0;0
Singapore;6995785080200;4540294639535106;"🇸🇬 SG_51 [WealthEastMoney]";iOS;0;1;1;0;0
Singapore;6995785553200;4540294639535106;"🇸🇬 SG_50 [WealthEastMoney]";Android;0;3;3;0;0
Singapore;6995785918800;4540294639535106;"🇸🇬 SG_51 [WealthEastMoney]";Android;0;1;1;0;0
Singapore;6995785919200;4540294639535106;"🇸🇬 SG_50 [WealthEastMoney]";Android;0;1;1;0;0
Singapore;6995785919400;4540294639535106;"🇸🇬 SG_51 [WealthEastMoney]";iOS;0;1;1;0;0
Singapore;6995785920000;4540294639535106;"🇸🇬 SG_50 [WealthEastMoney]";Android;0;5;4;0;0
Singapore;6995785920200;4540294639535106;"🇸🇬 SG_50 [WealthEastMoney]";Android;0;1;1;0;0
Singapore;6995785920400;4540294639535106;"🇸🇬 SG_50 [WealthEastMoney]";Android;0;1;1;0;0
Singapore;6995785920400;4540294639535106;"🇸🇬 SG_50 [WealthEastMoney]";iOS;0;1;1;0;0
Singapore;6995785920600;4540294639535106;"🇸🇬 SG_51 [WealthEastMoney]";Android;0;7;5;0;0
Singapore;6995785920800;4540294639535106;"🇸🇬 SG_51 [WealthEastMoney]";Android;0;5;5;0;0
Singapore;6995785920800;4540294639535106;"🇸🇬 SG_51 [WealthEastMoney]";iOS;0;1;1;0;0
Singapore;6995785921600;4540294639535106;"🇸🇬 SG_51 [WealthEastMoney]";Android;0;3;3;0;0
Singapore;6995785921600;4540294639535106;"🇸🇬 SG_51 [WealthEastMoney]";iOS;0;1;1;0;0
Singapore;6995785921800;4540294639535106;"🇸🇬 SG_50 [WealthEastMoney]";Android;0;1;1;0;0
Singapore;6995785921800;4540294639535106;"🇸🇬 SG_50 [WealthEastMoney]";iOS;0;2;2;0;0
Singapore;6995785932000;4540294639535106;"🇸🇬 SG_51 [WealthEastMoney]";iOS;0;1;1;0;0
Singapore;6995785932200;4540294639535106;"🇸🇬 SG_51 [WealthEastMoney]";Android;0;3;3;0;0
Singapore;6995785932200;4540294639535106;"🇸🇬 SG_51 [WealthEastMoney]";iOS;0;1;1;0;0
Singapore;6995785932600;4540294639535106;"🇸🇬 SG_51 [WealthEastMoney]";Android;0;3;3;0;0
Singapore;6995785933000;4540294639535106;"🇸🇬 SG_51 [WealthEastMoney]";Android;0;1;1;0;0
Singapore;6995785933200;4540294639535106;"🇸🇬 SG_51 [WealthEastMoney]";Android;0;2;2;0;0
Singapore;6995785933200;4540294639535106;"🇸🇬 SG_51 [WealthEastMoney]";iOS;0;2;2;0;0
Singapore;6995785933400;4540294639535106;"🇸🇬 SG_51 [WealthEastMoney]";Android;0;1;1;0;0
Singapore;6995785936000;4540294639535106;"🇸🇬 SG_51 [WealthEastMoney]";Android;0;3;3;0;0
Singapore;6995787851800;4540294639535106;"🇸🇬 SG_51 [WealthEastMoney]";Android;0;4;4;0;0
Singapore;6995787851800;4540294639535106;"🇸🇬 SG_51 [WealthEastMoney]";iOS;0;1;1;0;0
Singapore;6995787993600;4540294639535106;"🇸🇬 SG_51 [WealthEastMoney]";Android;0;3;3;0;0
Singapore;6995787993800;4540294639535106;"🇸🇬 SG_51 [WealthEastMoney]";iOS;0;1;1;0;0
Singapore;6995787994000;4540294639535106;"🇸🇬 SG_51 [WealthEastMoney]";Android;0;3;3;0;0
Singapore;6995787994000;4540294639535106;"🇸🇬 SG_51 [WealthEastMoney]";iOS;0;2;2;0;0
Singapore;6995787994200;4540294639535106;"🇸🇬 SG_51 [WealthEastMoney]";Android;0;3;3;0;0
Singapore;6995787994200;4540294639535106;"🇸🇬 SG_51 [WealthEastMoney]";iOS;0;4;4;0;0
Singapore;6995787994400;4540294639535106;"🇸🇬 SG_51 [WealthEastMoney]";Android;0;1;1;0;0
Singapore;6995787994400;4540294639535106;"🇸🇬 SG_51 [WealthEastMoney]";iOS;0;2;2;0;0
Singapore;6995787994600;4540294639535106;"🇸🇬 SG_50 [WealthEastMoney]";Android;0;2;2;0;0
Singapore;6995787994800;4540294639535106;"🇸🇬 SG_50 [WealthEastMoney]";iOS;0;2;2;0;0
Singapore;6995787995000;4540294639535106;"🇸🇬 SG_50 [WealthEastMoney]";iOS;0;2;1;0;0
Singapore;6995787995200;4540294639535106;"🇸🇬 SG_51 [WealthEastMoney]";iOS;0;1;1;0;0
Singapore;6995787995400;4540294639535106;"🇸🇬 SG_51 [WealthEastMoney]";Android;0;1;1;0;0
Singapore;6995787996000;4540294639535106;"🇸🇬 SG_50 [WealthEastMoney]";Android;0;2;2;0;0
Singapore;6995787998400;4540294639535106;"🇸🇬 SG_50 [WealthEastMoney]";Android;0;2;2;0;0
Singapore;6995787998400;4540294639535106;"🇸🇬 SG_50 [WealthEastMoney]";iOS;0;2;1;0;0
Singapore;6995787998600;4540294639535106;"🇸🇬 SG_51 [WealthEastMoney]";Android;0;1;1;0;0
Singapore;6995787998600;4540294639535106;"🇸🇬 SG_51 [WealthEastMoney]";iOS;0;1;1;0;0
Singapore;6995787998800;4540294639535106;"🇸🇬 SG_50 [WealthEastMoney]";Android;0;4;2;0;0
Singapore;6995787999400;4540294639535106;"🇸🇬 SG_51 [WealthEastMoney]";Android;0;1;1;0;0
Singapore;6995788002200;4540294639535106;"🇸🇬 SG_50 [WealthEastMoney]";Android;0;4;4;0;0
Singapore;6995788007400;4540294639535106;"🇸🇬 SG_51 [WealthEastMoney]";Android;0;2;2;0;0
Singapore;6995788007600;4540294639535106;"🇸🇬 SG_51 [WealthEastMoney]";Android;0;1;1;0;0
Singapore;6995788009800;4540294639535106;"🇸🇬 SG_50 [WealthEastMoney]";Android;0;4;4;0;0
Singapore;6995788009800;4540294639535106;"🇸🇬 SG_50 [WealthEastMoney]";iOS;0;1;1;0;0
Singapore;{{campaign.id}};1641083631350576;"🇸🇬 SG_51 [WealthEastMoney]";Android;0;1;1;0;0
Singapore;{{campaign.id}};967965326099992;{{ad.name}};Android;0;1;1;0;0
;;;;;0;3816;3560;0;0
