Country,"Account ID","Campaign ID","Ad name",Currency,"Amount spent (USD)",Leads,"Cost per lead","Registrations completed","Cost per registration completed","CTR (all)","CPM (cost per 1,000 impressions)",Reach,Impressions,Frequency,"Reporting starts","Reporting ends"
,,,,USD,2379.05,979,2.43008172,490,4.85520408,1.39495622,14.65843905,120561,162299,1.34619819,2026-07-01,2026-07-17
IN,1641083631350576,120246207774920106,"🇮🇳 IN_93 [FortuneGems]",USD,1.08,,,,,0,4.02985075,267,268,1.00374532,2026-07-01,2026-07-17
IN,1641083631350576,120246208615280106,"🇮🇳 IN_93 [FortuneGems]",USD,1.37,,,,,0,4.37699681,313,313,1,2026-07-01,2026-07-17
IN,1641083631350576,120246208615230106,"🇮🇳 IN_93 [FortuneGems]",USD,1.39,1,1.39,1,1.39,0.63694268,4.42675159,314,314,1,2026-07-01,2026-07-17
IN,1641083631350576,120246208615460106,"🇮🇳 IN_92 [FortuneGems]",USD,2.61,2,1.305,1,2.61,0.6993007,9.12587413,286,286,1,2026-07-01,2026-07-17
IN,1641083631350576,120246208615240106,"🇮🇳 IN_92 [FortuneGems]",USD,2.36,1,2.36,,,1.49812734,8.83895131,264,267,1.01136364,2026-07-01,2026-07-17
IN,1641083631350576,120246208615410106,"🇮🇳 IN_93 [FortuneGems]",USD,1.8,,,,,0.43859649,7.89473684,226,228,1.00884956,2026-07-01,2026-07-17
IN,1641083631350576,120246208615200106,"🇮🇳 IN_92 [FortuneGems]",USD,1.2,1,1.2,,,0.37807183,2.268431,521,529,1.01535509,2026-07-01,2026-07-17
IN,1641083631350576,120246208615380106,"🇮🇳 IN_92 [FortuneGems]",USD,1.64,1,1.64,1,1.64,0.66006601,5.41254125,300,303,1.01,2026-07-01,2026-07-17
IN,1641083631350576,120246208615390106,"🇮🇳 IN_93 [FortuneGems]",USD,1.4,,,,,0.51813472,7.25388601,189,193,1.02116402,2026-07-01,2026-07-17
IN,1641083631350576,120246208615180106,"🇮🇳 IN_93 [FortuneGems]",USD,1.28,1,1.28,,,1.41843972,4.53900709,282,282,1,2026-07-01,2026-07-17
IN,1641083631350576,120246208615390106,"🇮🇳 IN_92 [FortuneGems]",USD,9.11,10,0.911,4,2.2775,1.11940299,3.77694859,2370,2412,1.01772152,2026-07-01,2026-07-17
IN,1641083631350576,120246232798060106,"🇮🇳 IN_92 [FortuneGems]",USD,0.26,,,,,4.54545455,11.81818182,22,22,1,2026-07-01,2026-07-17
IN,1641083631350576,120246232813390106,"🇮🇳 IN_92 [FortuneGems]",USD,0.37,,,,,0,10.88235294,33,34,1.03030303,2026-07-01,2026-07-17
IN,1641083631350576,120246232813350106,"🇮🇳 IN_92 [FortuneGems]",USD,3.45,3,1.15,2,1.725,1.74081238,6.67311412,511,517,1.01174168,2026-07-01,2026-07-17
IN,1641083631350576,120246232813380106,"🇮🇳 IN_92 [FortuneGems]",USD,0.97,,,,,0,4.07563025,235,238,1.01276596,2026-07-01,2026-07-17
IN,1641083631350576,120246232813300106,"🇮🇳 IN_92 [FortuneGems]",USD,4.09,1,4.09,1,4.09,2.14285714,9.73809524,415,420,1.01204819,2026-07-01,2026-07-17
IN,1641083631350576,120246232813420106,"🇮🇳 IN_92 [FortuneGems]",USD,3.88,1,3.88,1,3.88,1.15089514,4.96163683,760,782,1.02894737,2026-07-01,2026-07-17
IN,1641083631350576,120246232813360106,"🇮🇳 IN_92 [FortuneGems]",USD,2.69,5,0.538,2,1.345,0.84626234,3.79407616,687,709,1.03202329,2026-07-01,2026-07-17
IN,1641083631350576,120246232813090106,"🇮🇳 IN_92 [FortuneGems]",USD,2.12,,,,,0.65217391,4.60869565,455,460,1.01098901,2026-07-01,2026-07-17
IN,1641083631350576,120246232813400106,"🇮🇳 IN_92 [FortuneGems]",USD,22.05,23,0.95869565,9,2.45,2.40831965,12.06896552,1732,1827,1.05484988,2026-07-01,2026-07-17
IN,1641083631350576,120246232813320106,"🇮🇳 IN_92 [FortuneGems]",USD,1.28,,,,,1.42857143,4.57142857,275,280,1.01818182,2026-07-01,2026-07-17
IN,1641083631350576,120246232813310106,"🇮🇳 IN_92 [FortuneGems]",USD,3.2,,,,,1.23762376,7.92079208,390,404,1.03589744,2026-07-01,2026-07-17
IN,1641083631350576,120246232813340106,"🇮🇳 IN_92 [FortuneGems]",USD,5.56,3,1.85333333,,,1.8549747,9.37605396,585,593,1.01367521,2026-07-01,2026-07-17
IN,1641083631350576,120246232813370106,"🇮🇳 IN_92 [FortuneGems]",USD,1.86,,,,,1.6286645,6.05863192,307,307,1,2026-07-01,2026-07-17
IN,1641083631350576,120246232813330106,"🇮🇳 IN_92 [FortuneGems]",USD,2.6,,,,,1.45985401,6.32603406,404,411,1.01732673,2026-07-01,2026-07-17
IN,1641083631350576,120246240499830106,"🇮🇳 IN_92 [FortuneGems]",USD,1.48,,,,,1.95121951,7.2195122,198,205,1.03535354,2026-07-01,2026-07-17
IN,1641083631350576,120246244261040106,"🇮🇳 IN_93 [FortuneGems]",USD,0.65,,,,,0.70422535,2.28873239,281,284,1.01067616,2026-07-01,2026-07-17
IN,1641083631350576,120246244620800106,"🇮🇳 IN_92 [FortuneGems]",USD,1.41,1,1.41,1,1.41,1.0989011,5.16483516,263,273,1.03802281,2026-07-01,2026-07-17
IN,1641083631350576,120246244620410106,"🇮🇳 IN_92 [FortuneGems]",USD,2.19,3,0.73,,,3.24324324,11.83783784,178,185,1.03932584,2026-07-01,2026-07-17
IN,1641083631350576,120246244620680106,"🇮🇳 IN_92 [FortuneGems]",USD,0.93,3,0.31,1,0.93,2.92887029,3.89121339,237,239,1.00843882,2026-07-01,2026-07-17
IN,1641083631350576,120246244620930106,"🇮🇳 IN_92 [FortuneGems]",USD,1.49,,,,,2.13675214,6.36752137,227,234,1.030837,2026-07-01,2026-07-17
IN,1641083631350576,120246244620820106,"🇮🇳 IN_92 [FortuneGems]",USD,3.09,5,0.618,2,1.545,5.03144654,19.43396226,159,159,1,2026-07-01,2026-07-17
IN,1641083631350576,120246244620870106,"🇮🇳 IN_92 [FortuneGems]",USD,1.46,,,,,0.4587156,6.69724771,213,218,1.02347418,2026-07-01,2026-07-17
IN,1641083631350576,120246244620670106,"🇮🇳 IN_92 [FortuneGems]",USD,2.33,2,1.165,1,2.33,2.54237288,19.74576271,114,118,1.03508772,2026-07-01,2026-07-17
IN,1641083631350576,120246244620700106,"🇮🇳 IN_92 [FortuneGems]",USD,1.86,,,,,0.58139535,10.81395349,168,172,1.02380952,2026-07-01,2026-07-17
IN,1641083631350576,120246244620880106,"🇮🇳 IN_92 [FortuneGems]",USD,1.61,1,1.61,1,1.61,0.43859649,7.06140351,220,228,1.03636364,2026-07-01,2026-07-17
IN,1641083631350576,120246244621160106,"🇮🇳 IN_92 [FortuneGems]",USD,2.02,2,1.01,2,1.01,1.36054422,13.7414966,141,147,1.04255319,2026-07-01,2026-07-17
IN,1641083631350576,120246244620890106,"🇮🇳 IN_92 [FortuneGems]",USD,1.75,,,,,0,11.29032258,149,155,1.04026846,2026-07-01,2026-07-17
IN,1641083631350576,120246244620900106,"🇮🇳 IN_92 [FortuneGems]",USD,2.05,2,1.025,1,2.05,0.87336245,8.95196507,228,229,1.00438596,2026-07-01,2026-07-17
IN,1641083631350576,120246244620730106,"🇮🇳 IN_92 [FortuneGems]",USD,1.51,,,,,1.65745856,8.34254144,177,181,1.02259887,2026-07-01,2026-07-17
IN,1641083631350576,120246244620750106,"🇮🇳 IN_92 [FortuneGems]",USD,1.4,,,,,0.43103448,6.03448276,222,232,1.04504505,2026-07-01,2026-07-17
IN,1641083631350576,120246244620690106,"🇮🇳 IN_92 [FortuneGems]",USD,1.51,2,0.755,2,0.755,0.64308682,4.85530547,303,311,1.02640264,2026-07-01,2026-07-17
IN,1641083631350576,120246244621150106,"🇮🇳 IN_92 [FortuneGems]",USD,3.43,7,0.49,3,1.14333333,5.98802395,20.53892216,159,167,1.05031447,2026-07-01,2026-07-17
IN,1641083631350576,120246244621100106,"🇮🇳 IN_92 [FortuneGems]",USD,1.64,1,1.64,,,2.24215247,7.35426009,219,223,1.01826484,2026-07-01,2026-07-17
IN,1641083631350576,120246244620720106,"🇮🇳 IN_92 [FortuneGems]",USD,1.6,1,1.6,,,1.03092784,5.49828179,285,291,1.02105263,2026-07-01,2026-07-17
IN,1641083631350576,120246244620960106,"🇮🇳 IN_92 [FortuneGems]",USD,3.29,3,1.09666667,1,3.29,5.92105263,21.64473684,146,152,1.04109589,2026-07-01,2026-07-17
IN,1641083631350576,120246244620970106,"🇮🇳 IN_92 [FortuneGems]",USD,1.69,1,1.69,1,1.69,1.26582278,10.69620253,156,158,1.01282051,2026-07-01,2026-07-17
IN,1641083631350576,120246244620790106,"🇮🇳 IN_92 [FortuneGems]",USD,1.51,2,0.755,1,1.51,1.7699115,6.68141593,220,226,1.02727273,2026-07-01,2026-07-17
IN,1641083631350576,120246244620770106,"🇮🇳 IN_92 [FortuneGems]",USD,2.32,1,2.32,,,0.56818182,13.18181818,172,176,1.02325581,2026-07-01,2026-07-17
IN,1641083631350576,120246244621130106,"🇮🇳 IN_92 [FortuneGems]",USD,2.02,,,,,1.75438596,8.85964912,223,228,1.02242152,2026-07-01,2026-07-17
IN,1641083631350576,120246244620710106,"🇮🇳 IN_92 [FortuneGems]",USD,1.25,2,0.625,,,1.13636364,4.73484848,261,264,1.01149425,2026-07-01,2026-07-17
IN,1641083631350576,120246244620940106,"🇮🇳 IN_92 [FortuneGems]",USD,1.62,2,0.81,2,0.81,1.49253731,8.05970149,196,201,1.0255102,2026-07-01,2026-07-17
IN,1641083631350576,120246244621110106,"🇮🇳 IN_92 [FortuneGems]",USD,2.3,3,0.76666667,1,2.3,1.31578947,10.0877193,224,228,1.01785714,2026-07-01,2026-07-17
IN,1641083631350576,120246244620850106,"🇮🇳 IN_92 [FortuneGems]",USD,2.78,,,,,3.55029586,16.44970414,165,169,1.02424242,2026-07-01,2026-07-17
IN,1641083631350576,120246244620780106,"🇮🇳 IN_92 [FortuneGems]",USD,1.74,5,0.348,1,1.74,3.27868852,9.50819672,177,183,1.03389831,2026-07-01,2026-07-17
IN,1641083631350576,120246244621140106,"🇮🇳 IN_92 [FortuneGems]",USD,2.62,6,0.43666667,2,1.31,6.92307692,20.15384615,130,130,1,2026-07-01,2026-07-17
IN,1641083631350576,120246244620860106,"🇮🇳 IN_92 [FortuneGems]",USD,1.79,3,0.59666667,1,1.79,1.11111111,6.62962963,270,270,1,2026-07-01,2026-07-17
IN,1641083631350576,120246244620760106,"🇮🇳 IN_92 [FortuneGems]",USD,1.92,1,1.92,1,1.92,0.50761421,9.74619289,196,197,1.00510204,2026-07-01,2026-07-17
IN,1641083631350576,120246244620810106,"🇮🇳 IN_92 [FortuneGems]",USD,2.36,3,0.78666667,3,0.78666667,2.79069767,10.97674419,206,215,1.04368932,2026-07-01,2026-07-17
IN,1641083631350576,120246244621120106,"🇮🇳 IN_92 [FortuneGems]",USD,2.06,6,0.34333333,2,1.03,5.69620253,13.03797468,156,158,1.01282051,2026-07-01,2026-07-17
IN,1641083631350576,120246244620830106,"🇮🇳 IN_92 [FortuneGems]",USD,1.31,2,0.655,1,1.31,1.12781955,4.92481203,257,266,1.03501946,2026-07-01,2026-07-17
IN,1641083631350576,120246244620840106,"🇮🇳 IN_92 [FortuneGems]",USD,1.39,1,1.39,1,1.39,1.22699387,8.52760736,159,163,1.02515723,2026-07-01,2026-07-17
IN,1641083631350576,120246244621050106,"🇮🇳 IN_92 [FortuneGems]",USD,1.57,1,1.57,,,1.02040816,8.01020408,192,196,1.02083333,2026-07-01,2026-07-17
IN,1641083631350576,120246244620740106,"🇮🇳 IN_92 [FortuneGems]",USD,1.75,4,0.4375,1,1.75,3.04878049,10.67073171,161,164,1.01863354,2026-07-01,2026-07-17
IN,1641083631350576,120246244620910106,"🇮🇳 IN_92 [FortuneGems]",USD,1.81,,,,,0.74349442,6.72862454,264,269,1.01893939,2026-07-01,2026-07-17
IN,1641083631350576,120246244620160106,"🇮🇳 IN_92 [FortuneGems]",USD,1.83,3,0.61,1,1.83,4.34782609,7.95652174,222,230,1.03603604,2026-07-01,2026-07-17
IN,1641083631350576,120246244670230106,"🇮🇳 IN_93 [FortuneGems]",USD,0.83,1,0.83,,,1.03092784,2.85223368,287,291,1.01393728,2026-07-01,2026-07-17
IN,1641083631350576,120246244675630106,"🇮🇳 IN_93 [FortuneGems]",USD,2.49,1,2.49,,,1.1627907,9.65116279,251,258,1.02788845,2026-07-01,2026-07-17
IN,1641083631350576,120246244675800106,"🇮🇳 IN_93 [FortuneGems]",USD,1.18,1,1.18,,,0.32258065,3.80645161,301,310,1.02990033,2026-07-01,2026-07-17
IN,1641083631350576,120246244675820106,"🇮🇳 IN_93 [FortuneGems]",USD,1.39,,,,,0.4587156,6.37614679,218,218,1,2026-07-01,2026-07-17
IN,1641083631350576,120246244675810106,"🇮🇳 IN_93 [FortuneGems]",USD,1.26,1,1.26,1,1.26,0.65359477,4.11764706,306,306,1,2026-07-01,2026-07-17
IN,1641083631350576,120246244675660106,"🇮🇳 IN_93 [FortuneGems]",USD,1.18,,,,,0,5.46296296,213,216,1.01408451,2026-07-01,2026-07-17
IN,1641083631350576,120246244675830106,"🇮🇳 IN_93 [FortuneGems]",USD,1.27,1,1.27,1,1.27,1.57480315,5,247,254,1.02834008,2026-07-01,2026-07-17
IN,1641083631350576,120246244675730106,"🇮🇳 IN_93 [FortuneGems]",USD,1.02,2,0.51,,,1.12359551,3.82022472,263,267,1.01520913,2026-07-01,2026-07-17
IN,1641083631350576,120246244675600106,"🇮🇳 IN_93 [FortuneGems]",USD,0.98,,,,,0,3.98373984,243,246,1.01234568,2026-07-01,2026-07-17
IN,1641083631350576,120246260441550106,"🇮🇳 IN_92 [FortuneGems]",USD,1.99,,,,,0,5.18229167,365,384,1.05205479,2026-07-01,2026-07-17
IN,1641083631350576,120246260466040106,"🇮🇳 IN_92 [FortuneGems]",USD,2.22,,,,,0.28985507,6.43478261,329,345,1.04863222,2026-07-01,2026-07-17
IN,1641083631350576,120246260466060106,"🇮🇳 IN_92 [FortuneGems]",USD,2.25,2,1.125,1,2.25,2.4291498,9.10931174,244,247,1.01229508,2026-07-01,2026-07-17
IN,1641083631350576,120246260465810106,"🇮🇳 IN_92 [FortuneGems]",USD,3.04,,,,,0.50890585,7.73536896,375,393,1.048,2026-07-01,2026-07-17
IN,1641083631350576,120246260465730106,"🇮🇳 IN_92 [FortuneGems]",USD,2.21,,,,,0.24875622,5.49751244,397,402,1.01259446,2026-07-01,2026-07-17
IN,1641083631350576,120246260465740106,"🇮🇳 IN_92 [FortuneGems]",USD,2.6,2,1.3,2,1.3,0.56980057,7.40740741,337,351,1.04154303,2026-07-01,2026-07-17
IN,1641083631350576,120246260465750106,"🇮🇳 IN_92 [FortuneGems]",USD,2.23,1,2.23,,,1.78041543,6.61721068,336,337,1.00297619,2026-07-01,2026-07-17
IN,1641083631350576,120246260466070106,"🇮🇳 IN_92 [FortuneGems]",USD,2.21,1,2.21,1,2.21,0.64308682,7.10610932,298,311,1.04362416,2026-07-01,2026-07-17
IN,1641083631350576,120246260465760106,"🇮🇳 IN_92 [FortuneGems]",USD,2.9,1,2.9,1,2.9,0.95238095,9.20634921,306,315,1.02941176,2026-07-01,2026-07-17
IN,1641083631350576,120246260465790106,"🇮🇳 IN_92 [FortuneGems]",USD,2.1,1,2.1,2,1.05,1.23839009,6.50154799,315,323,1.02539683,2026-07-01,2026-07-17
IN,1641083631350576,120246260465820106,"🇮🇳 IN_92 [FortuneGems]",USD,1.59,,,,,0.75757576,6.02272727,257,264,1.02723735,2026-07-01,2026-07-17
IN,1641083631350576,120246260465990106,"🇮🇳 IN_92 [FortuneGems]",USD,2.44,2,1.22,,,1.8766756,6.54155496,373,373,1,2026-07-01,2026-07-17
IN,1641083631350576,120246260465330106,"🇮🇳 IN_92 [FortuneGems]",USD,2.16,2,1.08,,,0.62305296,6.72897196,321,321,1,2026-07-01,2026-07-17
IN,1641083631350576,120246260465800106,"🇮🇳 IN_92 [FortuneGems]",USD,0.55,,,,,0,11.95652174,43,46,1.06976744,2026-07-01,2026-07-17
IN,1641083631350576,120246260465720106,"🇮🇳 IN_92 [FortuneGems]",USD,2.45,2,1.225,1,2.45,1.42857143,8.75,270,280,1.03703704,2026-07-01,2026-07-17
IN,1641083631350576,120246260465340106,"🇮🇳 IN_92 [FortuneGems]",USD,1.82,3,0.60666667,2,0.91,1.57480315,3.58267717,492,508,1.03252033,2026-07-01,2026-07-17
IN,1641083631350576,120246260465350106,"🇮🇳 IN_92 [FortuneGems]",USD,2.32,2,1.16,1,2.32,1.17647059,9.09803922,249,255,1.02409639,2026-07-01,2026-07-17
IN,1641083631350576,120246260465870106,"🇮🇳 IN_92 [FortuneGems]",USD,3.14,,,,,0.64724919,10.1618123,307,309,1.00651466,2026-07-01,2026-07-17
IN,1641083631350576,120246260465890106,"🇮🇳 IN_92 [FortuneGems]",USD,1.82,,,,,0.93896714,8.54460094,210,213,1.01428571,2026-07-01,2026-07-17
IN,1641083631350576,120246260465880106,"🇮🇳 IN_92 [FortuneGems]",USD,0.23,,,,,0,25.55555556,9,9,1,2026-07-01,2026-07-17
IN,1641083631350576,120246260465850106,"🇮🇳 IN_92 [FortuneGems]",USD,1.79,,,,,0,7.04724409,247,254,1.02834008,2026-07-01,2026-07-17
IN,1641083631350576,120246276712280106,"🇮🇳 IN_92 [FortuneGems]",USD,4.58,3,1.52666667,2,2.29,1.19760479,9.14171657,495,501,1.01212121,2026-07-01,2026-07-17
IN,1641083631350576,120246276828110106,"🇮🇳 IN_94 [FortuneGems]",USD,2.44,,,,,0,2.52849741,928,965,1.03987069,2026-07-01,2026-07-17
IN,1641083631350576,120246276847360106,"🇮🇳 IN_94 [FortuneGems]",USD,2.58,,,,,0,2.31182796,1108,1116,1.00722022,2026-07-01,2026-07-17
IN,1641083631350576,120246276847400106,"🇮🇳 IN_94 [FortuneGems]",USD,3.05,,,,,0,5.25862069,571,580,1.01576182,2026-07-01,2026-07-17
IN,1641083631350576,120246276847160106,"🇮🇳 IN_94 [FortuneGems]",USD,3.43,2,1.715,,,0.50314465,4.31446541,781,795,1.01792574,2026-07-01,2026-07-17
IN,1641083631350576,120246276847390106,"🇮🇳 IN_94 [FortuneGems]",USD,3.46,1,3.46,1,3.46,0.65681445,5.68144499,592,609,1.02871622,2026-07-01,2026-07-17
IN,1641083631350576,120246276847410106,"🇮🇳 IN_94 [FortuneGems]",USD,3.29,1,3.29,1,3.29,0.49099836,5.38461538,604,611,1.0115894,2026-07-01,2026-07-17
IN,1641083631350576,120246276847220106,"🇮🇳 IN_94 [FortuneGems]",USD,2.88,1,2.88,1,2.88,0.6097561,5.85365854,466,492,1.05579399,2026-07-01,2026-07-17
IN,1641083631350576,120246276847420106,"🇮🇳 IN_94 [FortuneGems]",USD,2.81,2,1.405,1,2.81,0.35885167,3.36124402,789,836,1.05956907,2026-07-01,2026-07-17
IN,1641083631350576,120246276847170106,"🇮🇳 IN_94 [FortuneGems]",USD,3,2,1.5,1,3,0.55172414,4.13793103,720,725,1.00694444,2026-07-01,2026-07-17
IN,1641083631350576,120246276847310106,"🇮🇳 IN_94 [FortuneGems]",USD,6.12,2,3.06,1,6.12,0.19828156,4.04494382,1478,1513,1.02368065,2026-07-01,2026-07-17
IN,1641083631350576,120246277024990106,"🇮🇳 IN_92 [FortuneGems]",USD,5.64,5,1.128,4,1.41,5.28455285,22.92682927,243,246,1.01234568,2026-07-01,2026-07-17
IN,1641083631350576,120246277036270106,"🇮🇳 IN_92 [FortuneGems]",USD,5.12,1,5.12,,,1.08303249,9.24187726,527,554,1.0512334,2026-07-01,2026-07-17
IN,1641083631350576,120246277036150106,"🇮🇳 IN_92 [FortuneGems]",USD,4.41,,,,,0.8356546,12.28412256,348,359,1.0316092,2026-07-01,2026-07-17
IN,1641083631350576,120246277036060106,"🇮🇳 IN_92 [FortuneGems]",USD,5.23,,,,,1.75097276,10.17509728,508,514,1.01181102,2026-07-01,2026-07-17
IN,1641083631350576,120246277036680106,"🇮🇳 IN_92 [FortuneGems]",USD,5.78,4,1.445,1,5.78,2.72373541,22.49027237,247,257,1.04048583,2026-07-01,2026-07-17
IN,1641083631350576,120246277036210106,"🇮🇳 IN_92 [FortuneGems]",USD,5.5,1,5.5,1,5.5,0.46948357,12.91079812,406,426,1.04926108,2026-07-01,2026-07-17
IN,1641083631350576,120246277036070106,"🇮🇳 IN_92 [FortuneGems]",USD,8.41,4,2.1025,1,8.41,2.82051282,21.56410256,379,390,1.02902375,2026-07-01,2026-07-17
IN,1641083631350576,120246277036180106,"🇮🇳 IN_92 [FortuneGems]",USD,5.83,1,5.83,,,0.78740157,15.30183727,372,381,1.02419355,2026-07-01,2026-07-17
IN,1641083631350576,120246277036160106,"🇮🇳 IN_92 [FortuneGems]",USD,4.45,,,,,0.8361204,7.44147157,567,598,1.05467372,2026-07-01,2026-07-17
IN,1641083631350576,120246277036100106,"🇮🇳 IN_92 [FortuneGems]",USD,3.84,4,0.96,3,1.28,1.28824477,6.18357488,613,621,1.01305057,2026-07-01,2026-07-17
IN,1641083631350576,120246277035770106,"🇮🇳 IN_92 [FortuneGems]",USD,8.54,5,1.708,1,8.54,1.05540897,11.26649077,753,758,1.00664011,2026-07-01,2026-07-17
IN,1641083631350576,120246277036220106,"🇮🇳 IN_92 [FortuneGems]",USD,6.3,4,1.575,1,6.3,1.99203187,25.09960159,247,251,1.01619433,2026-07-01,2026-07-17
IN,1641083631350576,120246277035780106,"🇮🇳 IN_92 [FortuneGems]",USD,5.02,3,1.67333333,1,5.02,0.91911765,9.22794118,517,544,1.05222437,2026-07-01,2026-07-17
IN,1641083631350576,120246277036200106,"🇮🇳 IN_92 [FortuneGems]",USD,6.79,4,1.6975,1,6.79,3.125,35.36458333,188,192,1.0212766,2026-07-01,2026-07-17
IN,1641083631350576,120246277035760106,"🇮🇳 IN_92 [FortuneGems]",USD,5.09,2,2.545,1,5.09,2.42424242,10.28282828,476,495,1.03991597,2026-07-01,2026-07-17
IN,1641083631350576,120246277036260106,"🇮🇳 IN_92 [FortuneGems]",USD,4.71,1,4.71,1,4.71,1.01180438,7.94266442,583,593,1.01715266,2026-07-01,2026-07-17
IN,1641083631350576,120246277036190106,"🇮🇳 IN_92 [FortuneGems]",USD,4.83,,,,,0.58708415,9.45205479,483,511,1.05797101,2026-07-01,2026-07-17
IN,1641083631350576,120246277036430106,"🇮🇳 IN_92 [FortuneGems]",USD,4.57,1,4.57,1,4.57,1.92307692,10.98557692,402,416,1.03482587,2026-07-01,2026-07-17
IN,1641083631350576,120246277036450106,"🇮🇳 IN_92 [FortuneGems]",USD,4.94,,,,,1.30890052,12.93193717,377,382,1.0132626,2026-07-01,2026-07-17
IN,1641083631350576,120246277036250106,"🇮🇳 IN_92 [FortuneGems]",USD,5.99,2,2.995,,,1.8957346,14.1943128,420,422,1.0047619,2026-07-01,2026-07-17
IN,1641083631350576,120246277036380106,"🇮🇳 IN_92 [FortuneGems]",USD,5.91,4,1.4775,2,2.955,2.83687943,20.95744681,269,282,1.04832714,2026-07-01,2026-07-17
IN,1641083631350576,120246277036140106,"🇮🇳 IN_92 [FortuneGems]",USD,4.42,,,,,0.67264574,9.9103139,441,446,1.01133787,2026-07-01,2026-07-17
IN,1641083631350576,120246277036240106,"🇮🇳 IN_92 [FortuneGems]",USD,5.98,2,2.99,1,5.98,3.3557047,20.06711409,290,298,1.02758621,2026-07-01,2026-07-17
IN,1641083631350576,120246277036420106,"🇮🇳 IN_92 [FortuneGems]",USD,4.52,1,4.52,,,0.91911765,8.30882353,531,544,1.02448211,2026-07-01,2026-07-17
IN,1641083631350576,120246277036280106,"🇮🇳 IN_92 [FortuneGems]",USD,5.2,,,,,1.77304965,18.43971631,272,282,1.03676471,2026-07-01,2026-07-17
IN,1641083631350576,120246277036230106,"🇮🇳 IN_92 [FortuneGems]",USD,4.94,2,2.47,2,2.47,1.64705882,11.62352941,417,425,1.01918465,2026-07-01,2026-07-17
IN,1641083631350576,120246277036630106,"🇮🇳 IN_92 [FortuneGems]",USD,5.89,1,5.89,1,5.89,1.04438642,15.37859008,365,383,1.04931507,2026-07-01,2026-07-17
IN,1641083631350576,120246277036300106,"🇮🇳 IN_92 [FortuneGems]",USD,5.45,6,0.90833333,2,2.725,4.47284345,17.41214058,312,313,1.00320513,2026-07-01,2026-07-17
IN,1641083631350576,120246277036320106,"🇮🇳 IN_92 [FortuneGems]",USD,4.06,1,4.06,1,4.06,0.36429872,7.39526412,540,549,1.01666667,2026-07-01,2026-07-17
IN,1641083631350576,120246277036440106,"🇮🇳 IN_92 [FortuneGems]",USD,8.59,4,2.1475,3,2.86333333,0.95890411,11.76712329,717,730,1.0181311,2026-07-01,2026-07-17
IN,1641083631350576,120246277036310106,"🇮🇳 IN_92 [FortuneGems]",USD,4.05,1,4.05,1,4.05,0.48076923,6.49038462,624,624,1,2026-07-01,2026-07-17
IN,1641083631350576,120246277036290106,"🇮🇳 IN_92 [FortuneGems]",USD,5.24,,,,,0.79051383,6.90382082,726,759,1.04545455,2026-07-01,2026-07-17
IN,1641083631350576,120246277036350106,"🇮🇳 IN_92 [FortuneGems]",USD,5.83,4,1.4575,2,2.915,3.52112676,20.52816901,275,284,1.03272727,2026-07-01,2026-07-17
IN,1641083631350576,120246277036340106,"🇮🇳 IN_92 [FortuneGems]",USD,5.58,4,1.395,2,2.79,1.88679245,13.16037736,420,424,1.00952381,2026-07-01,2026-07-17
IN,1641083631350576,120246277036360106,"🇮🇳 IN_92 [FortuneGems]",USD,4.73,,,,,0.74626866,8.82462687,534,536,1.00374532,2026-07-01,2026-07-17
IN,1641083631350576,120246277036520106,"🇮🇳 IN_92 [FortuneGems]",USD,1.47,1,1.47,,,3.57142857,17.5,82,84,1.02439024,2026-07-01,2026-07-17
IN,1641083631350576,120246277036330106,"🇮🇳 IN_92 [FortuneGems]",USD,4.34,,,1,4.34,1.07142857,7.75,534,560,1.04868914,2026-07-01,2026-07-17
IN,1641083631350576,120246277036370106,"🇮🇳 IN_92 [FortuneGems]",USD,6.23,1,6.23,,,0.84388186,8.76230661,689,711,1.03193033,2026-07-01,2026-07-17
IN,1641083631350576,120246277036170106,"🇮🇳 IN_92 [FortuneGems]",USD,4.79,2,2.395,2,2.395,1.73611111,16.63194444,280,288,1.02857143,2026-07-01,2026-07-17
IN,1641083631350576,120246292291890106,"🇮🇳 IN_94 [FortuneGems]",USD,3.61,6,0.60166667,2,1.805,2.0661157,7.45867769,475,484,1.01894737,2026-07-01,2026-07-17
IN,1641083631350576,120246292361900106,"🇮🇳 IN_94 [FortuneGems]",USD,8.7,10,0.87,2,4.35,2.29591837,11.09693878,746,784,1.05093834,2026-07-01,2026-07-17
IN,1641083631350576,120246292361830106,"🇮🇳 IN_94 [FortuneGems]",USD,1.25,,,,,0.88888889,5.55555556,222,225,1.01351351,2026-07-01,2026-07-17
IN,1641083631350576,120246292361930106,"🇮🇳 IN_94 [FortuneGems]",USD,5.02,2,2.51,,,0.92421442,9.27911275,533,541,1.01500938,2026-07-01,2026-07-17
IN,1641083631350576,120246292361870106,"🇮🇳 IN_94 [FortuneGems]",USD,2.49,1,2.49,,,0.86206897,7.15517241,341,348,1.02052786,2026-07-01,2026-07-17
IN,1641083631350576,120246292361800106,"🇮🇳 IN_94 [FortuneGems]",USD,2.59,1,2.59,,,0.98039216,8.46405229,299,306,1.02341137,2026-07-01,2026-07-17
IN,1641083631350576,120246292361850106,"🇮🇳 IN_94 [FortuneGems]",USD,1.36,,,,,0,10,133,136,1.02255639,2026-07-01,2026-07-17
IN,1641083631350576,120246292361810106,"🇮🇳 IN_94 [FortuneGems]",USD,3.24,1,3.24,,,0.74211503,6.01113173,522,539,1.03256705,2026-07-01,2026-07-17
IN,1641083631350576,120246292361860106,"🇮🇳 IN_94 [FortuneGems]",USD,5.68,3,1.89333333,2,2.84,0.80428954,7.61394102,716,746,1.04189944,2026-07-01,2026-07-17
IN,1641083631350576,120246292361740106,"🇮🇳 IN_94 [FortuneGems]",USD,2.33,1,2.33,,,0.34482759,8.03448276,287,290,1.01045296,2026-07-01,2026-07-17
IN,1641083631350576,120246292361440106,"🇮🇳 IN_94 [FortuneGems]",USD,3.01,1,3.01,,,1.09289617,8.22404372,357,366,1.02521008,2026-07-01,2026-07-17
IN,1641083631350576,120246292361450106,"🇮🇳 IN_94 [FortuneGems]",USD,6.04,4,1.51,2,3.02,0.64599483,7.80361757,774,774,1,2026-07-01,2026-07-17
IN,1641083631350576,120246292361880106,"🇮🇳 IN_94 [FortuneGems]",USD,7.56,4,1.89,2,3.78,1.24575311,8.5617214,883,883,1,2026-07-01,2026-07-17
IN,1641083631350576,120246292361790106,"🇮🇳 IN_94 [FortuneGems]",USD,1.23,,,1,1.23,0.90497738,5.56561086,215,221,1.02790698,2026-07-01,2026-07-17
IN,1641083631350576,120246292361770106,"🇮🇳 IN_94 [FortuneGems]",USD,5.8,5,1.16,,,2.19178082,7.94520548,707,730,1.03253182,2026-07-01,2026-07-17
IN,1641083631350576,120246292361760106,"🇮🇳 IN_94 [FortuneGems]",USD,5.48,4,1.37,1,5.48,1.19521912,7.27755644,753,753,1,2026-07-01,2026-07-17
IN,1641083631350576,120246292361750106,"🇮🇳 IN_94 [FortuneGems]",USD,6.95,5,1.39,2,3.475,1.37195122,10.5945122,638,656,1.02821317,2026-07-01,2026-07-17
IN,1641083631350576,120246292361820106,"🇮🇳 IN_94 [FortuneGems]",USD,8.38,8,1.0475,6,1.39666667,1.44032922,8.62139918,904,972,1.07522124,2026-07-01,2026-07-17
IN,1641083631350576,120246292361780106,"🇮🇳 IN_94 [FortuneGems]",USD,4.04,1,4.04,1,4.04,0.43383948,8.76355748,456,461,1.01096491,2026-07-01,2026-07-17
IN,1641083631350576,120246292361840106,"🇮🇳 IN_94 [FortuneGems]",USD,3.18,2,1.59,1,3.18,1.11607143,7.09821429,431,448,1.03944316,2026-07-01,2026-07-17
IN,1641083631350576,120246292550950106,"🇮🇳 IN_92 [FortuneGems]",USD,0.08,,,,,0,80,1,1,1,2026-07-01,2026-07-17
IN,1641083631350576,120246292550920106,"🇮🇳 IN_92 [FortuneGems]",USD,0,,,,,0,0,1,1,1,2026-07-01,2026-07-17
IN,1641083631350576,120246292550910106,"🇮🇳 IN_92 [FortuneGems]",USD,0,,,,,0,0,1,1,1,2026-07-01,2026-07-17
IN,1641083631350576,120246293063550106,"🇮🇳 IN_92 [FortuneGems]",USD,3.26,1,3.26,1,3.26,2.2875817,10.65359477,296,306,1.03378378,2026-07-01,2026-07-17
IN,1641083631350576,120246293082570106,"🇮🇳 IN_92 [FortuneGems]",USD,4.74,5,0.948,1,4.74,2.11640212,12.53968254,360,378,1.05,2026-07-01,2026-07-17
IN,1641083631350576,120246293082600106,"🇮🇳 IN_92 [FortuneGems]",USD,7.98,7,1.14,4,1.995,3.17757009,14.91588785,499,535,1.07214429,2026-07-01,2026-07-17
IN,1641083631350576,120246293082630106,"🇮🇳 IN_92 [FortuneGems]",USD,2.59,1,2.59,1,2.59,2.97619048,15.41666667,166,168,1.01204819,2026-07-01,2026-07-17
IN,1641083631350576,120246293082650106,"🇮🇳 IN_92 [FortuneGems]",USD,4.74,7,0.67714286,6,0.79,2.52873563,10.89655172,420,435,1.03571429,2026-07-01,2026-07-17
IN,1641083631350576,120246293082530106,"🇮🇳 IN_92 [FortuneGems]",USD,2.13,,,,,1.16959064,12.45614035,164,171,1.04268293,2026-07-01,2026-07-17
IN,1641083631350576,120246293082680106,"🇮🇳 IN_92 [FortuneGems]",USD,8.06,7,1.15142857,4,2.015,2.04724409,12.69291339,600,635,1.05833333,2026-07-01,2026-07-17
IN,1641083631350576,120246293082670106,"🇮🇳 IN_92 [FortuneGems]",USD,6.37,6,1.06166667,2,3.185,1.97802198,14,448,455,1.015625,2026-07-01,2026-07-17
IN,1641083631350576,120246293082640106,"🇮🇳 IN_92 [FortuneGems]",USD,3.35,1,3.35,1,3.35,2.97029703,11.05610561,303,303,1,2026-07-01,2026-07-17
IN,1641083631350576,120246293082590106,"🇮🇳 IN_92 [FortuneGems]",USD,7.81,11,0.71,7,1.11571429,5.30612245,15.93877551,464,490,1.05603448,2026-07-01,2026-07-17
IN,1641083631350576,120246293082250106,"🇮🇳 IN_92 [FortuneGems]",USD,3.84,4,0.96,1,3.84,1.75879397,9.64824121,386,398,1.03108808,2026-07-01,2026-07-17
IN,1641083631350576,120246293082240106,"🇮🇳 IN_92 [FortuneGems]",USD,1.53,,,,,0.66225166,10.13245033,144,151,1.04861111,2026-07-01,2026-07-17
IN,1641083631350576,120246293082560106,"🇮🇳 IN_92 [FortuneGems]",USD,4.71,3,1.57,1,4.71,2.20264317,10.37444934,433,454,1.04849885,2026-07-01,2026-07-17
IN,1641083631350576,120246293082230106,"🇮🇳 IN_92 [FortuneGems]",USD,1.93,,,,,0.66666667,12.86666667,144,150,1.04166667,2026-07-01,2026-07-17
IN,1641083631350576,120246293082540106,"🇮🇳 IN_92 [FortuneGems]",USD,7.99,17,0.47,11,0.72636364,3.02197802,10.97527473,697,728,1.04447633,2026-07-01,2026-07-17
IN,1641083631350576,120246293082660106,"🇮🇳 IN_92 [FortuneGems]",USD,6.16,4,1.54,1,6.16,2.85132383,12.54582485,453,491,1.08388521,2026-07-01,2026-07-17
IN,1641083631350576,120246293082610106,"🇮🇳 IN_92 [FortuneGems]",USD,7.77,10,0.777,7,1.11,3.85438972,16.63811563,441,467,1.05895692,2026-07-01,2026-07-17
IN,1641083631350576,120246293082550106,"🇮🇳 IN_92 [FortuneGems]",USD,8.25,8,1.03125,2,4.125,1.95035461,14.62765957,543,564,1.03867403,2026-07-01,2026-07-17
IN,1641083631350576,120246293082580106,"🇮🇳 IN_92 [FortuneGems]",USD,8.32,12,0.69333333,9,0.92444444,2.80898876,11.68539326,683,712,1.04245974,2026-07-01,2026-07-17
IN,1641083631350576,120246293082620106,"🇮🇳 IN_92 [FortuneGems]",USD,4.06,5,0.812,1,4.06,2.79898219,10.3307888,377,393,1.04244032,2026-07-01,2026-07-17
IN,1641083631350576,120246310593000106,"🇮🇳 IN_92 [FortuneGems]",USD,4.13,1,4.13,,,0.83102493,11.44044321,342,361,1.05555556,2026-07-01,2026-07-17
IN,1641083631350576,120246310625590106,"🇮🇳 IN_95 [FortuneGems]",USD,0.05,,,,,0,4.54545455,11,11,1,2026-07-01,2026-07-17
IN,1641083631350576,120246310625460106,"🇮🇳 IN_95 [FortuneGems]",USD,1.01,,,,,0,15.3030303,65,66,1.01538462,2026-07-01,2026-07-17
IN,1641083631350576,120246310625500106,"🇮🇳 IN_95 [FortuneGems]",USD,9.33,2,4.665,1,9.33,0.97087379,22.64563107,396,412,1.04040404,2026-07-01,2026-07-17
IN,1641083631350576,120246310625530106,"🇮🇳 IN_95 [FortuneGems]",USD,0.01,,,,,0,1,10,10,1,2026-07-01,2026-07-17
IN,1641083631350576,120246310625540106,"🇮🇳 IN_95 [FortuneGems]",USD,0.26,1,0.26,,,2.94117647,7.64705882,34,34,1,2026-07-01,2026-07-17
IN,1641083631350576,120246310625550106,"🇮🇳 IN_95 [FortuneGems]",USD,0,,,,,0,0,1,1,1,2026-07-01,2026-07-17
IN,1641083631350576,120246310625580106,"🇮🇳 IN_95 [FortuneGems]",USD,0,,,,,0,0,4,4,1,2026-07-01,2026-07-17
IN,1641083631350576,120246310625470106,"🇮🇳 IN_95 [FortuneGems]",USD,1.51,2,0.755,2,0.755,1.78571429,13.48214286,111,112,1.00900901,2026-07-01,2026-07-17
IN,1641083631350576,120246310625600106,"🇮🇳 IN_95 [FortuneGems]",USD,1.35,2,0.675,1,1.35,1.4084507,19.01408451,69,71,1.02898551,2026-07-01,2026-07-17
IN,1641083631350576,120246310625440106,"🇮🇳 IN_94 [FortuneGems]",USD,1.83,,,,,0.4784689,8.75598086,207,209,1.00966184,2026-07-01,2026-07-17
IN,1641083631350576,120246310625430106,"🇮🇳 IN_94 [FortuneGems]",USD,1.66,,,,,1.53061224,8.46938776,194,196,1.01030928,2026-07-01,2026-07-17
IN,1641083631350576,120246310625450106,"🇮🇳 IN_94 [FortuneGems]",USD,6.98,4,1.745,1,6.98,2.42825607,15.40838852,436,453,1.03899083,2026-07-01,2026-07-17
IN,1641083631350576,120246310625470106,"🇮🇳 IN_94 [FortuneGems]",USD,0.02,,,,,0,5,4,4,1,2026-07-01,2026-07-17
IN,1641083631350576,120246310625480106,"🇮🇳 IN_94 [FortuneGems]",USD,2.98,1,2.98,,,2.17391304,12.95652174,224,230,1.02678571,2026-07-01,2026-07-17
IN,1641083631350576,120246310625370106,"🇮🇳 IN_94 [FortuneGems]",USD,5.79,4,1.4475,1,5.79,1.97183099,16.30985915,355,355,1,2026-07-01,2026-07-17
IN,1641083631350576,120246310625520106,"🇮🇳 IN_94 [FortuneGems]",USD,2.11,2,1.055,1,2.11,0.9009009,9.5045045,214,222,1.03738318,2026-07-01,2026-07-17
IN,1641083631350576,120246310625510106,"🇮🇳 IN_94 [FortuneGems]",USD,2.54,,,,,1.37931034,17.51724138,145,145,1,2026-07-01,2026-07-17
IN,1641083631350576,120246310625440106,"🇮🇳 IN_95 [FortuneGems]",USD,2.07,,,,,1.96078431,20.29411765,101,102,1.00990099,2026-07-01,2026-07-17
IN,1641083631350576,120246310625450106,"🇮🇳 IN_95 [FortuneGems]",USD,0,,,,,0,0,1,1,1,2026-07-01,2026-07-17
IN,1641083631350576,120246310625430106,"🇮🇳 IN_95 [FortuneGems]",USD,1.09,,,,,0,12.24719101,89,89,1,2026-07-01,2026-07-17
IN,1641083631350576,120246310625570106,"🇮🇳 IN_92 [FortuneGems]",USD,0.49,2,0.245,,,6.06060606,14.84848485,31,33,1.06451613,2026-07-01,2026-07-17
IN,1641083631350576,120246310625600106,"🇮🇳 IN_92 [FortuneGems]",USD,5.51,,,,,0,27.96954315,192,197,1.02604167,2026-07-01,2026-07-17
IN,1641083631350576,120246310625730106,"🇮🇳 IN_92 [FortuneGems]",USD,8.45,8,1.05625,,,2.98507463,15.76492537,526,536,1.01901141,2026-07-01,2026-07-17
IN,1641083631350576,120246310625590106,"🇮🇳 IN_92 [FortuneGems]",USD,7.81,7,1.11571429,4,1.9525,3.49127182,19.47630923,396,401,1.01262626,2026-07-01,2026-07-17
IN,1641083631350576,120246310625560106,"🇮🇳 IN_92 [FortuneGems]",USD,14.74,17,0.86705882,10,1.474,3.08699719,13.78858746,993,1069,1.07653575,2026-07-01,2026-07-17
IN,1641083631350576,120246310625530106,"🇮🇳 IN_94 [FortuneGems]",USD,0.04,,,,,0,20,2,2,1,2026-07-01,2026-07-17
IN,1641083631350576,120246310625550106,"🇮🇳 IN_94 [FortuneGems]",USD,6.4,3,2.13333333,,,1.96078431,13.94335512,456,459,1.00657895,2026-07-01,2026-07-17
IN,1641083631350576,120246310625560106,"🇮🇳 IN_94 [FortuneGems]",USD,0.42,1,0.42,1,0.42,8.33333333,35,12,12,1,2026-07-01,2026-07-17
IN,1641083631350576,120246310625570106,"🇮🇳 IN_94 [FortuneGems]",USD,6.25,4,1.5625,2,3.125,2.53968254,19.84126984,315,315,1,2026-07-01,2026-07-17
IN,1641083631350576,120246310625580106,"🇮🇳 IN_94 [FortuneGems]",USD,5.77,2,2.885,1,5.77,1.08695652,15.67934783,363,368,1.0137741,2026-07-01,2026-07-17
IN,1641083631350576,120246310625590106,"🇮🇳 IN_94 [FortuneGems]",USD,1.55,3,0.51666667,,,2.06185567,7.98969072,194,194,1,2026-07-01,2026-07-17
IN,1641083631350576,120246310625600106,"🇮🇳 IN_94 [FortuneGems]",USD,0.47,,,,,0,12.7027027,37,37,1,2026-07-01,2026-07-17
IN,1641083631350576,120246310625430106,"🇮🇳 IN_92 [FortuneGems]",USD,4.56,5,0.912,2,2.28,2.44648318,13.94495413,321,327,1.01869159,2026-07-01,2026-07-17
IN,1641083631350576,120246310625480106,"🇮🇳 IN_92 [FortuneGems]",USD,10.56,8,1.32,4,2.64,2.01863354,16.39751553,613,644,1.05057096,2026-07-01,2026-07-17
IN,1641083631350576,120246310625460106,"🇮🇳 IN_92 [FortuneGems]",USD,14.59,21,0.6947619,11,1.32636364,3.68033649,15.34174553,890,951,1.06853933,2026-07-01,2026-07-17
IN,1641083631350576,120246310625470106,"🇮🇳 IN_92 [FortuneGems]",USD,7.75,6,1.29166667,3,2.58333333,2.22672065,15.68825911,474,494,1.04219409,2026-07-01,2026-07-17
IN,1641083631350576,120246310625530106,"🇮🇳 IN_92 [FortuneGems]",USD,16.35,20,0.8175,9,1.81666667,3.28330206,15.33771107,1019,1066,1.04612365,2026-07-01,2026-07-17
IN,1641083631350576,120246310625520106,"🇮🇳 IN_92 [FortuneGems]",USD,3.05,2,1.525,,,4.34782609,18.94409938,157,161,1.02547771,2026-07-01,2026-07-17
IN,1641083631350576,120246310625510106,"🇮🇳 IN_92 [FortuneGems]",USD,13.09,20,0.6545,13,1.00692308,4.33639947,17.20105125,726,761,1.04820937,2026-07-01,2026-07-17
IN,1641083631350576,120246310625540106,"🇮🇳 IN_92 [FortuneGems]",USD,5.85,4,1.4625,2,2.925,2.68456376,19.63087248,298,298,1,2026-07-01,2026-07-17
IN,1641083631350576,120246311281120106,"🇮🇳 IN_94 [FortuneGems]",USD,1.28,,,,,0,10.49180328,122,122,1,2026-07-01,2026-07-17
IN,1641083631350576,120246311281120106,"🇮🇳 IN_95 [FortuneGems]",USD,0.05,,,,,0,10,5,5,1,2026-07-01,2026-07-17
IN,1641083631350576,120246311285010106,"🇮🇳 IN_92 [FortuneGems]",USD,4.22,2,2.11,,,2.63157895,18.50877193,222,228,1.02702703,2026-07-01,2026-07-17
IN,1641083631350576,120246311284770106,"🇮🇳 IN_92 [FortuneGems]",USD,3.31,5,0.662,3,1.10333333,3.63636364,20.06060606,162,165,1.01851852,2026-07-01,2026-07-17
IN,1641083631350576,120246311285050106,"🇮🇳 IN_95 [FortuneGems]",USD,16.21,14,1.15785714,8,2.02625,2.12765957,12.77383767,1194,1269,1.06281407,2026-07-01,2026-07-17
IN,1641083631350576,120246311284740106,"🇮🇳 IN_92 [FortuneGems]",USD,1.64,4,0.41,1,1.64,3.10077519,12.71317829,126,129,1.02380952,2026-07-01,2026-07-17
IN,1641083631350576,120246311284060106,"🇮🇳 IN_95 [FortuneGems]",USD,0.05,,,,,0,5.55555556,9,9,1,2026-07-01,2026-07-17
IN,1641083631350576,120246311284650106,"🇮🇳 IN_95 [FortuneGems]",USD,0.38,,,,,5.55555556,10.55555556,36,36,1,2026-07-01,2026-07-17
IN,1641083631350576,120246311284750106,"🇮🇳 IN_94 [FortuneGems]",USD,4.04,3,1.34666667,1,4.04,1.84210526,10.63157895,378,380,1.00529101,2026-07-01,2026-07-17
IN,1641083631350576,120246311284820106,"🇮🇳 IN_95 [FortuneGems]",USD,0.65,,,,,0,10.83333333,59,60,1.01694915,2026-07-01,2026-07-17
IN,1641083631350576,120246311284770106,"🇮🇳 IN_94 [FortuneGems]",USD,1.41,1,1.41,,,0.72992701,10.2919708,135,137,1.01481481,2026-07-01,2026-07-17
IN,1641083631350576,120246311284970106,"🇮🇳 IN_94 [FortuneGems]",USD,4.1,1,4.1,1,4.1,0.95541401,13.05732484,310,314,1.01290323,2026-07-01,2026-07-17
IN,1641083631350576,120246311284990106,"🇮🇳 IN_92 [FortuneGems]",USD,1.94,3,0.64666667,2,0.97,2.14285714,13.85714286,136,140,1.02941176,2026-07-01,2026-07-17
IN,1641083631350576,120246311285050106,"🇮🇳 IN_92 [FortuneGems]",USD,4.05,5,0.81,3,1.35,3.0418251,15.39923954,256,263,1.02734375,2026-07-01,2026-07-17
IN,1641083631350576,120246311285040106,"🇮🇳 IN_94 [FortuneGems]",USD,4.63,2,2.315,1,4.63,0.70754717,10.91981132,417,424,1.01678657,2026-07-01,2026-07-17
IN,1641083631350576,120246311284960106,"🇮🇳 IN_92 [FortuneGems]",USD,0.27,,,,,0,12.85714286,20,21,1.05,2026-07-01,2026-07-17
IN,1641083631350576,120246311285010106,"🇮🇳 IN_94 [FortuneGems]",USD,1.76,1,1.76,1,1.76,0.56179775,9.88764045,177,178,1.00564972,2026-07-01,2026-07-17
IN,1641083631350576,120246311284600106,"🇮🇳 IN_92 [FortuneGems]",USD,2.31,,,,,2.7027027,62.43243243,37,37,1,2026-07-01,2026-07-17
IN,1641083631350576,120246311284630106,"🇮🇳 IN_92 [FortuneGems]",USD,0.38,,,,,0,13.10344828,28,29,1.03571429,2026-07-01,2026-07-17
IN,1641083631350576,120246311285020106,"🇮🇳 IN_94 [FortuneGems]",USD,4.55,4,1.1375,3,1.51666667,1.51187905,9.82721382,463,463,1,2026-07-01,2026-07-17
IN,1641083631350576,120246311284910106,"🇮🇳 IN_95 [FortuneGems]",USD,6.5,3,2.16666667,2,3.25,1.95121951,15.85365854,395,410,1.03797468,2026-07-01,2026-07-17
IN,1641083631350576,120246311284970106,"🇮🇳 IN_92 [FortuneGems]",USD,0.9,,,,,0,28.125,32,32,1,2026-07-01,2026-07-17
IN,1641083631350576,120246311284830106,"🇮🇳 IN_92 [FortuneGems]",USD,0.09,1,0.09,1,0.09,7.69230769,6.92307692,13,13,1,2026-07-01,2026-07-17
IN,1641083631350576,120246311284800106,"🇮🇳 IN_92 [FortuneGems]",USD,2.91,1,2.91,,,2.36220472,22.91338583,124,127,1.02419355,2026-07-01,2026-07-17
IN,1641083631350576,120246311285040106,"🇮🇳 IN_92 [FortuneGems]",USD,0,,,,,0,0,3,3,1,2026-07-01,2026-07-17
IN,1641083631350576,120246311284820106,"🇮🇳 IN_92 [FortuneGems]",USD,0.82,,,,,0,14.13793103,56,58,1.03571429,2026-07-01,2026-07-17
IN,1641083631350576,120246311285020106,"🇮🇳 IN_92 [FortuneGems]",USD,0.53,,,,,0,11.27659574,45,47,1.04444444,2026-07-01,2026-07-17
IN,1641083631350576,120246311284960106,"🇮🇳 IN_94 [FortuneGems]",USD,3.62,1,3.62,1,3.62,1.09489051,13.21167883,270,274,1.01481481,2026-07-01,2026-07-17
IN,1641083631350576,120246311284770106,"🇮🇳 IN_95 [FortuneGems]",USD,8.74,5,1.748,5,1.748,2.20338983,14.81355932,568,590,1.03873239,2026-07-01,2026-07-17
IN,1641083631350576,120246311284790106,"🇮🇳 IN_95 [FortuneGems]",USD,2.54,1,2.54,,,2.33463035,9.88326848,255,257,1.00784314,2026-07-01,2026-07-17
IN,1641083631350576,120246311285040106,"🇮🇳 IN_95 [FortuneGems]",USD,0.64,,,,,0,11.63636364,55,55,1,2026-07-01,2026-07-17
IN,1641083631350576,120246311284070106,"🇮🇳 IN_94 [FortuneGems]",USD,2.78,1,2.78,,,1.48883375,6.89826303,400,403,1.0075,2026-07-01,2026-07-17
IN,1641083631350576,120246311284760106,"🇮🇳 IN_94 [FortuneGems]",USD,2.02,1,2.02,,,0.59171598,11.95266272,164,169,1.0304878,2026-07-01,2026-07-17
IN,1641083631350576,120246311284830106,"🇮🇳 IN_94 [FortuneGems]",USD,5.02,2,2.51,1,5.02,0.34722222,8.71527778,576,576,1,2026-07-01,2026-07-17
IN,1641083631350576,120246311284820106,"🇮🇳 IN_94 [FortuneGems]",USD,0.98,1,0.98,1,0.98,0.5952381,5.83333333,166,168,1.01204819,2026-07-01,2026-07-17
IN,1641083631350576,120246311284810106,"🇮🇳 IN_94 [FortuneGems]",USD,2.01,,,,,0.26666667,5.36,375,375,1,2026-07-01,2026-07-17
IN,1641083631350576,120246311285050106,"🇮🇳 IN_94 [FortuneGems]",USD,9.38,6,1.56333333,4,2.345,1.61001789,16.77996422,556,559,1.00539568,2026-07-01,2026-07-17
IN,1641083631350576,120246311284780106,"🇮🇳 IN_94 [FortuneGems]",USD,2.62,,,,,0.52910053,13.86243386,189,189,1,2026-07-01,2026-07-17
IN,1641083631350576,120246311284650106,"🇮🇳 IN_94 [FortuneGems]",USD,4.1,3,1.36666667,1,4.1,1.69491525,11.5819209,352,354,1.00568182,2026-07-01,2026-07-17
IN,1641083631350576,120246311284060106,"🇮🇳 IN_94 [FortuneGems]",USD,2.03,1,2.03,,,1.42180095,9.62085308,210,211,1.0047619,2026-07-01,2026-07-17
IN,1641083631350576,120246311284750106,"🇮🇳 IN_95 [FortuneGems]",USD,0.58,,,,,0,10.1754386,57,57,1,2026-07-01,2026-07-17
IN,1641083631350576,120246311284590106,"🇮🇳 IN_94 [FortuneGems]",USD,1.59,,,,,1.38888889,11.04166667,144,144,1,2026-07-01,2026-07-17
IN,1641083631350576,120246311284600106,"🇮🇳 IN_94 [FortuneGems]",USD,1.93,,,,,0,13.78571429,140,140,1,2026-07-01,2026-07-17
IN,1641083631350576,120246311284630106,"🇮🇳 IN_94 [FortuneGems]",USD,2.18,1,2.18,,,0.90634441,6.58610272,330,331,1.0030303,2026-07-01,2026-07-17
IN,1641083631350576,120246311284760106,"🇮🇳 IN_95 [FortuneGems]",USD,2.79,3,0.93,1,2.79,1.32743363,12.34513274,225,226,1.00444444,2026-07-01,2026-07-17
IN,1641083631350576,120246311284740106,"🇮🇳 IN_95 [FortuneGems]",USD,4.46,2,2.23,,,1.5060241,13.43373494,323,332,1.02786378,2026-07-01,2026-07-17
IN,1641083631350576,120246311284970106,"🇮🇳 IN_95 [FortuneGems]",USD,0.7,,,,,0,6.7961165,102,103,1.00980392,2026-07-01,2026-07-17
IN,1641083631350576,120246311284990106,"🇮🇳 IN_95 [FortuneGems]",USD,2.36,1,2.36,,,0.37878788,8.93939394,260,264,1.01538462,2026-07-01,2026-07-17
IN,1641083631350576,120246311284590106,"🇮🇳 IN_95 [FortuneGems]",USD,1.07,,,,,0,18.13559322,58,59,1.01724138,2026-07-01,2026-07-17
IN,1641083631350576,120246311284780106,"🇮🇳 IN_92 [FortuneGems]",USD,0.01,,,,,0,5,2,2,1,2026-07-01,2026-07-17
IN,1641083631350576,120246311284760106,"🇮🇳 IN_92 [FortuneGems]",USD,0.73,,,,,0,14.03846154,50,52,1.04,2026-07-01,2026-07-17
IN,1641083631350576,120246311284790106,"🇮🇳 IN_92 [FortuneGems]",USD,0.27,,,,,0,19.28571429,14,14,1,2026-07-01,2026-07-17
IN,1641083631350576,120246363324460106,"🇮🇳 IN_94 [FortuneGems]",USD,1.75,1,1.75,1,1.75,0.42372881,7.41525424,233,236,1.01287554,2026-07-01,2026-07-17
IN,1641083631350576,120246363369440106,"🇮🇳 IN_92 [FortuneGems]",USD,2.54,,,,,0.46948357,11.92488263,207,213,1.02898551,2026-07-01,2026-07-17
IN,1641083631350576,120246363398780106,"🇮🇳 IN_92 [FortuneGems]",USD,2.45,1,2.45,1,2.45,2.51572327,15.40880503,157,159,1.01273885,2026-07-01,2026-07-17
IN,1641083631350576,120246363398610106,"🇮🇳 IN_92 [FortuneGems]",USD,0.54,2,0.27,2,0.27,5.40540541,14.59459459,37,37,1,2026-07-01,2026-07-17
IN,1641083631350576,120246363398770106,"🇮🇳 IN_92 [FortuneGems]",USD,2.52,1,2.52,1,2.52,2.92682927,12.29268293,197,205,1.04060914,2026-07-01,2026-07-17
IN,1641083631350576,120246363398810106,"🇮🇳 IN_92 [FortuneGems]",USD,1.92,2,0.96,2,0.96,2.05479452,13.15068493,144,146,1.01388889,2026-07-01,2026-07-17
IN,1641083631350576,120246363398790106,"🇮🇳 IN_92 [FortuneGems]",USD,2.12,5,0.424,4,0.53,3.10880829,10.98445596,190,193,1.01578947,2026-07-01,2026-07-17
IN,1641083631350576,120246363398800106,"🇮🇳 IN_92 [FortuneGems]",USD,2.27,,,,,0,18.45528455,122,123,1.00819672,2026-07-01,2026-07-17
IN,1641083631350576,120246363398830106,"🇮🇳 IN_92 [FortuneGems]",USD,2.25,2,1.125,2,1.125,3.73134328,16.79104478,132,134,1.01515152,2026-07-01,2026-07-17
IN,1641083631350576,120246363398820106,"🇮🇳 IN_92 [FortuneGems]",USD,1.13,2,0.565,1,1.13,2.97029703,11.18811881,98,101,1.03061224,2026-07-01,2026-07-17
IN,1641083631350576,120246363398740106,"🇮🇳 IN_94 [FortuneGems]",USD,0.06,,,,,0,6,10,10,1,2026-07-01,2026-07-17
IN,1641083631350576,120246363398090106,"🇮🇳 IN_92 [FortuneGems]",USD,2.48,2,1.24,2,1.24,1.4354067,11.86602871,205,209,1.0195122,2026-07-01,2026-07-17
IN,1641083631350576,120246363398630106,"🇮🇳 IN_94 [FortuneGems]",USD,2,3,0.66666667,2,1,1.49253731,7.46268657,257,268,1.04280156,2026-07-01,2026-07-17
IN,1641083631350576,120246363398650106,"🇮🇳 IN_94 [FortuneGems]",USD,2.83,3,0.94333333,3,0.94333333,1.97368421,9.30921053,301,304,1.00996678,2026-07-01,2026-07-17
IN,1641083631350576,120246363398620106,"🇮🇳 IN_94 [FortuneGems]",USD,2.82,3,0.94,1,2.82,0.93167702,8.75776398,310,322,1.03870968,2026-07-01,2026-07-17
IN,1641083631350576,120246363398740106,"🇮🇳 IN_92 [FortuneGems]",USD,2.8,,,,,1.6194332,11.33603239,243,247,1.01646091,2026-07-01,2026-07-17
IN,1641083631350576,120246363398650106,"🇮🇳 IN_92 [FortuneGems]",USD,0.25,,,,,0,13.88888889,18,18,1,2026-07-01,2026-07-17
IN,1641083631350576,120246363398620106,"🇮🇳 IN_92 [FortuneGems]",USD,2.81,3,0.93666667,3,0.93666667,4.22535211,39.57746479,68,71,1.04411765,2026-07-01,2026-07-17
IN,1641083631350576,120246363398630106,"🇮🇳 IN_92 [FortuneGems]",USD,1.1,2,0.55,1,1.1,3.65853659,13.41463415,81,82,1.01234568,2026-07-01,2026-07-17
IN,1641083631350576,120246363398660106,"🇮🇳 IN_92 [FortuneGems]",USD,4.31,4,1.0775,3,1.43666667,3.03030303,18.65800866,222,231,1.04054054,2026-07-01,2026-07-17
IN,1641083631350576,120246363398750106,"🇮🇳 IN_94 [FortuneGems]",USD,2.97,1,2.97,,,0.83333333,12.375,238,240,1.00840336,2026-07-01,2026-07-17
IN,1641083631350576,120246363398640106,"🇮🇳 IN_94 [FortuneGems]",USD,1.93,,,,,0.9569378,9.23444976,206,209,1.01456311,2026-07-01,2026-07-17
IN,1641083631350576,120246363398670106,"🇮🇳 IN_94 [FortuneGems]",USD,2.99,,,,,0.70921986,10.60283688,279,282,1.01075269,2026-07-01,2026-07-17
IN,1641083631350576,120246363398680106,"🇮🇳 IN_94 [FortuneGems]",USD,3.78,1,3.78,,,0.37174721,14.05204461,267,269,1.00749064,2026-07-01,2026-07-17
IN,1641083631350576,120246363398690106,"🇮🇳 IN_94 [FortuneGems]",USD,2.71,1,2.71,,,0.48899756,6.62591687,396,409,1.03282828,2026-07-01,2026-07-17
IN,1641083631350576,120246363398700106,"🇮🇳 IN_94 [FortuneGems]",USD,2.96,,,,,0.79575597,7.85145889,375,377,1.00533333,2026-07-01,2026-07-17
IN,1641083631350576,120246363398710106,"🇮🇳 IN_94 [FortuneGems]",USD,2.18,1,2.18,2,1.09,1.5015015,6.54654655,328,333,1.0152439,2026-07-01,2026-07-17
IN,1641083631350576,120246363398730106,"🇮🇳 IN_94 [FortuneGems]",USD,2.46,1,2.46,1,2.46,0.82644628,10.16528926,233,242,1.03862661,2026-07-01,2026-07-17
IN,1641083631350576,120246363398720106,"🇮🇳 IN_94 [FortuneGems]",USD,2.63,1,2.63,,,0.85227273,7.47159091,344,352,1.02325581,2026-07-01,2026-07-17
IN,1641083631350576,120246363398610106,"🇮🇳 IN_94 [FortuneGems]",USD,3.72,2,1.86,2,1.86,1.84501845,13.72693727,271,271,1,2026-07-01,2026-07-17
IN,1641083631350576,120246363398760106,"🇮🇳 IN_94 [FortuneGems]",USD,2.58,2,1.29,2,1.29,0.84269663,7.24719101,336,356,1.05952381,2026-07-01,2026-07-17
IN,1641083631350576,120246363398800106,"🇮🇳 IN_94 [FortuneGems]",USD,0.59,,,,,0.81967213,4.83606557,121,122,1.00826446,2026-07-01,2026-07-17
IN,1641083631350576,120246363398810106,"🇮🇳 IN_94 [FortuneGems]",USD,2.12,1,2.12,1,2.12,0.60606061,12.84848485,161,165,1.02484472,2026-07-01,2026-07-17
IN,1641083631350576,120246363398790106,"🇮🇳 IN_94 [FortuneGems]",USD,2.36,2,1.18,1,2.36,3.65853659,14.3902439,162,164,1.01234568,2026-07-01,2026-07-17
IN,1641083631350576,120246363398840106,"🇮🇳 IN_94 [FortuneGems]",USD,3.88,5,0.776,4,0.97,2.21518987,12.27848101,294,316,1.07482993,2026-07-01,2026-07-17
IN,1641083631350576,120246363398850106,"🇮🇳 IN_94 [FortuneGems]",USD,3.16,1,3.16,1,3.16,0.8,12.64,245,250,1.02040816,2026-07-01,2026-07-17
IN,1641083631350576,120246363398990106,"🇮🇳 IN_94 [FortuneGems]",USD,2.32,,,,,0.95923261,5.56354916,411,417,1.01459854,2026-07-01,2026-07-17
IN,1641083631350576,120246363398830106,"🇮🇳 IN_94 [FortuneGems]",USD,2.78,3,0.92666667,1,2.78,2.87769784,20,139,139,1,2026-07-01,2026-07-17
IN,1641083631350576,120246363398820106,"🇮🇳 IN_94 [FortuneGems]",USD,2.13,2,1.065,1,2.13,1.17647059,8.35294118,250,255,1.02,2026-07-01,2026-07-17
IN,1641083631350576,120246363398090106,"🇮🇳 IN_94 [FortuneGems]",USD,2.58,1,2.58,1,2.58,1.6064257,10.36144578,243,249,1.02469136,2026-07-01,2026-07-17
IN,1641083631350576,120246363398100106,"🇮🇳 IN_94 [FortuneGems]",USD,3.46,1,3.46,,,0.39840637,13.78486056,247,251,1.01619433,2026-07-01,2026-07-17
IN,1641083631350576,120246365946530106,"🇮🇳 IN_92 [FortuneGems]",USD,1.93,1,1.93,1,1.93,5.17241379,11.09195402,171,174,1.01754386,2026-07-01,2026-07-17
IN,1641083631350576,120246365993880106,"🇮🇳 IN_92 [FortuneGems]",USD,1.92,,,,,0,14.22222222,135,135,1,2026-07-01,2026-07-17
IN,1641083631350576,120246365993900106,"🇮🇳 IN_92 [FortuneGems]",USD,2.22,2,1.11,2,1.11,3.07692308,17.07692308,125,130,1.04,2026-07-01,2026-07-17
IN,1641083631350576,120246365993860106,"🇮🇳 IN_92 [FortuneGems]",USD,1.82,2,0.91,,,2.40384615,8.75,203,208,1.02463054,2026-07-01,2026-07-17
IN,1641083631350576,120246365993890106,"🇮🇳 IN_92 [FortuneGems]",USD,1.79,5,0.358,3,0.59666667,2.24215247,8.02690583,218,223,1.02293578,2026-07-01,2026-07-17
IN,1641083631350576,120246365993490106,"🇮🇳 IN_92 [FortuneGems]",USD,2.27,,,,,1.48148148,16.81481481,133,135,1.01503759,2026-07-01,2026-07-17
IN,1641083631350576,120246365993810106,"🇮🇳 IN_92 [FortuneGems]",USD,2.46,2,1.23,2,1.23,1.61290323,13.22580645,184,186,1.01086957,2026-07-01,2026-07-17
IN,1641083631350576,120246365993820106,"🇮🇳 IN_92 [FortuneGems]",USD,2.89,2,1.445,1,2.89,1.34228188,19.39597315,148,149,1.00675676,2026-07-01,2026-07-17
IN,1641083631350576,120246365993870106,"🇮🇳 IN_92 [FortuneGems]",USD,2.29,1,2.29,,,1.53846154,17.61538462,128,130,1.015625,2026-07-01,2026-07-17
IN,1641083631350576,120246365993780106,"🇮🇳 IN_92 [FortuneGems]",USD,1.7,3,0.56666667,2,0.85,3.93258427,9.5505618,174,178,1.02298851,2026-07-01,2026-07-17
IN,1641083631350576,120246365993840106,"🇮🇳 IN_92 [FortuneGems]",USD,2.52,5,0.504,3,0.84,2.74725275,13.84615385,179,182,1.01675978,2026-07-01,2026-07-17
IN,1641083631350576,120246365993910106,"🇮🇳 IN_92 [FortuneGems]",USD,2.4,1,2.4,,,1.49253731,17.91044776,130,134,1.03076923,2026-07-01,2026-07-17
IN,1641083631350576,120246365993930106,"🇮🇳 IN_92 [FortuneGems]",USD,1.6,3,0.53333333,2,0.8,3.52941176,9.41176471,170,170,1,2026-07-01,2026-07-17
IN,1641083631350576,120246365993790106,"🇮🇳 IN_92 [FortuneGems]",USD,1.73,1,1.73,1,1.73,1.79640719,10.35928144,167,167,1,2026-07-01,2026-07-17
IN,1641083631350576,120246365994010106,"🇮🇳 IN_92 [FortuneGems]",USD,1.74,1,1.74,1,1.74,3.26086957,9.45652174,181,184,1.01657459,2026-07-01,2026-07-17
IN,1641083631350576,120246365993830106,"🇮🇳 IN_92 [FortuneGems]",USD,1.81,3,0.60333333,3,0.60333333,1.89873418,11.4556962,155,158,1.01935484,2026-07-01,2026-07-17
IN,1641083631350576,120246365993800106,"🇮🇳 IN_92 [FortuneGems]",USD,1.71,1,1.71,,,3.14465409,10.75471698,155,159,1.02580645,2026-07-01,2026-07-17
IN,1641083631350576,120246365993920106,"🇮🇳 IN_92 [FortuneGems]",USD,1.73,,,,,1.49253731,12.91044776,132,134,1.01515152,2026-07-01,2026-07-17
IN,1641083631350576,120246365994020106,"🇮🇳 IN_92 [FortuneGems]",USD,2.06,,,,,0.65789474,13.55263158,151,152,1.00662252,2026-07-01,2026-07-17
IN,1641083631350576,120246365993850106,"🇮🇳 IN_92 [FortuneGems]",USD,2,3,0.66666667,3,0.66666667,2.04081633,13.60544218,144,147,1.02083333,2026-07-01,2026-07-17
IN,1641083631350576,120246377795500106,"🇮🇳 IN_92 [FortuneGems]",USD,4.77,4,1.1925,3,1.59,4.11522634,19.62962963,226,243,1.07522124,2026-07-01,2026-07-17
IN,1641083631350576,120246377916910106,"🇮🇳 IN_96 [FortuneGems]",USD,0.17,,,,,0,10,16,17,1.0625,2026-07-01,2026-07-17
IN,1641083631350576,120246377916910106,"🇮🇳 IN_97 [FortuneGems]",USD,4.47,5,0.894,5,0.894,6.25,39.91071429,102,112,1.09803922,2026-07-01,2026-07-17
IN,1641083631350576,120246377916910106,"🇮🇳 IN_98 [FortuneGems]",USD,3.22,2,1.61,1,3.22,10,53.66666667,59,60,1.01694915,2026-07-01,2026-07-17
IN,1641083631350576,120246378361580106,"🇮🇳 IN_92 [FortuneGems]",USD,3.59,4,0.8975,3,1.19666667,1.50943396,13.54716981,256,265,1.03515625,2026-07-01,2026-07-17
IN,1641083631350576,120246378364170106,"🇮🇳 IN_92 [FortuneGems]",USD,3.72,4,0.93,3,1.24,2.5,15.5,235,240,1.0212766,2026-07-01,2026-07-17
IN,1641083631350576,120246378364220106,"🇮🇳 IN_92 [FortuneGems]",USD,1.64,,,,,0,28.77192982,55,57,1.03636364,2026-07-01,2026-07-17
IN,1641083631350576,120246378363840106,"🇮🇳 IN_92 [FortuneGems]",USD,4.82,4,1.205,2,2.41,2.55319149,20.5106383,230,235,1.02173913,2026-07-01,2026-07-17
IN,1641083631350576,120246378364190106,"🇮🇳 IN_92 [FortuneGems]",USD,0.87,,,,,0,9.7752809,85,89,1.04705882,2026-07-01,2026-07-17
IN,1641083631350576,120246378364280106,"🇮🇳 IN_92 [FortuneGems]",USD,3.76,2,1.88,2,1.88,2.88461538,18.07692308,201,208,1.03482587,2026-07-01,2026-07-17
IN,1641083631350576,120246378364290106,"🇮🇳 IN_92 [FortuneGems]",USD,4.18,3,1.39333333,3,1.39333333,1.13636364,15.83333333,255,264,1.03529412,2026-07-01,2026-07-17
IN,1641083631350576,120246378364300106,"🇮🇳 IN_92 [FortuneGems]",USD,0.68,,,,,1.25,8.5,80,80,1,2026-07-01,2026-07-17
IN,1641083631350576,120246378364260106,"🇮🇳 IN_92 [FortuneGems]",USD,1.38,,,,,0,15.68181818,83,88,1.06024096,2026-07-01,2026-07-17
IN,1641083631350576,120246378364320106,"🇮🇳 IN_92 [FortuneGems]",USD,0.75,1,0.75,1,0.75,1.33333333,10,73,75,1.02739726,2026-07-01,2026-07-17
IN,1641083631350576,120246378364440106,"🇮🇳 IN_92 [FortuneGems]",USD,4.49,4,1.1225,2,2.245,2.47933884,18.55371901,233,242,1.03862661,2026-07-01,2026-07-17
IN,1641083631350576,120246378364490106,"🇮🇳 IN_92 [FortuneGems]",USD,1.34,,,,,0,20.3030303,65,66,1.01538462,2026-07-01,2026-07-17
IN,1641083631350576,120246378363700106,"🇮🇳 IN_92 [FortuneGems]",USD,4.15,5,0.83,4,1.0375,3.66972477,19.03669725,209,218,1.0430622,2026-07-01,2026-07-17
IN,1641083631350576,120246378364450106,"🇮🇳 IN_92 [FortuneGems]",USD,0.9,,,,,4.05405405,12.16216216,73,74,1.01369863,2026-07-01,2026-07-17
IN,1641083631350576,120246378363860106,"🇮🇳 IN_92 [FortuneGems]",USD,3.85,4,0.9625,3,1.28333333,2.41935484,15.52419355,236,248,1.05084746,2026-07-01,2026-07-17
IN,1641083631350576,120246378364200106,"🇮🇳 IN_92 [FortuneGems]",USD,4.17,4,1.0425,2,2.085,1.78571429,18.61607143,219,224,1.02283105,2026-07-01,2026-07-17
IN,1641083631350576,120246378363850106,"🇮🇳 IN_92 [FortuneGems]",USD,1.07,,,,,1.47058824,15.73529412,66,68,1.03030303,2026-07-01,2026-07-17
IN,1641083631350576,120246378364230106,"🇮🇳 IN_92 [FortuneGems]",USD,1.19,,,,,0,17.24637681,69,69,1,2026-07-01,2026-07-17
IN,1641083631350576,120246378363720106,"🇮🇳 IN_92 [FortuneGems]",USD,1.36,1,1.36,1,1.36,3.07692308,20.92307692,64,65,1.015625,2026-07-01,2026-07-17
IN,1641083631350576,120246378364180106,"🇮🇳 IN_92 [FortuneGems]",USD,3.7,1,3.7,1,3.7,2.5974026,16.01731602,228,231,1.01315789,2026-07-01,2026-07-17
IN,1641083631350576,120246378364210106,"🇮🇳 IN_92 [FortuneGems]",USD,1.1,,,,,0,16.41791045,62,67,1.08064516,2026-07-01,2026-07-17
IN,1641083631350576,120246378363810106,"🇮🇳 IN_92 [FortuneGems]",USD,1.34,,,,,2.89855072,19.42028986,66,69,1.04545455,2026-07-01,2026-07-17
IN,1641083631350576,120246378364250106,"🇮🇳 IN_92 [FortuneGems]",USD,1.22,1,1.22,1,1.22,1.42857143,17.42857143,67,70,1.04477612,2026-07-01,2026-07-17
IN,1641083631350576,120246378364130106,"🇮🇳 IN_92 [FortuneGems]",USD,3.96,2,1.98,1,3.96,2.38095238,18.85714286,202,210,1.03960396,2026-07-01,2026-07-17
IN,1641083631350576,120246378364270106,"🇮🇳 IN_92 [FortuneGems]",USD,1.2,,,,,0,14.45783133,80,83,1.0375,2026-07-01,2026-07-17
IN,1641083631350576,120246378364330106,"🇮🇳 IN_92 [FortuneGems]",USD,4.64,4,1.16,1,4.64,2.63157895,20.35087719,220,228,1.03636364,2026-07-01,2026-07-17
IN,1641083631350576,120246378363710106,"🇮🇳 IN_92 [FortuneGems]",USD,4.1,3,1.36666667,3,1.36666667,1.88679245,15.47169811,259,265,1.02316602,2026-07-01,2026-07-17
IN,1641083631350576,120246378364480106,"🇮🇳 IN_92 [FortuneGems]",USD,4.2,5,0.84,2,2.1,4.73933649,19.90521327,204,211,1.03431373,2026-07-01,2026-07-17
IN,1641083631350576,120246378845310106,"🇮🇳 IN_92 [FortuneGems]",USD,4.35,7,0.62142857,4,1.0875,3.8961039,18.83116883,222,231,1.04054054,2026-07-01,2026-07-17
IN,1641083631350576,120246379235150106,"🇮🇳 IN_98 [FortuneGems]",USD,1.63,1,1.63,,,2.77777778,22.63888889,72,72,1,2026-07-01,2026-07-17
IN,1641083631350576,120246379235150106,"🇮🇳 IN_96 [FortuneGems]",USD,3.6,3,1.2,2,1.8,3.96825397,28.57142857,121,126,1.04132231,2026-07-01,2026-07-17
IN,1641083631350576,120246379238830106,"🇮🇳 IN_96 [FortuneGems]",USD,0.07,,,,,0,35,2,2,1,2026-07-01,2026-07-17
IN,1641083631350576,120246379238830106,"🇮🇳 IN_97 [FortuneGems]",USD,4.91,2,2.455,2,2.455,3.15789474,25.84210526,186,190,1.02150538,2026-07-01,2026-07-17
IN,1641083631350576,120246379238610106,"🇮🇳 IN_97 [FortuneGems]",USD,2.58,,,,,2.5974026,33.50649351,77,77,1,2026-07-01,2026-07-17
IN,1641083631350576,120246379238560106,"🇮🇳 IN_97 [FortuneGems]",USD,1.05,,,,,0,9.90566038,102,106,1.03921569,2026-07-01,2026-07-17
IN,1641083631350576,120246379238440106,"🇮🇳 IN_97 [FortuneGems]",USD,4.15,3,1.38333333,3,1.38333333,2.67857143,18.52678571,214,224,1.04672897,2026-07-01,2026-07-17
IN,1641083631350576,120246379238460106,"🇮🇳 IN_97 [FortuneGems]",USD,1.37,,,,,1.49253731,20.44776119,66,67,1.01515152,2026-07-01,2026-07-17
IN,1641083631350576,120246379238800106,"🇮🇳 IN_98 [FortuneGems]",USD,1.08,,,,,1.78571429,19.28571429,52,56,1.07692308,2026-07-01,2026-07-17
IN,1641083631350576,120246379238580106,"🇮🇳 IN_98 [FortuneGems]",USD,0.76,,,,,0,12.25806452,60,62,1.03333333,2026-07-01,2026-07-17
IN,1641083631350576,120246379238940106,"🇮🇳 IN_98 [FortuneGems]",USD,1.25,1,1.25,,,0.89285714,11.16071429,103,112,1.08737864,2026-07-01,2026-07-17
IN,1641083631350576,120246379238820106,"🇮🇳 IN_98 [FortuneGems]",USD,3.26,1,3.26,1,3.26,0.84745763,27.62711864,113,118,1.04424779,2026-07-01,2026-07-17
IN,1641083631350576,120246379238470106,"🇮🇳 IN_98 [FortuneGems]",USD,4.62,2,2.31,3,1.54,2.63157895,40.52631579,108,114,1.05555556,2026-07-01,2026-07-17
IN,1641083631350576,120246379238450106,"🇮🇳 IN_96 [FortuneGems]",USD,0,,,,,0,0,6,6,1,2026-07-01,2026-07-17
IN,1641083631350576,120246379238460106,"🇮🇳 IN_96 [FortuneGems]",USD,0.04,,,,,0,5,8,8,1,2026-07-01,2026-07-17
IN,1641083631350576,120246379238940106,"🇮🇳 IN_96 [FortuneGems]",USD,2.3,2,1.15,1,2.3,5.30973451,20.3539823,113,113,1,2026-07-01,2026-07-17
IN,1641083631350576,120246379238580106,"🇮🇳 IN_96 [FortuneGems]",USD,0,,,,,0,0,2,2,1,2026-07-01,2026-07-17
IN,1641083631350576,120246379238800106,"🇮🇳 IN_96 [FortuneGems]",USD,0.02,,,,,0,2.85714286,7,7,1,2026-07-01,2026-07-17
IN,1641083631350576,120246379238470106,"🇮🇳 IN_96 [FortuneGems]",USD,1.2,,,,,0,16.90140845,70,71,1.01428571,2026-07-01,2026-07-17
IN,1641083631350576,120246379238790106,"🇮🇳 IN_96 [FortuneGems]",USD,0,,,,,0,0,1,1,1,2026-07-01,2026-07-17
IN,1641083631350576,120246379238450106,"🇮🇳 IN_97 [FortuneGems]",USD,1.33,,,,,1.66666667,22.16666667,58,60,1.03448276,2026-07-01,2026-07-17
IN,1641083631350576,120246379238820106,"🇮🇳 IN_96 [FortuneGems]",USD,2.38,3,0.79333333,3,0.79333333,2.34375,18.59375,124,128,1.03225806,2026-07-01,2026-07-17
IN,1641083631350576,120246379238530106,"🇮🇳 IN_97 [FortuneGems]",USD,2.84,,,1,2.84,0,34.21686747,82,83,1.01219512,2026-07-01,2026-07-17
IN,1641083631350576,120246379238790106,"🇮🇳 IN_97 [FortuneGems]",USD,1.27,,,,,0,24.90196078,51,51,1,2026-07-01,2026-07-17
IN,1641083631350576,120246407207210106,"🇮🇳 IN_96 [FortuneGems]",USD,0.5,,,,,0,45.45454545,10,11,1.1,2026-07-01,2026-07-17
IN,1641083631350576,120246407207210106,"🇮🇳 IN_97 [FortuneGems]",USD,1.92,2,0.96,1,1.92,4.16666667,26.66666667,69,72,1.04347826,2026-07-01,2026-07-17
IN,1641083631350576,120246407207210106,"🇮🇳 IN_99 [FortuneGems]",USD,1.14,2,0.57,1,1.14,3.03030303,17.27272727,65,66,1.01538462,2026-07-01,2026-07-17
IN,1641083631350576,120246408070370106,"🇮🇳 IN_97 [FortuneGems]",USD,2.75,,,,,0.74626866,20.52238806,130,134,1.03076923,2026-07-01,2026-07-17
IN,1641083631350576,120246408070400106,"🇮🇳 IN_97 [FortuneGems]",USD,1.52,,,,,0,22.68656716,65,67,1.03076923,2026-07-01,2026-07-17
IN,1641083631350576,120246408070490106,"🇮🇳 IN_97 [FortuneGems]",USD,1.56,2,0.78,1,1.56,2.83018868,14.71698113,106,106,1,2026-07-01,2026-07-17
IN,1641083631350576,120246408070450106,"🇮🇳 IN_97 [FortuneGems]",USD,3.47,,,,,1.70940171,29.65811966,114,117,1.02631579,2026-07-01,2026-07-17
IN,1641083631350576,120246408070740106,"🇮🇳 IN_97 [FortuneGems]",USD,1.19,1,1.19,1,1.19,1.08695652,12.93478261,90,92,1.02222222,2026-07-01,2026-07-17
IN,1641083631350576,120246408070340106,"🇮🇳 IN_97 [FortuneGems]",USD,1.88,1,1.88,,,0.98039216,18.43137255,99,102,1.03030303,2026-07-01,2026-07-17
IN,1641083631350576,120246408070410106,"🇮🇳 IN_99 [FortuneGems]",USD,0,,,,,0,0,2,2,1,2026-07-01,2026-07-17
IN,1641083631350576,120246408070490106,"🇮🇳 IN_99 [FortuneGems]",USD,0.29,,,,,2.27272727,6.59090909,42,44,1.04761905,2026-07-01,2026-07-17
IN,1641083631350576,120246408070500106,"🇮🇳 IN_99 [FortuneGems]",USD,0,,,,,0,0,3,3,1,2026-07-01,2026-07-17
IN,1641083631350576,120246408070580106,"🇮🇳 IN_97 [FortuneGems]",USD,1.77,1,1.77,1,1.77,1.70940171,15.12820513,109,117,1.0733945,2026-07-01,2026-07-17
IN,1641083631350576,120246408070420106,"🇮🇳 IN_99 [FortuneGems]",USD,0.15,,,,,0,7.14285714,21,21,1,2026-07-01,2026-07-17
IN,1641083631350576,120246408070520106,"🇮🇳 IN_97 [FortuneGems]",USD,0.68,,,,,0,20,34,34,1,2026-07-01,2026-07-17
IN,1641083631350576,120246408070480106,"🇮🇳 IN_99 [FortuneGems]",USD,0,,,,,0,0,1,1,1,2026-07-01,2026-07-17
IN,1641083631350576,120246408070720106,"🇮🇳 IN_97 [FortuneGems]",USD,2.85,1,2.85,1,2.85,1.51515152,21.59090909,131,132,1.00763359,2026-07-01,2026-07-17
IN,1641083631350576,120246408069820106,"🇮🇳 IN_96 [FortuneGems]",USD,0,,,,,0,0,2,2,1,2026-07-01,2026-07-17
IN,1641083631350576,120246408070400106,"🇮🇳 IN_98 [FortuneGems]",USD,0.59,,,,,0,29.5,20,20,1,2026-07-01,2026-07-17
IN,1641083631350576,120246408070390106,"🇮🇳 IN_98 [FortuneGems]",USD,4.35,1,4.35,,,1.6064257,17.46987952,244,249,1.0204918,2026-07-01,2026-07-17
IN,1641083631350576,120246408070400106,"🇮🇳 IN_99 [FortuneGems]",USD,0.03,,,,,5.55555556,1.66666667,17,18,1.05882353,2026-07-01,2026-07-17
IN,1641083631350576,120246408070430106,"🇮🇳 IN_98 [FortuneGems]",USD,3.14,1,3.14,,,1.06951872,16.79144385,183,187,1.02185792,2026-07-01,2026-07-17
IN,1641083631350576,120246408070410106,"🇮🇳 IN_98 [FortuneGems]",USD,2.92,2,1.46,1,2.92,2.4911032,10.39145907,269,281,1.04460967,2026-07-01,2026-07-17
IN,1641083631350576,120246408070530106,"🇮🇳 IN_98 [FortuneGems]",USD,2.63,,,,,2.11864407,11.1440678,231,236,1.02164502,2026-07-01,2026-07-17
IN,1641083631350576,120246408070510106,"🇮🇳 IN_98 [FortuneGems]",USD,3.12,2,1.56,,,0.86580087,13.50649351,222,231,1.04054054,2026-07-01,2026-07-17
IN,1641083631350576,120246408070560106,"🇮🇳 IN_97 [FortuneGems]",USD,1.3,1,1.3,1,1.3,1.12359551,14.60674157,87,89,1.02298851,2026-07-01,2026-07-17
IN,1641083631350576,120246408070360106,"🇮🇳 IN_98 [FortuneGems]",USD,2.62,2,1.31,1,2.62,3.28947368,17.23684211,149,152,1.02013423,2026-07-01,2026-07-17
IN,1641083631350576,120246408070550106,"🇮🇳 IN_98 [FortuneGems]",USD,3.36,1,3.36,,,1.53061224,17.14285714,189,196,1.03703704,2026-07-01,2026-07-17
IN,1641083631350576,120246408070570106,"🇮🇳 IN_98 [FortuneGems]",USD,2.74,1,2.74,,,0.87719298,12.01754386,223,228,1.02242152,2026-07-01,2026-07-17
IN,1641083631350576,120246408070480106,"🇮🇳 IN_98 [FortuneGems]",USD,4.57,3,1.52333333,1,4.57,4.23280423,24.17989418,185,189,1.02162162,2026-07-01,2026-07-17
IN,1641083631350576,120246408069820106,"🇮🇳 IN_99 [FortuneGems]",USD,0,,,,,0,0,2,2,1,2026-07-01,2026-07-17
IN,1641083631350576,120246408069830106,"🇮🇳 IN_99 [FortuneGems]",USD,0.68,,,,,0,14.16666667,46,48,1.04347826,2026-07-01,2026-07-17
IN,1641083631350576,120246408070360106,"🇮🇳 IN_99 [FortuneGems]",USD,0.06,,,,,0,8.57142857,7,7,1,2026-07-01,2026-07-17
IN,1641083631350576,120246408069830106,"🇮🇳 IN_97 [FortuneGems]",USD,0.54,,,,,1.38888889,7.5,67,72,1.07462687,2026-07-01,2026-07-17
IN,1641083631350576,120246408070380106,"🇮🇳 IN_99 [FortuneGems]",USD,0.04,,,,,0,13.33333333,3,3,1,2026-07-01,2026-07-17
IN,1641083631350576,120246408070440106,"🇮🇳 IN_99 [FortuneGems]",USD,1.83,3,0.61,1,1.83,4.12371134,18.86597938,95,97,1.02105263,2026-07-01,2026-07-17
IN,1641083631350576,120246408070670106,"🇮🇳 IN_99 [FortuneGems]",USD,0.02,,,,,0,3.33333333,6,6,1,2026-07-01,2026-07-17
IN,1641083631350576,120246408070430106,"🇮🇳 IN_99 [FortuneGems]",USD,0,,,,,0,0,2,2,1,2026-07-01,2026-07-17
IN,1641083631350576,120246408070750106,"🇮🇳 IN_99 [FortuneGems]",USD,0,,,,,0,0,9,9,1,2026-07-01,2026-07-17
IN,1641083631350576,120246408070740106,"🇮🇳 IN_99 [FortuneGems]",USD,0.28,,,,,0,16.47058824,17,17,1,2026-07-01,2026-07-17
IN,1641083631350576,120246408070450106,"🇮🇳 IN_99 [FortuneGems]",USD,0.57,,,,,0,7.91666667,71,72,1.01408451,2026-07-01,2026-07-17
IN,1641083631350576,120246408070460106,"🇮🇳 IN_99 [FortuneGems]",USD,0,,,,,0,0,2,2,1,2026-07-01,2026-07-17
IN,1641083631350576,120246408070340106,"🇮🇳 IN_99 [FortuneGems]",USD,2.23,1,2.23,1,2.23,1.98019802,22.07920792,98,101,1.03061224,2026-07-01,2026-07-17
IN,1641083631350576,120246408070540106,"🇮🇳 IN_99 [FortuneGems]",USD,0,,,,,0,0,1,1,1,2026-07-01,2026-07-17
IN,1641083631350576,120246408070370106,"🇮🇳 IN_99 [FortuneGems]",USD,0.56,,,,,5,28,20,20,1,2026-07-01,2026-07-17
IN,1641083631350576,120246408070520106,"🇮🇳 IN_99 [FortuneGems]",USD,0.35,,,,,0,11.29032258,30,31,1.03333333,2026-07-01,2026-07-17
IN,1641083631350576,120246408070530106,"🇮🇳 IN_99 [FortuneGems]",USD,0,,,,,0,0,2,2,1,2026-07-01,2026-07-17
IN,1641083631350576,120246408070550106,"🇮🇳 IN_99 [FortuneGems]",USD,0.02,,,,,0,4,5,5,1,2026-07-01,2026-07-17
IN,1641083631350576,120246408070560106,"🇮🇳 IN_99 [FortuneGems]",USD,0.23,,,,,0,14.375,16,16,1,2026-07-01,2026-07-17
IN,1641083631350576,120246408070570106,"🇮🇳 IN_99 [FortuneGems]",USD,0.01,1,0.01,1,0.01,20,2,5,5,1,2026-07-01,2026-07-17
IN,1641083631350576,120246408070720106,"🇮🇳 IN_99 [FortuneGems]",USD,0.04,,,,,0,2,20,20,1,2026-07-01,2026-07-17
IN,1641083631350576,120246408070580106,"🇮🇳 IN_99 [FortuneGems]",USD,0.06,,,,,0,2.06896552,29,29,1,2026-07-01,2026-07-17
IN,1641083631350576,120246408070460106,"🇮🇳 IN_98 [FortuneGems]",USD,3.98,,,,,0.68027211,27.07482993,145,147,1.0137931,2026-07-01,2026-07-17
IN,1641083631350576,120246408070750106,"🇮🇳 IN_98 [FortuneGems]",USD,12.37,10,1.237,4,3.0925,1.34907251,10.43001686,1162,1186,1.02065404,2026-07-01,2026-07-17
IN,1641083631350576,120246408070670106,"🇮🇳 IN_96 [FortuneGems]",USD,0.35,1,0.35,,,7.69230769,26.92307692,13,13,1,2026-07-01,2026-07-17
IN,1641083631350576,120246408070380106,"🇮🇳 IN_96 [FortuneGems]",USD,0,,,,,0,0,2,2,1,2026-07-01,2026-07-17
IN,1641083631350576,120246408070400106,"🇮🇳 IN_96 [FortuneGems]",USD,1.69,1,1.69,,,2.66666667,22.53333333,72,75,1.04166667,2026-07-01,2026-07-17
IN,1641083631350576,120246408070520106,"🇮🇳 IN_96 [FortuneGems]",USD,2.44,1,2.44,,,2.85714286,17.42857143,134,140,1.04477612,2026-07-01,2026-07-17
IN,1641083631350576,120246408070550106,"🇮🇳 IN_96 [FortuneGems]",USD,0.1,1,0.1,,,100,100,1,1,1,2026-07-01,2026-07-17
IN,1641083631350576,120246408070380106,"🇮🇳 IN_98 [FortuneGems]",USD,2.52,3,0.84,1,2.52,4.37956204,18.39416058,134,137,1.02238806,2026-07-01,2026-07-17
IN,1641083631350576,120246408070540106,"🇮🇳 IN_96 [FortuneGems]",USD,0.22,,,,,0,11,20,20,1,2026-07-01,2026-07-17
IN,1641083631350576,120246408070340106,"🇮🇳 IN_96 [FortuneGems]",USD,0.38,,,,,5.88235294,22.35294118,17,17,1,2026-07-01,2026-07-17
IN,1641083631350576,120246408070460106,"🇮🇳 IN_96 [FortuneGems]",USD,0.32,1,0.32,,,14.28571429,45.71428571,7,7,1,2026-07-01,2026-07-17
IN,1641083631350576,120246408070370106,"🇮🇳 IN_96 [FortuneGems]",USD,0.14,,,,,0,35,4,4,1,2026-07-01,2026-07-17
IN,1641083631350576,120246408070500106,"🇮🇳 IN_96 [FortuneGems]",USD,0.01,,,,,0,10,1,1,1,2026-07-01,2026-07-17
IN,1641083631350576,120246408070510106,"🇮🇳 IN_96 [FortuneGems]",USD,0.03,,,,,0,15,2,2,1,2026-07-01,2026-07-17
IN,1641083631350576,120246408070360106,"🇮🇳 IN_96 [FortuneGems]",USD,0,,,,,0,0,1,1,1,2026-07-01,2026-07-17
IN,1641083631350576,120246408070570106,"🇮🇳 IN_96 [FortuneGems]",USD,0.02,,,,,0,10,2,2,1,2026-07-01,2026-07-17
IN,1641083631350576,120246408070580106,"🇮🇳 IN_96 [FortuneGems]",USD,1.24,2,0.62,2,0.62,4.83870968,20,61,62,1.01639344,2026-07-01,2026-07-17
IN,1641083631350576,120246408070560106,"🇮🇳 IN_96 [FortuneGems]",USD,1.73,2,0.865,,,4.6875,27.03125,59,64,1.08474576,2026-07-01,2026-07-17
IN,1641083631350576,120246408070480106,"🇮🇳 IN_96 [FortuneGems]",USD,0.15,,,,,0,7.5,20,20,1,2026-07-01,2026-07-17
IN,1641083631350576,120246408070670106,"🇮🇳 IN_98 [FortuneGems]",USD,2.57,5,0.514,4,0.6425,2.91666667,10.70833333,238,240,1.00840336,2026-07-01,2026-07-17
IN,1641083631350576,120246408069830106,"🇮🇳 IN_96 [FortuneGems]",USD,2.41,1,2.41,,,2.73972603,33.01369863,72,73,1.01388889,2026-07-01,2026-07-17
IN,1641083631350576,120246408070420106,"🇮🇳 IN_98 [FortuneGems]",USD,1.63,4,0.4075,2,0.815,4.58015267,12.44274809,128,131,1.0234375,2026-07-01,2026-07-17
IN,1641083631350576,120246408070490106,"🇮🇳 IN_96 [FortuneGems]",USD,0.3,1,0.3,,,7.14285714,21.42857143,14,14,1,2026-07-01,2026-07-17
IN,1641083631350576,120246408070390106,"🇮🇳 IN_96 [FortuneGems]",USD,0.03,1,0.03,1,0.03,12.5,3.75,8,8,1,2026-07-01,2026-07-17
IN,1641083631350576,120246408070440106,"🇮🇳 IN_96 [FortuneGems]",USD,0.02,,,,,0,6.66666667,3,3,1,2026-07-01,2026-07-17
IN,1641083631350576,120246408070500106,"🇮🇳 IN_98 [FortuneGems]",USD,2.7,1,2.7,,,1.96078431,13.23529412,199,204,1.02512563,2026-07-01,2026-07-17
IN,1641083631350576,120246408070540106,"🇮🇳 IN_98 [FortuneGems]",USD,12.51,6,2.085,1,12.51,1.78926441,24.87077535,494,503,1.01821862,2026-07-01,2026-07-17
IN,1641083631350576,120246408070750106,"🇮🇳 IN_96 [FortuneGems]",USD,0.45,,,,,5,22.5,20,20,1,2026-07-01,2026-07-17
IN,1641083631350576,120246408070720106,"🇮🇳 IN_96 [FortuneGems]",USD,0.39,,,,,9.09090909,35.45454545,11,11,1,2026-07-01,2026-07-17
IN,1641083631350576,120246408070420106,"🇮🇳 IN_96 [FortuneGems]",USD,0.45,1,0.45,,,4,18,25,25,1,2026-07-01,2026-07-17
IN,1641083631350576,120246408070450106,"🇮🇳 IN_96 [FortuneGems]",USD,0.03,,,,,0,10,3,3,1,2026-07-01,2026-07-17
IN,1641083631350576,120246408069820106,"🇮🇳 IN_98 [FortuneGems]",USD,2.71,2,1.355,1,2.71,2.92887029,11.33891213,231,239,1.03463203,2026-07-01,2026-07-17
IN,1641083631350576,120246408070740106,"🇮🇳 IN_96 [FortuneGems]",USD,1.07,2,0.535,1,1.07,16,42.8,25,25,1,2026-07-01,2026-07-17
IN,1641083631350576,120246408070440106,"🇮🇳 IN_97 [FortuneGems]",USD,1.6,,,,,1.88679245,15.09433962,106,106,1,2026-07-01,2026-07-17
IN,1085410707243238,120248337600480122,"🇮🇳 IN_92 [FortuneGems]",USD,1,2,0.5,1,1,0.65789474,3.28947368,300,304,1.01333333,2026-07-01,2026-07-17
IN,1085410707243238,120248337611570122,"🇮🇳 IN_93 [FortuneGems]",USD,0.42,,,,,0,1.34185304,313,313,1,2026-07-01,2026-07-17
IN,1085410707243238,120248337621110122,"🇮🇳 IN_92 [FortuneGems]",USD,0.61,,,,,0.35971223,2.1942446,277,278,1.00361011,2026-07-01,2026-07-17
IN,1085410707243238,120248337620660122,"🇮🇳 IN_92 [FortuneGems]",USD,0.89,,,,,0,2.41192412,369,369,1,2026-07-01,2026-07-17
IN,1085410707243238,120248337620680122,"🇮🇳 IN_92 [FortuneGems]",USD,0.75,,,,,0,2.8957529,257,259,1.0077821,2026-07-01,2026-07-17
IN,1085410707243238,120248337621020122,"🇮🇳 IN_92 [FortuneGems]",USD,0.59,1,0.59,,,0.32894737,1.94078947,300,304,1.01333333,2026-07-01,2026-07-17
IN,1085410707243238,120248337621100122,"🇮🇳 IN_92 [FortuneGems]",USD,0.56,,,,,0,1.86666667,300,300,1,2026-07-01,2026-07-17
IN,1085410707243238,120248337621050122,"🇮🇳 IN_92 [FortuneGems]",USD,0.43,1,0.43,1,0.43,0.28985507,1.24637681,345,345,1,2026-07-01,2026-07-17
IN,1085410707243238,120248337621070122,"🇮🇳 IN_92 [FortuneGems]",USD,0.54,,,,,1.43369176,1.93548387,264,279,1.05681818,2026-07-01,2026-07-17
IN,1085410707243238,120248337620620122,"🇮🇳 IN_93 [FortuneGems]",USD,0.89,,,,,0.25445293,2.26463104,391,393,1.00511509,2026-07-01,2026-07-17
IN,1085410707243238,120248337621170122,"🇮🇳 IN_93 [FortuneGems]",USD,1.35,,,,,0,7.5,179,180,1.00558659,2026-07-01,2026-07-17
IN,1085410707243238,120248337620670122,"🇮🇳 IN_93 [FortuneGems]",USD,0.81,1,0.81,,,0.68027211,5.51020408,146,147,1.00684932,2026-07-01,2026-07-17
IN,1085410707243238,120248337620650122,"🇮🇳 IN_93 [FortuneGems]",USD,0.94,,,,,0.90497738,4.25339367,219,221,1.00913242,2026-07-01,2026-07-17
IN,1085410707243238,120248337620630122,"🇮🇳 IN_93 [FortuneGems]",USD,0.63,,,,,0,1.25248509,498,503,1.01004016,2026-07-01,2026-07-17
IN,1085410707243238,120248337621030122,"🇮🇳 IN_93 [FortuneGems]",USD,0.72,,,,,0,1.38996139,516,518,1.00387597,2026-07-01,2026-07-17
IN,1085410707243238,120248337621060122,"🇮🇳 IN_93 [FortuneGems]",USD,1.51,,,,,0,6.08870968,246,248,1.00813008,2026-07-01,2026-07-17
IN,1085410707243238,120248337621040122,"🇮🇳 IN_93 [FortuneGems]",USD,0.64,,,,,0,5.03937008,125,127,1.016,2026-07-01,2026-07-17
IN,1085410707243238,120248337620600122,"🇮🇳 IN_92 [FortuneGems]",USD,0.52,,,,,0,3.22981366,160,161,1.00625,2026-07-01,2026-07-17
IN,1085410707243238,120248337621080122,"🇮🇳 IN_93 [FortuneGems]",USD,0.85,,,,,0.25,2.125,391,400,1.0230179,2026-07-01,2026-07-17
IN,1085410707243238,120248337620640122,"🇮🇳 IN_92 [FortuneGems]",USD,0.49,1,0.49,,,0.37037037,1.81481481,270,270,1,2026-07-01,2026-07-17
IN,2030701011138690,120253947021430670,"🇮🇳 IN_92 [FortuneGems]",USD,0,,,,,0,0,4,4,1,2026-07-01,2026-07-17
IN,2030701011138690,120253947021430670,"🇮🇳 IN_93 [FortuneGems]",USD,0.41,,,,,3.03030303,6.21212121,66,66,1,2026-07-01,2026-07-17
IN,2030701011138690,120253948276330670,"🇮🇳 IN_92 [FortuneGems]",USD,0.48,,,,,0.84745763,4.06779661,116,118,1.01724138,2026-07-01,2026-07-17
IN,2030701011138690,120253948276090670,"🇮🇳 IN_92 [FortuneGems]",USD,0.72,,,,,0,7.82608696,91,92,1.01098901,2026-07-01,2026-07-17
IN,2030701011138690,120253948276430670,"🇮🇳 IN_93 [FortuneGems]",USD,0.24,,,,,0,2.06896552,115,116,1.00869565,2026-07-01,2026-07-17
IN,2030701011138690,120253948276320670,"🇮🇳 IN_93 [FortuneGems]",USD,0.43,,,,,0,2.94520548,144,146,1.01388889,2026-07-01,2026-07-17
IN,2030701011138690,120253948276390670,"🇮🇳 IN_93 [FortuneGems]",USD,0.32,1,0.32,1,0.32,1.73410405,1.84971098,172,173,1.00581395,2026-07-01,2026-07-17
IN,2030701011138690,120253948276400670,"🇮🇳 IN_93 [FortuneGems]",USD,0.27,,,,,0,2.43243243,111,111,1,2026-07-01,2026-07-17
IN,2030701011138690,120253948276100670,"🇮🇳 IN_93 [FortuneGems]",USD,0.11,,,,,3.125,3.4375,32,32,1,2026-07-01,2026-07-17
IN,2030701011138690,120253948276100670,"🇮🇳 IN_92 [FortuneGems]",USD,0.16,,,,,0,2.42424242,66,66,1,2026-07-01,2026-07-17
IN,2030701011138690,120253948276080670,"🇮🇳 IN_93 [FortuneGems]",USD,0.37,,,,,0,3.59223301,103,103,1,2026-07-01,2026-07-17
IN,2030701011138690,120253948276390670,"🇮🇳 IN_92 [FortuneGems]",USD,0,,,,,0,0,1,1,1,2026-07-01,2026-07-17
IN,2030701011138690,120253948276370670,"🇮🇳 IN_92 [FortuneGems]",USD,0.28,,,,,1.26582278,3.5443038,79,79,1,2026-07-01,2026-07-17
IN,3105195716346838,52514001357826,"🇮🇳 IN_92 [FortuneGems]",USD,0.74,,,,,0,6.66666667,110,111,1.00909091,2026-07-01,2026-07-17
IN,3105195716346838,52514019956026,"🇮🇳 IN_93 [FortuneGems]",USD,0.89,,,,,0,8.81188119,100,101,1.01,2026-07-01,2026-07-17
IN,3105195716346838,52514020124226,"🇮🇳 IN_92 [FortuneGems]",USD,0.75,,,,,0,9.61538462,78,78,1,2026-07-01,2026-07-17
IN,3105195716346838,52514020122426,"🇮🇳 IN_93 [FortuneGems]",USD,0.58,,,,,0,6.44444444,89,90,1.01123596,2026-07-01,2026-07-17
IN,3105195716346838,52514020121826,"🇮🇳 IN_92 [FortuneGems]",USD,0.41,,,,,0,2.90780142,141,141,1,2026-07-01,2026-07-17
IN,3105195716346838,52514020122026,"🇮🇳 IN_92 [FortuneGems]",USD,0.88,,,,,0,8.62745098,101,102,1.00990099,2026-07-01,2026-07-17
IN,3105195716346838,52514020122626,"🇮🇳 IN_93 [FortuneGems]",USD,0,,,,,0,0,1,1,1,2026-07-01,2026-07-17
IN,3105195716346838,52514020124026,"🇮🇳 IN_93 [FortuneGems]",USD,0.36,,,,,0,2.10526316,171,171,1,2026-07-01,2026-07-17
IN,3105195716346838,52514020122226,"🇮🇳 IN_92 [FortuneGems]",USD,0.41,,,,,1.30718954,2.67973856,152,153,1.00657895,2026-07-01,2026-07-17
IN,3105195716346838,52514020122826,"🇮🇳 IN_92 [FortuneGems]",USD,0.77,,,,,0,6.2601626,122,123,1.00819672,2026-07-01,2026-07-17
IN,3105195716346838,52514020122626,"🇮🇳 IN_92 [FortuneGems]",USD,0.41,1,0.41,,,1.75438596,7.19298246,57,57,1,2026-07-01,2026-07-17
IN,3105195716346838,52514020124026,"🇮🇳 IN_92 [FortuneGems]",USD,0.01,,,,,0,5,2,2,1,2026-07-01,2026-07-17
IN,4540294639535106,6995832039200,"🇮🇳 IN_93 [FortuneGems]",USD,0.26,,,,,0,2.01550388,128,129,1.0078125,2026-07-01,2026-07-17
IN,4540294639535106,6995848443400,"🇮🇳 IN_93 [FortuneGems]",USD,0.35,,,,,0,4.54545455,77,77,1,2026-07-01,2026-07-17
IN,4540294639535106,6995848442800,"🇮🇳 IN_92 [FortuneGems]",USD,1.24,,,,,1,12.4,99,100,1.01010101,2026-07-01,2026-07-17
IN,4540294639535106,6995848436600,"🇮🇳 IN_93 [FortuneGems]",USD,0.53,,,,,0,2.29437229,231,231,1,2026-07-01,2026-07-17
IN,4540294639535106,6995848442200,"🇮🇳 IN_92 [FortuneGems]",USD,0.22,,,,,0,4.07407407,54,54,1,2026-07-01,2026-07-17
IN,4540294639535106,6995848436400,"🇮🇳 IN_93 [FortuneGems]",USD,0.23,1,0.23,,,0.71428571,1.64285714,140,140,1,2026-07-01,2026-07-17
IN,4540294639535106,6995848442400,"🇮🇳 IN_92 [FortuneGems]",USD,0.43,,,,,1.2987013,2.79220779,154,154,1,2026-07-01,2026-07-17
IN,4540294639535106,6995848443000,"🇮🇳 IN_92 [FortuneGems]",USD,1,,,,,1.65745856,5.52486188,181,181,1,2026-07-01,2026-07-17
IN,4540294639535106,6995848440400,"🇮🇳 IN_92 [FortuneGems]",USD,0.04,,,,,1.2987013,0.51948052,77,77,1,2026-07-01,2026-07-17
IN,4540294639535106,6995848443400,"🇮🇳 IN_92 [FortuneGems]",USD,0,,,,,0,0,1,1,1,2026-07-01,2026-07-17
IN,4540294639535106,6995848443200,"🇮🇳 IN_92 [FortuneGems]",USD,0.47,,,,,0.58139535,2.73255814,172,172,1,2026-07-01,2026-07-17
KR,1641083631350576,120246544326070106,🇰🇷_KR_54_[Olympus],USD,4.61,1,4.61,,,0.99009901,45.64356436,99,101,1.02020202,2026-07-01,2026-07-17
KR,1641083631350576,120246544394740106,🇰🇷_KR_54_[Olympus],USD,0.63,,,,,0,42,15,15,1,2026-07-01,2026-07-17
KR,1641083631350576,120246544397620106,🇰🇷_KR_54_[Olympus],USD,2.7,1,2.7,1,2.7,3.26086957,29.34782609,87,92,1.05747126,2026-07-01,2026-07-17
KR,1641083631350576,120246544397600106,🇰🇷_KR_54_[Olympus],USD,3.4,,,,,0,32.38095238,104,105,1.00961538,2026-07-01,2026-07-17
KR,1641083631350576,120246544397540106,🇰🇷_KR_54_[Olympus],USD,3.04,,,,,0,35.34883721,82,86,1.04878049,2026-07-01,2026-07-17
KR,1641083631350576,120246544397330106,🇰🇷_KR_54_[Olympus],USD,2.37,,,,,0.47393365,11.23222749,190,211,1.11052632,2026-07-01,2026-07-17
KR,1641083631350576,120246544397650106,🇰🇷_KR_54_[Olympus],USD,2.47,,,,,0,34.30555556,70,72,1.02857143,2026-07-01,2026-07-17
KR,1641083631350576,120246544397340106,🇰🇷_KR_54_[Olympus],USD,3.45,1,3.45,,,1.35135135,23.31081081,135,148,1.0962963,2026-07-01,2026-07-17
KR,1641083631350576,120246544397630106,🇰🇷_KR_54_[Olympus],USD,1.78,1,1.78,1,1.78,3.125,55.625,31,32,1.03225806,2026-07-01,2026-07-17
KR,1641083631350576,120246544397560106,🇰🇷_KR_54_[Olympus],USD,1.98,,,,,0,14.45255474,133,137,1.03007519,2026-07-01,2026-07-17
KR,1641083631350576,120246544397550106,🇰🇷_KR_54_[Olympus],USD,3.32,,,,,0.67114094,22.28187919,147,149,1.01360544,2026-07-01,2026-07-17
KR,1641083631350576,120246544397570106,🇰🇷_KR_54_[Olympus],USD,0.21,,,,,0,35,6,6,1,2026-07-01,2026-07-17
KR,1641083631350576,120246544397590106,🇰🇷_KR_54_[Olympus],USD,2.31,,,,,1.92307692,22.21153846,101,104,1.02970297,2026-07-01,2026-07-17
KR,1641083631350576,120246544397610106,🇰🇷_KR_54_[Olympus],USD,3.16,,,,,1.92307692,30.38461538,102,104,1.01960784,2026-07-01,2026-07-17
KR,1641083631350576,120246544397580106,🇰🇷_KR_54_[Olympus],USD,4.58,2,2.29,1,4.58,2.77777778,42.40740741,106,108,1.01886792,2026-07-01,2026-07-17
KR,1641083631350576,120246559792480106,🇰🇷_KR_54_[Olympus],USD,2.62,,,,,0,14.01069519,176,187,1.0625,2026-07-01,2026-07-17
KR,1641083631350576,120246559809450106,🇰🇷_KR_54_[Olympus],USD,4.06,,,,,0,26.02564103,147,156,1.06122449,2026-07-01,2026-07-17
KR,1641083631350576,120246559809120106,🇰🇷_KR_54_[Olympus],USD,3.38,,,,,0,32.5,99,104,1.05050505,2026-07-01,2026-07-17
KR,1641083631350576,120246559809140106,🇰🇷_KR_54_[Olympus],USD,3.68,,,,,0,24.53333333,146,150,1.02739726,2026-07-01,2026-07-17
KR,1641083631350576,120246559809190106,🇰🇷_KR_54_[Olympus],USD,6.98,,,,,1.65975104,28.9626556,230,241,1.04782609,2026-07-01,2026-07-17
KR,1641083631350576,120246559809230106,🇰🇷_KR_54_[Olympus],USD,7.02,,,,,0.74074074,52,135,135,1,2026-07-01,2026-07-17
KR,1641083631350576,120246559809240106,🇰🇷_KR_54_[Olympus],USD,4.18,,,,,1.51515152,31.66666667,130,132,1.01538462,2026-07-01,2026-07-17
KR,1641083631350576,120246559809430106,🇰🇷_KR_54_[Olympus],USD,10.63,1,10.63,,,0.93457944,33.1152648,319,321,1.00626959,2026-07-01,2026-07-17
KR,1641083631350576,120246559809460106,🇰🇷_KR_54_[Olympus],USD,115.07,14,8.21928571,3,38.35666667,1.02150538,30.9327957,3375,3720,1.10222222,2026-07-01,2026-07-17
KR,1641083631350576,120246559809050106,🇰🇷_KR_54_[Olympus],USD,4.08,,,,,0,24.14201183,167,169,1.01197605,2026-07-01,2026-07-17
KR,1641083631350576,120246559809150106,🇰🇷_KR_54_[Olympus],USD,9.98,1,9.98,,,1.05633803,35.14084507,278,284,1.02158273,2026-07-01,2026-07-17
KR,1641083631350576,120246559809300106,🇰🇷_KR_54_[Olympus],USD,20.71,4,5.1775,2,10.355,1.45985401,50.3892944,409,411,1.00488998,2026-07-01,2026-07-17
KR,1641083631350576,120246559809070106,🇰🇷_KR_54_[Olympus],USD,2.84,,,,,0,22.36220472,124,127,1.02419355,2026-07-01,2026-07-17
KR,1641083631350576,120246559809440106,🇰🇷_KR_54_[Olympus],USD,2.61,,,,,0,17.17105263,145,152,1.04827586,2026-07-01,2026-07-17
KR,1641083631350576,120246559809160106,🇰🇷_KR_54_[Olympus],USD,7.81,1,7.81,,,2,52.06666667,148,150,1.01351351,2026-07-01,2026-07-17
KR,1641083631350576,120246559809220106,🇰🇷_KR_54_[Olympus],USD,1.41,1,1.41,,,0,282,5,5,1,2026-07-01,2026-07-17
KR,1641083631350576,120246559809370106,🇰🇷_KR_54_[Olympus],USD,9.89,1,9.89,,,1.36986301,33.86986301,287,292,1.0174216,2026-07-01,2026-07-17
KR,1641083631350576,120246559809040106,🇰🇷_KR_54_[Olympus],USD,12.37,1,12.37,,,0.64724919,40.03236246,296,309,1.04391892,2026-07-01,2026-07-17
KR,1641083631350576,120246559809210106,🇰🇷_KR_54_[Olympus],USD,10.39,1,10.39,,,0.51948052,26.98701299,362,385,1.06353591,2026-07-01,2026-07-17
KR,1641083631350576,120246559809260106,🇰🇷_KR_54_[Olympus],USD,12.9,1,12.9,,,1.03359173,33.33333333,369,387,1.04878049,2026-07-01,2026-07-17
KR,1641083631350576,120246559809100106,🇰🇷_KR_54_[Olympus],USD,3.45,,,,,0,29.74137931,112,116,1.03571429,2026-07-01,2026-07-17
KR,1641083631350576,120246559809130106,🇰🇷_KR_54_[Olympus],USD,4.56,,,,,0,43.84615385,103,104,1.00970874,2026-07-01,2026-07-17
KR,1641083631350576,120246559809170106,🇰🇷_KR_54_[Olympus],USD,3.18,,,,,0,28.90909091,108,110,1.01851852,2026-07-01,2026-07-17
KR,1641083631350576,120246559809110106,🇰🇷_KR_54_[Olympus],USD,2.68,,,,,0,41.875,64,64,1,2026-07-01,2026-07-17
KR,1641083631350576,120246559809180106,🇰🇷_KR_54_[Olympus],USD,4.35,1,4.35,,,1.70940171,37.17948718,115,117,1.0173913,2026-07-01,2026-07-17
KR,1641083631350576,120246559809200106,🇰🇷_KR_54_[Olympus],USD,3.77,,,,,0.90909091,34.27272727,109,110,1.00917431,2026-07-01,2026-07-17
KR,1641083631350576,120246559809090106,🇰🇷_KR_54_[Olympus],USD,12.45,4,3.1125,2,6.225,2.14723926,38.19018405,314,326,1.03821656,2026-07-01,2026-07-17
KR,1641083631350576,120246559809080106,🇰🇷_KR_54_[Olympus],USD,4.96,,,,,0,40.32520325,118,123,1.04237288,2026-07-01,2026-07-17
KR,1641083631350576,120246559809250106,🇰🇷_KR_54_[Olympus],USD,0.39,,,,,0,390,1,1,1,2026-07-01,2026-07-17
KR,1641083631350576,120246559808600106,🇰🇷_KR_54_[Olympus],USD,3.07,,,,,0,19.3081761,153,159,1.03921569,2026-07-01,2026-07-17
KR,1641083631350576,120246572845000106,🇰🇷_KR_54_[Olympus],USD,8.19,1,8.19,,,0.61349693,50.24539877,159,163,1.02515723,2026-07-01,2026-07-17
KR,1641083631350576,120246572929900106,🇰🇷_KR_54_[Olympus],USD,6.63,,,,,0,38.32369942,171,173,1.01169591,2026-07-01,2026-07-17
KR,1641083631350576,120246572933470106,🇰🇷_KR_54_[Olympus],USD,8.72,,,,,2.98507463,65.07462687,127,134,1.05511811,2026-07-01,2026-07-17
KR,1641083631350576,120246572933460106,🇰🇷_KR_54_[Olympus],USD,6.46,,,,,2.5477707,41.14649682,150,157,1.04666667,2026-07-01,2026-07-17
KR,1641083631350576,120246572933450106,🇰🇷_KR_54_[Olympus],USD,6.47,,,,,0,42.2875817,150,153,1.02,2026-07-01,2026-07-17
KR,1641083631350576,120246572933440106,🇰🇷_KR_54_[Olympus],USD,1.79,1,1.79,1,1.79,4,71.6,25,25,1,2026-07-01,2026-07-17
KR,1641083631350576,120246572933430106,🇰🇷_KR_54_[Olympus],USD,2.79,,,,,0,99.64285714,28,28,1,2026-07-01,2026-07-17
KR,1641083631350576,120246572933190106,🇰🇷_KR_54_[Olympus],USD,9.78,,,,,1.45985401,71.38686131,136,137,1.00735294,2026-07-01,2026-07-17
KR,1641083631350576,120246572933100106,🇰🇷_KR_54_[Olympus],USD,6.02,,,,,0.40322581,24.27419355,230,248,1.07826087,2026-07-01,2026-07-17
KR,1641083631350576,120246572933140106,🇰🇷_KR_54_[Olympus],USD,5.98,,,,,0.6097561,36.46341463,159,164,1.03144654,2026-07-01,2026-07-17
KR,1641083631350576,120246572933110106,🇰🇷_KR_54_[Olympus],USD,6.49,,,,,0.63694268,41.33757962,155,157,1.01290323,2026-07-01,2026-07-17
KR,1641083631350576,120246572933400106,🇰🇷_KR_54_[Olympus],USD,1.72,,,,,0,55.48387097,31,31,1,2026-07-01,2026-07-17
KR,1641083631350576,120246572933130106,🇰🇷_KR_54_[Olympus],USD,8,,,,,0.65789474,52.63157895,149,152,1.02013423,2026-07-01,2026-07-17
KR,1641083631350576,120246572933150106,🇰🇷_KR_54_[Olympus],USD,7.05,,,,,0,59.24369748,118,119,1.00847458,2026-07-01,2026-07-17
KR,1641083631350576,120246572933210106,🇰🇷_KR_54_[Olympus],USD,6.87,,,,,0,30.39823009,203,226,1.11330049,2026-07-01,2026-07-17
KR,1641083631350576,120246572933160106,🇰🇷_KR_54_[Olympus],USD,3.16,,,,,0,71.81818182,44,44,1,2026-07-01,2026-07-17
KR,1641083631350576,120246572933410106,🇰🇷_KR_54_[Olympus],USD,10.72,1,10.72,,,1.41843972,76.02836879,139,141,1.01438849,2026-07-01,2026-07-17
KR,1641083631350576,120246572933170106,🇰🇷_KR_54_[Olympus],USD,8.84,,,,,0.78125,69.0625,127,128,1.00787402,2026-07-01,2026-07-17
KR,1641083631350576,120246572933120106,🇰🇷_KR_54_[Olympus],USD,1.4,,,,,0,48.27586207,29,29,1,2026-07-01,2026-07-17
KR,1641083631350576,120246572932690106,🇰🇷_KR_54_[Olympus],USD,6.62,,,,,0,40.36585366,163,164,1.00613497,2026-07-01,2026-07-17
KR,1641083631350576,120246572933090106,🇰🇷_KR_54_[Olympus],USD,2.06,1,2.06,1,2.06,2.94117647,60.58823529,34,34,1,2026-07-01,2026-07-17
KR,1641083631350576,120246572933200106,🇰🇷_KR_54_[Olympus],USD,3.35,,,,,0,76.13636364,44,44,1,2026-07-01,2026-07-17
KR,1641083631350576,120246572933220106,🇰🇷_KR_54_[Olympus],USD,8.02,,,,,0,54.18918919,146,148,1.01369863,2026-07-01,2026-07-17
KR,1641083631350576,120246572933180106,🇰🇷_KR_54_[Olympus],USD,8.06,1,8.06,,,2.06896552,55.5862069,143,145,1.01398601,2026-07-01,2026-07-17
KR,1641083631350576,120246572933230106,🇰🇷_KR_54_[Olympus],USD,2.86,,,,,3.33333333,95.33333333,30,30,1,2026-07-01,2026-07-17
KR,1641083631350576,120246572933270106,🇰🇷_KR_54_[Olympus],USD,6.21,,,,,0.71942446,22.3381295,255,278,1.09019608,2026-07-01,2026-07-17
KR,1641083631350576,120246572933390106,🇰🇷_KR_54_[Olympus],USD,9.08,,,,,2.73972603,62.19178082,143,146,1.02097902,2026-07-01,2026-07-17
KR,1641083631350576,120246572933280106,🇰🇷_KR_54_[Olympus],USD,6.58,,,,,0.38610039,25.40540541,252,259,1.02777778,2026-07-01,2026-07-17
KR,1641083631350576,120246572933250106,🇰🇷_KR_54_[Olympus],USD,2.28,,,,,0,58.46153846,38,39,1.02631579,2026-07-01,2026-07-17
KR,1641083631350576,120246572933240106,🇰🇷_KR_54_[Olympus],USD,6.75,,,,,0.64935065,43.83116883,154,154,1,2026-07-01,2026-07-17
KR,1641083631350576,120246586199600106,🇰🇷_KR_54_[Olympus],USD,4.42,,,,,4,176.8,25,25,1,2026-07-01,2026-07-17
KR,1641083631350576,120246588486040106,🇰🇷_KR_54_[Olympus],USD,6.22,1,6.22,,,1.45985401,45.40145985,134,137,1.02238806,2026-07-01,2026-07-17
KR,1641083631350576,120246588486080106,🇰🇷_KR_54_[Olympus],USD,6.16,1,6.16,,,0.625,38.5,154,160,1.03896104,2026-07-01,2026-07-17
KR,1641083631350576,120246588486120106,🇰🇷_KR_54_[Olympus],USD,3.2,,,,,1.26582278,40.50632911,78,79,1.01282051,2026-07-01,2026-07-17
KR,1641083631350576,120246588486140106,🇰🇷_KR_54_[Olympus],USD,7.94,1,7.94,,,1.61290323,64.03225806,122,124,1.01639344,2026-07-01,2026-07-17
KR,1641083631350576,120246588486110106,🇰🇷_KR_54_[Olympus],USD,6.75,1,6.75,1,6.75,0.82644628,55.78512397,118,121,1.02542373,2026-07-01,2026-07-17
KR,1641083631350576,120246588486150106,🇰🇷_KR_54_[Olympus],USD,1.09,,,,,0,72.66666667,15,15,1,2026-07-01,2026-07-17
KR,1641083631350576,120246588486130106,🇰🇷_KR_54_[Olympus],USD,5.66,1,5.66,1,5.66,0.71428571,40.42857143,134,140,1.04477612,2026-07-01,2026-07-17
KR,1641083631350576,120246588485890106,🇰🇷_KR_54_[Olympus],USD,2,,,,,0,333.33333333,6,6,1,2026-07-01,2026-07-17
KR,1641083631350576,120246588485900106,🇰🇷_KR_54_[Olympus],USD,2.76,,,,,0,32.85714286,83,84,1.01204819,2026-07-01,2026-07-17
KR,1641083631350576,120246602034670106,🇰🇷_KR_54_[Olympus],USD,0.03,,,,,0,10,2,3,1.5,2026-07-01,2026-07-17
KR,1641083631350576,120246602034670106,🇰🇷_KR_55_[Olympus],USD,0.63,,,,,0,27.39130435,23,23,1,2026-07-01,2026-07-17
KR,1641083631350576,120246602412560106,🇰🇷_KR_54_[Olympus],USD,0.04,,,,,0,4.44444444,8,9,1.125,2026-07-01,2026-07-17
KR,1641083631350576,120246602412560106,🇰🇷_KR_55_[Olympus],USD,0.57,,,,,0,28.5,20,20,1,2026-07-01,2026-07-17
KR,1641083631350576,120246602415570106,🇰🇷_KR_54_[Olympus],USD,0.27,,,,,0,22.5,12,12,1,2026-07-01,2026-07-17
KR,1641083631350576,120246602415400106,🇰🇷_KR_54_[Olympus],USD,0.89,,,,,0,26.96969697,32,33,1.03125,2026-07-01,2026-07-17
KR,1641083631350576,120246602415390106,🇰🇷_KR_54_[Olympus],USD,0.49,,,,,0,20.41666667,24,24,1,2026-07-01,2026-07-17
KR,1641083631350576,120246602415680106,🇰🇷_KR_54_[Olympus],USD,0.87,,,,,0,20.23255814,42,43,1.02380952,2026-07-01,2026-07-17
KR,1641083631350576,120246602415690106,🇰🇷_KR_54_[Olympus],USD,0.15,,,,,0,15,10,10,1,2026-07-01,2026-07-17
KR,1641083631350576,120246602415650106,🇰🇷_KR_54_[Olympus],USD,2.49,,,,,0,43.68421053,57,57,1,2026-07-01,2026-07-17
KR,1641083631350576,120246602415700106,🇰🇷_KR_54_[Olympus],USD,0.15,,,,,0,18.75,8,8,1,2026-07-01,2026-07-17
KR,1641083631350576,120246602415410106,🇰🇷_KR_54_[Olympus],USD,0.14,,,,,0,10.76923077,13,13,1,2026-07-01,2026-07-17
KR,1641083631350576,120246602415390106,🇰🇷_KR_55_[Olympus],USD,0.99,,,,,0,31.93548387,31,31,1,2026-07-01,2026-07-17
KR,1641083631350576,120246602415690106,🇰🇷_KR_55_[Olympus],USD,0.29,,,,,0,19.33333333,14,15,1.07142857,2026-07-01,2026-07-17
KR,1641083631350576,120246602415680106,🇰🇷_KR_55_[Olympus],USD,0.11,,,,,0,13.75,8,8,1,2026-07-01,2026-07-17
KR,1641083631350576,120246602415410106,🇰🇷_KR_55_[Olympus],USD,0.74,,,,,0,370,2,2,1,2026-07-01,2026-07-17
KR,1641083631350576,120246602415570106,🇰🇷_KR_55_[Olympus],USD,0.41,,,,,0,41,10,10,1,2026-07-01,2026-07-17
KR,1641083631350576,120246602415700106,🇰🇷_KR_55_[Olympus],USD,0.88,,,,,0,35.2,25,25,1,2026-07-01,2026-07-17
KR,1548268670068192,120248627969470786,🇰🇷_KR_54_[Olympus],USD,8.28,,,,,1.25786164,52.0754717,158,159,1.00632911,2026-07-01,2026-07-17
KR,1548268670068192,120248628146590786,🇰🇷_KR_54_[Olympus],USD,0.57,,,,,0,71.25,7,8,1.14285714,2026-07-01,2026-07-17
KR,1548268670068192,120248628208630786,🇰🇷_KR_54_[Olympus],USD,10.06,,,,,0.90909091,45.72727273,211,220,1.04265403,2026-07-01,2026-07-17
KR,1548268670068192,120248628208570786,🇰🇷_KR_54_[Olympus],USD,5.7,,,,,0.60344828,4.9137931,983,1160,1.18006104,2026-07-01,2026-07-17
KR,1548268670068192,120248628208620786,🇰🇷_KR_54_[Olympus],USD,8.37,1,8.37,1,8.37,0.84033613,35.16806723,235,238,1.01276596,2026-07-01,2026-07-17
KR,1548268670068192,120248628208640786,🇰🇷_KR_54_[Olympus],USD,4.88,,,,,0.49019608,23.92156863,200,204,1.02,2026-07-01,2026-07-17
KR,1548268670068192,120248628208650786,🇰🇷_KR_54_[Olympus],USD,14.81,1,14.81,,,1.38888889,68.56481481,212,216,1.01886792,2026-07-01,2026-07-17
KR,1548268670068192,120248654323180786,🇰🇷_KR_54_[Olympus],USD,0.15,,,,,0,10.71428571,12,14,1.16666667,2026-07-01,2026-07-17
KR,1548268670068192,120248654323180786,🇰🇷_KR_55_[Olympus],USD,0.79,,,,,0,39.5,20,20,1,2026-07-01,2026-07-17
KR,1548268670068192,120248654845900786,🇰🇷_KR_55_[Olympus],USD,0.48,,,,,0,68.57142857,7,7,1,2026-07-01,2026-07-17
KR,1548268670068192,120248654847810786,🇰🇷_KR_54_[Olympus],USD,0.02,,,,,0,5,4,4,1,2026-07-01,2026-07-17
KR,1548268670068192,120248654848110786,🇰🇷_KR_54_[Olympus],USD,0.27,,,,,0,16.875,16,16,1,2026-07-01,2026-07-17
KR,1548268670068192,120248654848010786,🇰🇷_KR_54_[Olympus],USD,1.37,,,,,0,32.61904762,42,42,1,2026-07-01,2026-07-17
KR,1548268670068192,120248654847800786,🇰🇷_KR_55_[Olympus],USD,0.36,,,,,0,5.29411765,66,68,1.03030303,2026-07-01,2026-07-17
KR,1548268670068192,120248654848050786,🇰🇷_KR_54_[Olympus],USD,0.25,,,,,0,19.23076923,13,13,1,2026-07-01,2026-07-17
KR,1548268670068192,120248654847970786,🇰🇷_KR_54_[Olympus],USD,0.66,,,,,0,44,15,15,1,2026-07-01,2026-07-17
KR,1548268670068192,120248654847800786,🇰🇷_KR_54_[Olympus],USD,0.46,,,,,9.09090909,41.81818182,11,11,1,2026-07-01,2026-07-17
KR,1548268670068192,120248654848100786,🇰🇷_KR_54_[Olympus],USD,0.2,,,,,0,14.28571429,14,14,1,2026-07-01,2026-07-17
KR,1548268670068192,120248654848090786,🇰🇷_KR_55_[Olympus],USD,0.13,,,,,0,43.33333333,3,3,1,2026-07-01,2026-07-17
KR,1548268670068192,120248654848010786,🇰🇷_KR_55_[Olympus],USD,0.04,,,,,0,13.33333333,3,3,1,2026-07-01,2026-07-17
KR,1548268670068192,120248654848110786,🇰🇷_KR_55_[Olympus],USD,0.5,,,,,0,27.77777778,18,18,1,2026-07-01,2026-07-17
KR,1548268670068192,120248654848050786,🇰🇷_KR_55_[Olympus],USD,0.97,,,,,0,20.63829787,47,47,1,2026-07-01,2026-07-17
KR,1548268670068192,120248654847970786,🇰🇷_KR_55_[Olympus],USD,0.06,,,,,0,20,3,3,1,2026-07-01,2026-07-17
KR,1548268670068192,120248654847810786,🇰🇷_KR_55_[Olympus],USD,0.45,,,,,0,13.23529412,32,34,1.0625,2026-07-01,2026-07-17
KR,1548268670068192,120248654848100786,🇰🇷_KR_55_[Olympus],USD,1.09,,,,,0,33.03030303,33,33,1,2026-07-01,2026-07-17
KR,1085410707243238,120248839691630122,🇰🇷_KR_54_[Olympus],USD,1.15,,,,,0,143.75,8,8,1,2026-07-01,2026-07-17
KR,1085410707243238,120248839736320122,🇰🇷_KR_54_[Olympus],USD,7.86,,,,,0.3257329,25.60260586,292,307,1.05136986,2026-07-01,2026-07-17
KR,1085410707243238,120248839745760122,🇰🇷_KR_54_[Olympus],USD,8.85,,,,,0.89686099,39.68609865,210,223,1.06190476,2026-07-01,2026-07-17
KR,1085410707243238,120248839745770122,🇰🇷_KR_54_[Olympus],USD,5.6,1,5.6,,,1.28755365,24.03433476,217,233,1.07373272,2026-07-01,2026-07-17
KR,1085410707243238,120248839745710122,🇰🇷_KR_54_[Olympus],USD,9.65,,,,,0,53.02197802,179,182,1.01675978,2026-07-01,2026-07-17
KR,1085410707243238,120248839745740122,🇰🇷_KR_54_[Olympus],USD,10.56,,,,,0,40.15209125,251,263,1.04780876,2026-07-01,2026-07-17
KR,1085410707243238,120248839745700122,🇰🇷_KR_54_[Olympus],USD,6.25,1,6.25,,,0.92592593,28.93518519,205,216,1.05365854,2026-07-01,2026-07-17
KR,1085410707243238,120248861793390122,🇰🇷_KR_54_[Olympus],USD,0.18,,,,,0,30,6,6,1,2026-07-01,2026-07-17
KR,1085410707243238,120248861793390122,🇰🇷_KR_55_[Olympus],USD,0.59,,,,,0,19.03225806,27,31,1.14814815,2026-07-01,2026-07-17
KR,1085410707243238,120248862145890122,🇰🇷_KR_55_[Olympus],USD,0.24,,,,,0,40,6,6,1,2026-07-01,2026-07-17
KR,1085410707243238,120248862145890122,🇰🇷_KR_54_[Olympus],USD,0.51,,,,,0,6.4556962,76,79,1.03947368,2026-07-01,2026-07-17
KR,1085410707243238,120248862153230122,🇰🇷_KR_54_[Olympus],USD,0.89,,,,,0,148.33333333,6,6,1,2026-07-01,2026-07-17
KR,1085410707243238,120248862153330122,🇰🇷_KR_54_[Olympus],USD,0.04,,,,,0,8,5,5,1,2026-07-01,2026-07-17
KR,1085410707243238,120248862153300122,🇰🇷_KR_54_[Olympus],USD,0.2,,,,,0,18.18181818,11,11,1,2026-07-01,2026-07-17
KR,1085410707243238,120248862153320122,🇰🇷_KR_54_[Olympus],USD,0.79,,,,,6.25,49.375,16,16,1,2026-07-01,2026-07-17
KR,1085410707243238,120248862153370122,🇰🇷_KR_54_[Olympus],USD,0.36,,,,,2.38095238,8.57142857,41,42,1.02439024,2026-07-01,2026-07-17
KR,1085410707243238,120248862153360122,🇰🇷_KR_54_[Olympus],USD,0.33,,,,,0,6.6,45,50,1.11111111,2026-07-01,2026-07-17
KR,1085410707243238,120248862153300122,🇰🇷_KR_55_[Olympus],USD,0.35,,,,,0,17.5,20,20,1,2026-07-01,2026-07-17
KR,1085410707243238,120248862153330122,🇰🇷_KR_55_[Olympus],USD,0.76,,,,,0,47.5,15,16,1.06666667,2026-07-01,2026-07-17
KR,1085410707243238,120248862153320122,🇰🇷_KR_55_[Olympus],USD,0.11,,,,,4.34782609,4.7826087,20,23,1.15,2026-07-01,2026-07-17
KR,1085410707243238,120248862153070122,🇰🇷_KR_54_[Olympus],USD,0.3,,,,,0,42.85714286,7,7,1,2026-07-01,2026-07-17
KR,1085410707243238,120248862153370122,🇰🇷_KR_55_[Olympus],USD,0.15,,,,,0,16.66666667,8,9,1.125,2026-07-01,2026-07-17
KR,1085410707243238,120248862153230122,🇰🇷_KR_55_[Olympus],USD,0.41,,,,,0,41,10,10,1,2026-07-01,2026-07-17
KR,1085410707243238,120248862153360122,🇰🇷_KR_55_[Olympus],USD,0.13,,,,,0,26,5,5,1,2026-07-01,2026-07-17
KR,1085410707243238,120248862153350122,🇰🇷_KR_54_[Olympus],USD,0.33,,,,,0,66,4,5,1.25,2026-07-01,2026-07-17
KR,1085410707243238,120248862153350122,🇰🇷_KR_55_[Olympus],USD,0.59,,,,,0,29.5,20,20,1,2026-07-01,2026-07-17
KR,1085410707243238,120248862153070122,🇰🇷_KR_55_[Olympus],USD,0.68,,,,,0,56.66666667,12,12,1,2026-07-01,2026-07-17
KR,1002716982684382,120249289940130783,🇰🇷_KR_54_[Olympus],USD,1.64,,,,,1.49253731,12.23880597,128,134,1.046875,2026-07-01,2026-07-17
KR,1002716982684382,120249290724240783,🇰🇷_KR_54_[Olympus],USD,2.13,,,,,2.56410256,27.30769231,76,78,1.02631579,2026-07-01,2026-07-17
KR,1002716982684382,120249290724250783,🇰🇷_KR_54_[Olympus],USD,2.15,,,,,0,21.93877551,97,98,1.01030928,2026-07-01,2026-07-17
KR,1002716982684382,120249290724160783,🇰🇷_KR_54_[Olympus],USD,1.48,,,,,1.26582278,9.36708861,142,158,1.11267606,2026-07-01,2026-07-17
KR,1002716982684382,120249290724260783,🇰🇷_KR_54_[Olympus],USD,1.65,1,1.65,,,3.03030303,50,31,33,1.06451613,2026-07-01,2026-07-17
KR,1002716982684382,120249290724290783,🇰🇷_KR_54_[Olympus],USD,1.46,,,,,0,13.15315315,109,111,1.01834862,2026-07-01,2026-07-17
KR,1002716982684382,120249290724280783,🇰🇷_KR_54_[Olympus],USD,0.86,,,,,0,8.34951456,102,103,1.00980392,2026-07-01,2026-07-17
KR,1002716982684382,120249290724300783,🇰🇷_KR_54_[Olympus],USD,1.61,,,,,2.81690141,22.67605634,71,71,1,2026-07-01,2026-07-17
KR,1002716982684382,120249290724200783,🇰🇷_KR_54_[Olympus],USD,0.42,,,,,0,70,5,6,1.2,2026-07-01,2026-07-17
KR,1002716982684382,120249290724170783,🇰🇷_KR_54_[Olympus],USD,1.53,,,,,0.9009009,13.78378378,108,111,1.02777778,2026-07-01,2026-07-17
KR,1002716982684382,120249290724230783,🇰🇷_KR_54_[Olympus],USD,0.48,,,,,0,40,12,12,1,2026-07-01,2026-07-17
KR,1002716982684382,120249290724220783,🇰🇷_KR_54_[Olympus],USD,2.37,1,2.37,,,1.36986301,32.46575342,73,73,1,2026-07-01,2026-07-17
KR,1002716982684382,120249290724210783,🇰🇷_KR_54_[Olympus],USD,1.26,,,,,0.94339623,11.88679245,98,106,1.08163265,2026-07-01,2026-07-17
KR,1002716982684382,120249290724180783,🇰🇷_KR_54_[Olympus],USD,2.92,,,,,1.12359551,32.80898876,87,89,1.02298851,2026-07-01,2026-07-17
KR,1002716982684382,120249290724190783,🇰🇷_KR_54_[Olympus],USD,0.98,,,,,0,6.24203822,142,157,1.1056338,2026-07-01,2026-07-17
KR,2482129615638921,120250188904910551,🇰🇷_KR_54_[Olympus],USD,8.98,,,,,0,46.28865979,192,194,1.01041667,2026-07-01,2026-07-17
KR,2482129615638921,120250188946230551,🇰🇷_KR_54_[Olympus],USD,4.33,,,,,0.92807425,5.02320186,726,862,1.18732782,2026-07-01,2026-07-17
KR,2482129615638921,120250188948520551,🇰🇷_KR_54_[Olympus],USD,7.87,,,,,0,46.02339181,161,171,1.0621118,2026-07-01,2026-07-17
KR,2482129615638921,120250188948540551,🇰🇷_KR_54_[Olympus],USD,8.38,1,8.38,,,1.36986301,57.39726027,143,146,1.02097902,2026-07-01,2026-07-17
KR,2482129615638921,120250188948550551,🇰🇷_KR_54_[Olympus],USD,10.11,,,,,1.66666667,84.25,116,120,1.03448276,2026-07-01,2026-07-17
KR,2482129615638921,120250188948530551,🇰🇷_KR_54_[Olympus],USD,9.39,,,,,0,53.35227273,170,176,1.03529412,2026-07-01,2026-07-17
KR,2482129615638921,120250188948660551,🇰🇷_KR_54_[Olympus],USD,8.98,,,,,0,44.9,185,200,1.08108108,2026-07-01,2026-07-17
KR,2030701011138690,120254402813780670,🇰🇷_KR_54_[Olympus],USD,8.85,,,,,0,41.54929577,207,213,1.02898551,2026-07-01,2026-07-17
KR,2030701011138690,120254406021740670,🇰🇷_KR_54_[Olympus],USD,8.64,,,,,0.43859649,37.89473684,222,228,1.02702703,2026-07-01,2026-07-17
KR,2030701011138690,120254406032530670,🇰🇷_KR_54_[Olympus],USD,8.63,,,,,1.36363636,39.22727273,214,220,1.02803738,2026-07-01,2026-07-17
KR,2030701011138690,120254406032590670,🇰🇷_KR_54_[Olympus],USD,9.05,,,,,0,37.09016393,236,244,1.03389831,2026-07-01,2026-07-17
KR,2030701011138690,120254406032570670,🇰🇷_KR_54_[Olympus],USD,0.12,,,,,0,60,2,2,1,2026-07-01,2026-07-17
KR,2030701011138690,120254406032580670,🇰🇷_KR_54_[Olympus],USD,41.16,4,10.29,1,41.16,1.73724213,44.69055375,883,921,1.04303511,2026-07-01,2026-07-17
KR,2030701011138690,120254406032600670,🇰🇷_KR_54_[Olympus],USD,21.08,2,10.54,1,21.08,1.99115044,46.63716814,429,452,1.05361305,2026-07-01,2026-07-17
KR,2030701011138690,120254426441780670,🇰🇷_KR_54_[Olympus],USD,4.56,,,,,0.66225166,30.1986755,145,151,1.04137931,2026-07-01,2026-07-17
KR,2030701011138690,120254426448180670,🇰🇷_KR_54_[Olympus],USD,4.04,,,,,0.88235294,11.88235294,321,340,1.05919003,2026-07-01,2026-07-17
KR,2030701011138690,120254426448050670,🇰🇷_KR_54_[Olympus],USD,2.84,,,,,0,26.2962963,107,108,1.00934579,2026-07-01,2026-07-17
KR,2030701011138690,120254426448060670,🇰🇷_KR_54_[Olympus],USD,0.46,,,,,0,92,4,5,1.25,2026-07-01,2026-07-17
KR,2030701011138690,120254426447950670,🇰🇷_KR_54_[Olympus],USD,5.65,1,5.65,,,1.04166667,29.42708333,180,192,1.06666667,2026-07-01,2026-07-17
KR,2030701011138690,120254426448190670,🇰🇷_KR_54_[Olympus],USD,4.96,,,,,1.77304965,17.58865248,261,282,1.08045977,2026-07-01,2026-07-17
KR,2030701011138690,120254426448100670,🇰🇷_KR_54_[Olympus],USD,3.96,,,,,0,18.24884793,205,217,1.05853659,2026-07-01,2026-07-17
KR,2030701011138690,120254426447970670,🇰🇷_KR_54_[Olympus],USD,2.53,,,,,0.78740157,19.92125984,123,127,1.03252033,2026-07-01,2026-07-17
KR,2030701011138690,120254426447960670,🇰🇷_KR_54_[Olympus],USD,3.68,,,,,0.72463768,26.66666667,128,138,1.078125,2026-07-01,2026-07-17
KR,2030701011138690,120254426448070670,🇰🇷_KR_54_[Olympus],USD,3.5,,,,,1.26262626,8.83838384,343,396,1.15451895,2026-07-01,2026-07-17
KR,2030701011138690,120254440834010670,🇰🇷_KR_55_[Olympus],USD,0.18,,,,,0,9,20,20,1,2026-07-01,2026-07-17
KR,2030701011138690,120254441327950670,🇰🇷_KR_55_[Olympus],USD,0.79,,,,,0,46.47058824,17,17,1,2026-07-01,2026-07-17
KR,2030701011138690,120254441341310670,🇰🇷_KR_54_[Olympus],USD,0.8,,,,,0,17.39130435,46,46,1,2026-07-01,2026-07-17
KR,2030701011138690,120254441341210670,🇰🇷_KR_54_[Olympus],USD,0.53,,,,,0,48.18181818,10,11,1.1,2026-07-01,2026-07-17
KR,2030701011138690,120254441341320670,🇰🇷_KR_55_[Olympus],USD,0.3,,,,,0,23.07692308,13,13,1,2026-07-01,2026-07-17
KR,2030701011138690,120254441341290670,🇰🇷_KR_54_[Olympus],USD,0.12,,,,,0,20,6,6,1,2026-07-01,2026-07-17
KR,2030701011138690,120254441341010670,🇰🇷_KR_54_[Olympus],USD,1.12,,,,,0,65.88235294,16,17,1.0625,2026-07-01,2026-07-17
KR,2030701011138690,120254441341300670,🇰🇷_KR_55_[Olympus],USD,0.52,,,,,0,57.77777778,9,9,1,2026-07-01,2026-07-17
KR,2030701011138690,120254441341020670,🇰🇷_KR_55_[Olympus],USD,1.1,,,,,0,50,22,22,1,2026-07-01,2026-07-17
KR,2030701011138690,120254441341180670,🇰🇷_KR_55_[Olympus],USD,0.21,,,,,0,23.33333333,9,9,1,2026-07-01,2026-07-17
KR,967965326099992,52528784885462,🇰🇷_KR_54_[Olympus],USD,4.39,,,,,0,28.32258065,153,155,1.0130719,2026-07-01,2026-07-17
KR,967965326099992,52528785482262,🇰🇷_KR_54_[Olympus],USD,6.03,,,,,0.56497175,34.06779661,172,177,1.02906977,2026-07-01,2026-07-17
KR,967965326099992,52528785526462,🇰🇷_KR_54_[Olympus],USD,7.26,,,,,0,49.3877551,143,147,1.02797203,2026-07-01,2026-07-17
KR,967965326099992,52528785526662,🇰🇷_KR_54_[Olympus],USD,8.59,,,,,0,54.36708861,155,158,1.01935484,2026-07-01,2026-07-17
KR,967965326099992,52528785528062,🇰🇷_KR_54_[Olympus],USD,6.53,,,,,0,54.41666667,119,120,1.00840336,2026-07-01,2026-07-17
KR,967965326099992,52528785528462,🇰🇷_KR_54_[Olympus],USD,6.64,1,6.64,,,2.5477707,42.29299363,150,157,1.04666667,2026-07-01,2026-07-17
KR,967965326099992,52528785528262,🇰🇷_KR_54_[Olympus],USD,7.52,,,,,0,57.84615385,128,130,1.015625,2026-07-01,2026-07-17
KR,2158879451635825,52572504308393,🇰🇷_KR_54_[Olympus],USD,8.09,,,,,1.66666667,67.41666667,119,120,1.00840336,2026-07-01,2026-07-17
KR,2158879451635825,52572504941993,🇰🇷_KR_54_[Olympus],USD,2.86,,,,,0,357.5,8,8,1,2026-07-01,2026-07-17
KR,2158879451635825,52572505006593,🇰🇷_KR_54_[Olympus],USD,8.31,,,,,0,67.01612903,123,124,1.00813008,2026-07-01,2026-07-17
KR,2158879451635825,52572505007393,🇰🇷_KR_54_[Olympus],USD,5.61,,,,,0,45.6097561,121,123,1.01652893,2026-07-01,2026-07-17
KR,2158879451635825,52572505006993,🇰🇷_KR_54_[Olympus],USD,7.43,,,,,0,44.75903614,161,166,1.0310559,2026-07-01,2026-07-17
KR,2158879451635825,52572505005993,🇰🇷_KR_54_[Olympus],USD,0.53,,,,,0,58.88888889,9,9,1,2026-07-01,2026-07-17
KR,2158879451635825,52572505006793,🇰🇷_KR_54_[Olympus],USD,8.87,,,,,0.54945055,48.73626374,179,182,1.01675978,2026-07-01,2026-07-17
